{"stats":{"minecraft:killed_by":{"apollyon:the_damned":1,"antlers:wendigo":19,"antlers:wendigomad":1},"minecraft:mined":{"minecraft:oak_door":2,"minecraft:dark_oak_log":24,"cctvcraft:aluminum_ore":191,"minecraft:granite":24,"biomesoplenty:bush":1,"minecraft:acacia_log":26,"minecraft:grass_block":6,"minecraft:spruce_leaves":10,"biomesoplenty:dune_grass":3,"minecraft:hay_block":15,"minecraft:furnace":3,"minecraft:carrots":7,"biomesoplenty:toadstool":2,"minecraft:barrel":4,"minecraft:andesite":1,"biomesoplenty:sea_oats":8,"minecraft:mossy_stone_brick_stairs":1,"minecraft:potatoes":4,"minecraft:dirt_path":2,"minecraft:stone":237,"minecraft:white_wool":11,"minecraft:orange_bed":8,"minecraft:acacia_leaves":6,"minecraft:glass_pane":2,"minecraft:melon_stem":9,"minecraft:crafting_table":6,"minecraft:torch":3,"minecraft:chest":5,"minecraft:tall_grass":4,"minecraft:copper_ore":10,"minecraft:cobblestone":34,"minecraft:sugar_cane":1,"minecraft:oak_planks":9,"minecraft:wall_torch":22,"graveyard:oak_coffin":1,"minecraft:wheat":111,"minecraft:spruce_log":56,"antlers:bloody_pig":1,"minecraft:yellow_bed":1,"minecraft:grass":18,"minecraft:oak_log":2,"minecraft:coal_ore":64,"minecraft:beetroots":1,"minecraft:dirt":34,"minecraft:stone_bricks":2,"minecraft:mossy_stone_bricks":1},"minecraft:crafted":{"minecraft:furnace":1,"cctvcraft:aluminum_ingot":111,"minecraft:cooked_mutton":4,"minecraft:stone_pickaxe":4,"minecraft:chest":4,"minecraft:dark_oak_planks":56,"minecraft:stone_hoe":1,"minecraft:wheat":135,"minecraft:cooked_beef":1,"minecraft:crafting_table":3,"minecraft:wooden_pickaxe":1,"minecraft:stone_axe":1,"minecraft:bread":33,"minecraft:air":0,"minecraft:wooden_hoe":1,"minecraft:charcoal":18,"minecraft:stick":32,"minecraft:wooden_axe":1,"minecraft:acacia_planks":68,"minecraft:torch":8},"minecraft:used":{"minecraft:stone_sword":75,"minecraft:chest":5,"minecraft:orange_bed":9,"minecraft:torch":29,"minecraft:dirt":19,"minecraft:wooden_axe":69,"minecraft:barrel":2,"minecraft:furnace":3,"minecraft:cooked_beef":1,"minecraft:cooked_mutton":4,"minecraft:stone_pickaxe":539,"minecraft:oak_planks":2,"minecraft:wooden_pickaxe":42,"minecraft:crafting_table":8,"minecraft:blast_furnace":1,"minecraft:spruce_log":13,"minecraft:smoker":1,"minecraft:wooden_hoe":2,"minecraft:bread":8,"minecraft:stone_axe":152,"minecraft:cobblestone":254,"minecraft:oak_boat":1},"minecraft:picked_up":{"minecraft:wooden_axe":5,"minecraft:crafting_table":9,"minecraft:wheat":106,"minecraft:chicken":3,"minecraft:wooden_pickaxe":3,"minecraft:string":40,"minecraft:raw_copper":36,"minecraft:orange_glazed_terracotta":2,"minecraft:beetroot":6,"minecraft:beef":7,"minecraft:oak_boat":4,"minecraft:poppy":3,"minecraft:sugar_cane":3,"minecraft:chest":6,"minecraft:furnace":2,"minecraft:stick":18,"minecraft:oak_door":2,"minecraft:oak_fence":3,"minecraft:torch":170,"minecraft:acacia_log":50,"minecraft:carrot":58,"minecraft:orange_bed":12,"minecraft:stone_sword":6,"minecraft:rotten_flesh":7,"minecraft:stone_shovel":2,"minecraft:beetroot_seeds":6,"minecraft:hay_block":15,"minecraft:mutton":4,"minecraft:cobblestone":916,"minecraft:white_wool":17,"biomesoplenty:lavender":2,"minecraft:feather":2,"minecraft:andesite":12,"minecraft:leather":6,"minecraft:smoker":1,"minecraft:potato":58,"minecraft:oak_log":12,"minecraft:yellow_bed":3,"mca:book_romance":2,"minecraft:dirt":93,"minecraft:orange_terracotta":9,"minecraft:acacia_planks":29,"minecraft:apple":12,"minecraft:stone_bricks":1,"minecraft:wheat_seeds":181,"minecraft:stone_pickaxe":5,"minecraft:cooked_chicken":25,"minecraft:mossy_stone_bricks":1,"minecraft:mossy_stone_brick_stairs":1,"minecraft:acacia_sapling":2,"minecraft:stone_hoe":3,"minecraft:oak_planks":23,"cctvcraft:raw_aluminum":320,"biomesoplenty:toadstool":1,"minecraft:sand":54,"minecraft:blast_furnace":1,"minecraft:spruce_sapling":1,"minecraft:spruce_log":55,"minecraft:dark_oak_log":24,"minecraft:barrel":5,"born_in_chaos_v1:fire_dust":2,"minecraft:stone_axe":10,"minecraft:granite":31,"minecraft:bone_meal":9,"minecraft:bread":138,"minecraft:melon_seeds":16,"minecraft:coal":324},"minecraft:dropped":{"cctvcraft:raw_aluminum":4,"biomesoplenty:lavender":1,"minecraft:feather":1,"minecraft:cobblestone":61,"minecraft:granite":7,"minecraft:coal":28,"minecraft:orange_glazed_terracotta":1,"minecraft:torch":17,"minecraft:orange_bed":2,"minecraft:spruce_sapling":1,"minecraft:oak_door":1,"minecraft:stone_axe":1,"minecraft:sugar_cane":3,"minecraft:stone_sword":1,"minecraft:wheat":32,"minecraft:orange_terracotta":6,"minecraft:andesite":17,"minecraft:beetroot_seeds":1,"minecraft:mossy_stone_bricks":1,"minecraft:acacia_sapling":2,"minecraft:stone_bricks":1,"minecraft:wooden_pickaxe":1,"minecraft:stone_pickaxe":1},"minecraft:broken":{"minecraft:stone_pickaxe":4,"minecraft:stone_axe":1},"minecraft:killed":{"born_in_chaos_v1:thornshell_crab":1,"minecraft:horse":1,"minecraft:skeleton":1,"minecraft:chicken":3,"born_in_chaos_v1:firelight_not_despawn":2,"minecraft:sheep":2,"mca:male_villager":1,"minecraft:cow":4},"minecraft:custom":{"minecraft:mob_kills":15,"minecraft:animals_bred":2,"minecraft:interact_with_crafting_table":32,"minecraft:open_barrel":17,"minecraft:bell_ring":26,"minecraft:leave_game":2,"minecraft:time_since_death":3183,"minecraft:sprint_one_cm":168196,"minecraft:walk_one_cm":580152,"minecraft:drop":33,"minecraft:play_time":157886,"minecraft:deaths":22,"minecraft:sneak_time":2698,"minecraft:walk_under_water_one_cm":2354,"minecraft:jump":1515,"minecraft:walk_on_water_one_cm":10793,"minecraft:total_world_time":157886,"minecraft:interact_with_furnace":39,"minecraft:sleep_in_bed":7,"minecraft:time_since_rest":3209,"minecraft:damage_taken":5902,"minecraft:damage_dealt":1994,"minecraft:swim_one_cm":7034,"minecraft:fly_one_cm":130457,"minecraft:player_kills":1,"minecraft:open_chest":21,"minecraft:crouch_one_cm":5403,"minecraft:interact_with_smoker":5,"minecraft:fall_one_cm":25866}},"DataVersion":3465}