{"stats":{"minecraft:crafted":{"iceandfire:silver_axe":1,"minecraft:oak_planks":188,"iceandfire:silver_ingot":3,"minecraft:crafting_table":2,"minecraft:wooden_pickaxe":1,"minecraft:cooked_mutton":8,"minecraft:air":0,"minecraft:jungle_planks":24,"minecraft:stick":8,"minecraft:stone_pickaxe":1,"minecraft:wooden_axe":2,"minecraft:white_bed":1,"minecraft:torch":16},"minecraft:used":{"minecraft:cooked_mutton":9,"minecraft:mossy_stone_bricks":2,"minecraft:stone_pickaxe":81,"minecraft:oak_planks":23,"minecraft:wooden_pickaxe":22,"minecraft:cooked_chicken":4,"minecraft:torch":23,"minecraft:crafting_table":2,"minecraft:jungle_planks":6,"minecraft:white_bed":2,"iceandfire:silver_axe":119,"antlers:jerkey":1,"minecraft:wooden_axe":85,"minecraft:apple":1,"minecraft:jungle_log":4,"minecraft:basalt":28,"alexsmobs:banana":1,"alexsmobs:animal_dictionary":3,"minecraft:cooked_beef":5},"minecraft:dropped":{"iceandfire:silver_axe":2,"born_in_chaos_v1:ethereal_spirit":2,"minecraft:cooked_mutton":1,"gravestone:obituary":9,"minecraft:bone":1},"minecraft:killed":{"naturalist:rattlesnake":1,"undead_revamp2:thehunter":1,"alexsmobs:seagull":1,"born_in_chaos_v1:thornshell_crab":1,"minecraft:sheep":3,"alexsmobs:leafcutter_ant":1,"minecraft:chicken":2,"endofherobrine:sheep":2,"alexsmobs:flying_fish":1,"undead_revamp2:sucker":1,"minecraft:cow":5},"minecraft:broken":{"minecraft:golden_leggings":1},"minecraft:picked_up":{"iceandfire:silver_axe":2,"minecraft:cocoa_beans":12,"minecraft:magma_block":34,"minecraft:coarse_dirt":7,"minecraft:feather":1,"minecraft:basalt":28,"minecraft:chicken":3,"minecraft:ladder":17,"minecraft:jungle_log":217,"iceandfire:fire_lily":2,"minecraft:leather":12,"minecraft:golden_leggings":1,"minecraft:wither_rose":1,"minecraft:flint":1,"minecraft:oak_log":80,"gravestone:obituary":7,"minecraft:dirt":1,"minecraft:flint_and_steel":2,"minecraft:cooked_mutton":2,"minecraft:bone":6,"minecraft:stone_bricks":1,"minecraft:apple":3,"minecraft:wheat_seeds":2,"biomesoplenty:black_sand":1,"alexsmobs:banana":3,"minecraft:beef":13,"minecraft:stone_pickaxe":1,"minecraft:mossy_stone_bricks":2,"minecraft:jungle_sapling":12,"minecraft:iron_nugget":8,"minecraft:sugar_cane":9,"minecraft:oak_planks":1,"alexsmobs:leafcutter_ant_chamber":5,"minecraft:egg":1,"minecraft:dark_oak_sapling":1,"minecraft:stick":24,"minecraft:smooth_basalt":1,"minecraft:oak_door":2,"minecraft:torch":13,"born_in_chaos_v1:ethereal_spirit":2,"minecraft:spruce_stairs":3,"minecraft:gravel":5,"minecraft:fire_charge":1,"minecraft:jungle_planks":14,"minecraft:white_bed":1,"minecraft:dark_oak_log":3,"minecraft:jungle_slab":1,"biomesoplenty:mahogany_log":26,"minecraft:arrow":2,"minecraft:rotten_flesh":3,"minecraft:slime_ball":1,"biomesoplenty:mahogany_sapling":12,"born_in_chaos_v1:spiny_shell":2,"minecraft:mangrove_roots":9,"minecraft:glistering_melon_slice":5,"born_in_chaos_v1:rotten_fish":2,"antlers:jerkey":10,"minecraft:oak_sapling":61,"minecraft:mutton":7,"minecraft:coal":21,"iceandfire:raw_silver":3,"minecraft:white_wool":3,"minecraft:cobblestone":65},"minecraft:mined":{"iceandfire:silver_ore":3,"minecraft:dark_oak_leaves":2,"minecraft:jungle_leaves":1,"minecraft:dark_oak_log":3,"biomesoplenty:black_sand":1,"minecraft:torch":6,"gravestone:gravestone":7,"minecraft:grass_block":1,"minecraft:jungle_planks":10,"minecraft:jungle_log":2,"alexsmobs:leafcutter_ant_chamber":7,"minecraft:cobblestone":4,"minecraft:sugar_cane":5,"minecraft:oak_planks":1,"minecraft:wall_torch":1,"minecraft:spruce_stairs":3,"minecraft:coarse_dirt":6,"minecraft:fire":14,"treechop:chopped_log":13,"minecraft:grass":3,"minecraft:oak_log":4,"minecraft:coal_ore":21,"minecraft:vine":7,"minecraft:gravel":4,"minecraft:stone_bricks":1,"minecraft:stone":59,"minecraft:mossy_stone_bricks":2,"minecraft:fern":4},"minecraft:custom":{"minecraft:interact_with_furnace":15,"minecraft:mob_kills":19,"minecraft:interact_with_crafting_table":18,"minecraft:damage_dealt_resisted":22,"minecraft:leave_game":4,"minecraft:time_since_death":2636,"minecraft:sleep_in_bed":4,"minecraft:climb_one_cm":23064,"minecraft:time_since_rest":2667,"minecraft:sprint_one_cm":168375,"minecraft:damage_taken":103698,"minecraft:walk_one_cm":386833,"minecraft:drop":15,"minecraft:damage_dealt":2369,"minecraft:swim_one_cm":10763,"minecraft:fly_one_cm":132444,"minecraft:player_kills":1,"minecraft:open_chest":32,"minecraft:crouch_one_cm":11336,"minecraft:play_time":116139,"minecraft:sneak_time":5609,"minecraft:deaths":8,"minecraft:walk_under_water_one_cm":3410,"minecraft:jump":1269,"minecraft:walk_on_water_one_cm":3570,"minecraft:total_world_time":116139,"minecraft:fall_one_cm":47798},"minecraft:killed_by":{"minecraft:player":1,"alexsmobs:leafcutter_ant":1,"antlers:wendigo":1,"alexsmobs:bison":2,"undead_revamp2:clogger":1}},"DataVersion":3465}