{"stats":{"minecraft:custom":{"minecraft:mob_kills":34,"minecraft:interact_with_crafting_table":28,"minecraft:open_barrel":2,"minecraft:damage_dealt_resisted":22,"minecraft:leave_game":5,"minecraft:time_since_death":10258,"minecraft:climb_one_cm":31527,"minecraft:sprint_one_cm":275173,"minecraft:walk_one_cm":626648,"minecraft:drop":75,"minecraft:play_time":209463,"minecraft:sneak_time":9529,"minecraft:deaths":14,"minecraft:walk_under_water_one_cm":5665,"minecraft:jump":2134,"minecraft:walk_on_water_one_cm":7578,"minecraft:total_world_time":209463,"minecraft:interact_with_furnace":41,"minecraft:sleep_in_bed":6,"minecraft:time_since_rest":10296,"minecraft:damage_taken":106389,"minecraft:damage_dealt":4562,"minecraft:swim_one_cm":24119,"minecraft:player_kills":1,"minecraft:fly_one_cm":211583,"minecraft:open_chest":35,"minecraft:crouch_one_cm":17301,"minecraft:fall_one_cm":69790},"minecraft:picked_up":{"minecraft:cocoa_beans":12,"minecraft:coarse_dirt":7,"minecraft:ladder":17,"minecraft:chicken":3,"iceandfire:fire_lily":2,"minecraft:stone_slab":1,"minecraft:brown_bed":4,"minecraft:wither_rose":1,"gravestone:obituary":10,"alexsmobs:gazelle_horn":1,"minecraft:raw_copper":33,"minecraft:flint_and_steel":2,"alexsmobs:emu_feather":2,"biomesoplenty:black_sand":1,"alexsmobs:banana":3,"minecraft:spruce_planks":2,"minecraft:beef":13,"minecraft:jungle_sapling":12,"minecraft:iron_nugget":8,"minecraft:sugar_cane":9,"alexsmobs:leafcutter_ant_chamber":5,"minecraft:egg":1,"minecraft:dark_oak_sapling":1,"minecraft:stick":84,"minecraft:oak_door":2,"minecraft:torch":57,"minecraft:spruce_stairs":3,"minecraft:fire_charge":1,"minecraft:dark_oak_planks":4,"minecraft:arrow":2,"minecraft:rotten_flesh":7,"minecraft:stone_shovel":1,"biomesoplenty:mahogany_sapling":12,"minecraft:mangrove_roots":9,"alexsmobs:emu_egg":1,"born_in_chaos_v1:spiny_shell":2,"minecraft:glistering_melon_slice":5,"antlers:jerkey":10,"minecraft:mutton":7,"minecraft:white_wool":3,"minecraft:cobblestone":475,"iceandfire:silver_axe":2,"born_in_chaos_v1:corpse_maggot":1,"minecraft:magma_block":34,"minecraft:feather":3,"minecraft:basalt":28,"minecraft:jungle_log":217,"minecraft:leather":12,"minecraft:golden_leggings":1,"minecraft:flint":2,"minecraft:oak_log":80,"minecraft:dirt":64,"minecraft:cooked_mutton":2,"minecraft:bone":7,"minecraft:apple":3,"minecraft:stone_bricks":1,"minecraft:wheat_seeds":2,"minecraft:stone_pickaxe":1,"minecraft:mossy_stone_bricks":2,"minecraft:oak_planks":1,"cctvcraft:raw_aluminum":3,"minecraft:smooth_basalt":1,"born_in_chaos_v1:ethereal_spirit":2,"minecraft:gravel":24,"minecraft:jungle_planks":14,"minecraft:white_bed":4,"minecraft:dark_oak_log":3,"minecraft:jungle_slab":1,"biomesoplenty:mahogany_log":26,"minecraft:slime_ball":1,"minecraft:granite":5,"alexsmobs:maggot":1,"minecraft:oak_sapling":61,"born_in_chaos_v1:rotten_fish":2,"minecraft:coal":42,"iceandfire:raw_silver":5},"minecraft:broken":{"minecraft:golden_leggings":1,"minecraft:stone_pickaxe":5},"minecraft:dropped":{"cctvcraft:raw_aluminum":3,"iceandfire:silver_axe":2,"minecraft:cobblestone":43,"minecraft:apple":1,"minecraft:stick":12,"gravestone:obituary":17,"minecraft:dark_oak_planks":2,"minecraft:bone":2,"minecraft:gravel":19,"alexsmobs:maggot":1,"born_in_chaos_v1:ethereal_spirit":2,"minecraft:rotten_flesh":3,"minecraft:cooked_mutton":1,"minecraft:spruce_planks":2,"born_in_chaos_v1:corpse_maggot":1},"minecraft:killed_by":{"minecraft:player":1,"alexsmobs:leafcutter_ant":1,"alexsmobs:bison":3,"iceandfire:stymphalian_bird":4,"undead_revamp2:clogger":1,"man:managgresive":1,"antlers:wendigo":1},"minecraft:crafted":{"minecraft:oak_planks":188,"minecraft:furnace":4,"iceandfire:armor_copper_metal_leggings":1,"iceandfire:armor_copper_metal_helmet":1,"minecraft:cooked_mutton":8,"iceandfire:armor_copper_metal_boots":1,"antlers:jerkey":3,"minecraft:stone_pickaxe":6,"iceandfire:armor_copper_metal_chestplate":1,"iceandfire:silver_axe":1,"iceandfire:silver_ingot":5,"minecraft:crafting_table":4,"minecraft:wooden_pickaxe":1,"minecraft:copper_ingot":24,"minecraft:air":0,"minecraft:jungle_planks":84,"minecraft:stick":100,"minecraft:iron_pickaxe":1,"minecraft:wooden_axe":2,"minecraft:white_bed":1,"minecraft:torch":116},"minecraft:killed":{"naturalist:zebra":1,"naturalist:lion":1,"naturalist:rattlesnake":1,"undead_revamp2:thehunter":1,"alexsmobs:seagull":1,"born_in_chaos_v1:thornshell_crab":1,"born_in_chaos_v1:maggot":1,"alexsmobs:leafcutter_ant":1,"minecraft:chicken":2,"minecraft:silverfish":2,"undead_revamp2:sucker":1,"alexsmobs:flying_fish":1,"born_in_chaos_v1:decrepit_skeleton":1,"alexsmobs:emu":1,"minecraft:sheep":3,"alexsmobs:gazelle":4,"endofherobrine:sheep":2,"minecraft:cow":5},"minecraft:used":{"minecraft:stone_shovel":47,"minecraft:cooked_chicken":4,"minecraft:torch":124,"minecraft:jungle_planks":12,"minecraft:granite":1,"minecraft:wooden_axe":85,"minecraft:jungle_log":5,"minecraft:basalt":28,"minecraft:furnace":4,"alexsmobs:banana":2,"minecraft:cooked_beef":5,"minecraft:brown_bed":4,"minecraft:cooked_mutton":9,"minecraft:mossy_stone_bricks":2,"minecraft:stone_pickaxe":763,"minecraft:oak_planks":23,"minecraft:wooden_pickaxe":22,"minecraft:crafting_table":4,"minecraft:white_bed":5,"iceandfire:silver_axe":178,"antlers:jerkey":10,"minecraft:apple":1,"minecraft:iron_pickaxe":17,"minecraft:cobblestone":172,"alexsmobs:animal_dictionary":3},"minecraft:mined":{"minecraft:dark_oak_planks":2,"minecraft:spruce_planks":2,"minecraft:white_bed":3,"iceandfire:silver_ore":5,"minecraft:dark_oak_leaves":2,"minecraft:jungle_leaves":1,"biomesoplenty:desert_grass":1,"minecraft:dark_oak_log":3,"minecraft:glow_lichen":1,"gravestone:gravestone":11,"minecraft:granite":5,"minecraft:grass_block":13,"minecraft:jungle_planks":10,"minecraft:jungle_log":2,"alexsmobs:leafcutter_ant_chamber":7,"minecraft:fire":14,"treechop:chopped_log":13,"minecraft:brown_bed":4,"minecraft:vine":7,"minecraft:stone":620,"biomesoplenty:black_sand":1,"minecraft:torch":23,"minecraft:stone_slab":2,"minecraft:copper_ore":10,"minecraft:cobblestone":48,"minecraft:sugar_cane":5,"minecraft:oak_planks":1,"minecraft:wall_torch":28,"minecraft:spruce_stairs":3,"minecraft:coarse_dirt":6,"minecraft:mud":5,"minecraft:muddy_mangrove_roots":2,"minecraft:grass":13,"minecraft:oak_log":4,"minecraft:coal_ore":41,"minecraft:gravel":18,"minecraft:dirt":106,"minecraft:stone_bricks":1,"minecraft:mossy_stone_bricks":2,"minecraft:infested_stone":1,"minecraft:fern":4}},"DataVersion":3465}