{"stats":{"minecraft:custom":{"minecraft:interact_with_furnace":38,"minecraft:mob_kills":13,"minecraft:interact_with_crafting_table":25,"minecraft:open_barrel":5,"minecraft:bell_ring":26,"minecraft:time_since_death":94206,"minecraft:sleep_in_bed":5,"minecraft:time_since_rest":37496,"minecraft:sprint_one_cm":97672,"minecraft:damage_taken":708,"minecraft:walk_one_cm":388772,"minecraft:drop":20,"minecraft:damage_dealt":1331,"minecraft:swim_one_cm":390,"minecraft:fly_one_cm":48059,"minecraft:player_kills":1,"minecraft:open_chest":6,"minecraft:crouch_one_cm":4385,"minecraft:play_time":98692,"minecraft:deaths":1,"minecraft:sneak_time":1882,"minecraft:walk_under_water_one_cm":1315,"minecraft:jump":922,"minecraft:walk_on_water_one_cm":8220,"minecraft:total_world_time":98692,"minecraft:fall_one_cm":12451},"minecraft:dropped":{"minecraft:sugar_cane":3,"cctvcraft:raw_aluminum":4,"biomesoplenty:lavender":1,"minecraft:feather":1,"minecraft:cobblestone":61,"minecraft:granite":7,"minecraft:coal":28,"minecraft:orange_glazed_terracotta":1,"minecraft:torch":12,"minecraft:orange_terracotta":6,"minecraft:beetroot_seeds":1,"minecraft:andesite":9,"minecraft:acacia_sapling":2,"minecraft:wooden_pickaxe":1,"minecraft:stone_pickaxe":1,"minecraft:orange_bed":2},"minecraft:picked_up":{"biomesoplenty:lavender":2,"minecraft:crafting_table":5,"minecraft:feather":2,"minecraft:chicken":3,"minecraft:andesite":12,"minecraft:leather":4,"minecraft:wooden_pickaxe":2,"mca:book_romance":2,"minecraft:dirt":67,"minecraft:raw_copper":36,"minecraft:orange_terracotta":9,"minecraft:orange_glazed_terracotta":2,"minecraft:acacia_planks":29,"minecraft:wheat_seeds":124,"minecraft:beef":7,"minecraft:stone_pickaxe":1,"minecraft:cooked_chicken":5,"minecraft:chest":4,"minecraft:sugar_cane":3,"minecraft:acacia_sapling":2,"minecraft:oak_planks":3,"cctvcraft:raw_aluminum":320,"minecraft:furnace":2,"minecraft:stick":2,"minecraft:torch":38,"minecraft:acacia_log":27,"minecraft:blast_furnace":1,"minecraft:spruce_log":52,"minecraft:dark_oak_log":24,"minecraft:barrel":5,"minecraft:orange_bed":9,"minecraft:stone_sword":1,"born_in_chaos_v1:fire_dust":2,"minecraft:granite":31,"minecraft:bread":29,"minecraft:melon_seeds":16,"minecraft:mutton":4,"minecraft:coal":59,"minecraft:white_wool":17,"minecraft:cobblestone":539},"minecraft:mined":{"minecraft:acacia_leaves":6,"minecraft:melon_stem":9,"minecraft:dark_oak_log":24,"minecraft:crafting_table":5,"cctvcraft:aluminum_ore":191,"minecraft:granite":24,"biomesoplenty:bush":1,"minecraft:acacia_log":26,"minecraft:grass_block":5,"minecraft:chest":4,"minecraft:copper_ore":10,"minecraft:tall_grass":4,"minecraft:cobblestone":11,"minecraft:oak_planks":3,"minecraft:sugar_cane":1,"minecraft:wall_torch":19,"minecraft:furnace":2,"minecraft:wheat":96,"minecraft:barrel":4,"minecraft:spruce_log":53,"minecraft:andesite":1,"antlers:bloody_pig":1,"minecraft:grass":16,"minecraft:coal_ore":63,"minecraft:dirt_path":2,"minecraft:dirt":31,"minecraft:stone":237,"minecraft:white_wool":11,"minecraft:orange_bed":5},"minecraft:crafted":{"minecraft:cooked_beef":1,"minecraft:crafting_table":1,"minecraft:wooden_pickaxe":1,"minecraft:furnace":1,"cctvcraft:aluminum_ingot":111,"minecraft:stone_axe":1,"minecraft:cooked_mutton":4,"minecraft:air":0,"minecraft:wooden_hoe":1,"minecraft:charcoal":18,"minecraft:stick":32,"minecraft:stone_pickaxe":4,"minecraft:wooden_axe":1,"minecraft:chest":4,"minecraft:acacia_planks":68,"minecraft:dark_oak_planks":56,"minecraft:torch":8},"minecraft:broken":{"minecraft:stone_pickaxe":4,"minecraft:stone_axe":1},"minecraft:used":{"minecraft:cooked_mutton":4,"minecraft:stone_sword":60,"minecraft:stone_pickaxe":528,"minecraft:chest":5,"minecraft:wooden_pickaxe":18,"minecraft:orange_bed":5,"minecraft:torch":21,"minecraft:dirt":18,"minecraft:crafting_table":5,"minecraft:blast_furnace":1,"minecraft:spruce_log":10,"minecraft:wooden_axe":18,"minecraft:wooden_hoe":2,"minecraft:bread":3,"minecraft:barrel":2,"minecraft:stone_axe":150,"minecraft:cobblestone":134,"minecraft:furnace":2,"minecraft:cooked_beef":1},"minecraft:killed":{"born_in_chaos_v1:thornshell_crab":1,"minecraft:sheep":2,"minecraft:skeleton":1,"minecraft:chicken":3,"born_in_chaos_v1:firelight_not_despawn":2,"minecraft:cow":4}},"DataVersion":3465}