{"stats":{"minecraft:killed_by":{"apollyon:the_damned":1,"antlers:wendigo":2},"minecraft:mined":{"minecraft:oak_door":2,"minecraft:dark_oak_log":24,"cctvcraft:aluminum_ore":191,"minecraft:granite":24,"biomesoplenty:bush":1,"minecraft:acacia_log":26,"minecraft:grass_block":6,"minecraft:spruce_leaves":10,"biomesoplenty:dune_grass":1,"minecraft:hay_block":15,"minecraft:furnace":3,"biomesoplenty:toadstool":2,"minecraft:barrel":4,"minecraft:andesite":1,"biomesoplenty:sea_oats":3,"minecraft:mossy_stone_brick_stairs":1,"minecraft:dirt_path":2,"minecraft:stone":237,"minecraft:white_wool":11,"minecraft:orange_bed":6,"minecraft:acacia_leaves":6,"minecraft:glass_pane":1,"minecraft:melon_stem":9,"minecraft:crafting_table":5,"minecraft:torch":3,"minecraft:chest":5,"minecraft:tall_grass":4,"minecraft:copper_ore":10,"minecraft:cobblestone":15,"minecraft:sugar_cane":1,"minecraft:oak_planks":7,"minecraft:wall_torch":21,"graveyard:oak_coffin":1,"minecraft:wheat":96,"minecraft:spruce_log":56,"antlers:bloody_pig":1,"minecraft:yellow_bed":1,"minecraft:grass":18,"minecraft:coal_ore":64,"minecraft:dirt":31,"minecraft:stone_bricks":2,"minecraft:mossy_stone_bricks":1},"minecraft:crafted":{"minecraft:furnace":1,"cctvcraft:aluminum_ingot":111,"minecraft:cooked_mutton":4,"minecraft:stone_pickaxe":4,"minecraft:chest":4,"minecraft:dark_oak_planks":56,"minecraft:wheat":135,"minecraft:cooked_beef":1,"minecraft:crafting_table":2,"minecraft:wooden_pickaxe":1,"minecraft:stone_axe":1,"minecraft:bread":33,"minecraft:air":0,"minecraft:wooden_hoe":1,"minecraft:charcoal":18,"minecraft:stick":32,"minecraft:wooden_axe":1,"minecraft:acacia_planks":68,"minecraft:torch":8},"minecraft:used":{"minecraft:stone_sword":69,"minecraft:chest":5,"minecraft:orange_bed":9,"minecraft:torch":26,"minecraft:dirt":18,"minecraft:wooden_axe":37,"minecraft:barrel":2,"minecraft:furnace":3,"minecraft:cooked_beef":1,"minecraft:cooked_mutton":4,"minecraft:stone_pickaxe":528,"minecraft:oak_planks":2,"minecraft:wooden_pickaxe":29,"minecraft:crafting_table":7,"minecraft:blast_furnace":1,"minecraft:spruce_log":13,"minecraft:smoker":1,"minecraft:wooden_hoe":2,"minecraft:bread":8,"minecraft:stone_axe":150,"minecraft:cobblestone":165,"minecraft:oak_boat":1},"minecraft:picked_up":{"minecraft:crafting_table":5,"minecraft:chicken":3,"minecraft:wooden_pickaxe":2,"minecraft:raw_copper":36,"minecraft:orange_glazed_terracotta":2,"minecraft:beef":7,"minecraft:oak_boat":1,"minecraft:sugar_cane":3,"minecraft:chest":6,"minecraft:furnace":2,"minecraft:stick":2,"minecraft:oak_door":2,"minecraft:torch":42,"minecraft:acacia_log":27,"minecraft:orange_bed":10,"minecraft:stone_sword":2,"minecraft:hay_block":15,"minecraft:mutton":4,"minecraft:cobblestone":645,"minecraft:white_wool":17,"biomesoplenty:lavender":2,"minecraft:feather":2,"minecraft:andesite":12,"minecraft:leather":4,"minecraft:smoker":1,"minecraft:potato":2,"minecraft:oak_log":1,"minecraft:yellow_bed":1,"mca:book_romance":2,"minecraft:dirt":68,"minecraft:orange_terracotta":9,"minecraft:acacia_planks":29,"minecraft:apple":2,"minecraft:stone_bricks":1,"minecraft:wheat_seeds":127,"minecraft:stone_pickaxe":1,"minecraft:cooked_chicken":10,"minecraft:mossy_stone_bricks":1,"cctvcraft:raw_aluminum":320,"minecraft:mossy_stone_brick_stairs":1,"minecraft:oak_planks":6,"minecraft:acacia_sapling":2,"biomesoplenty:toadstool":1,"minecraft:blast_furnace":1,"minecraft:spruce_sapling":1,"minecraft:spruce_log":55,"minecraft:dark_oak_log":24,"minecraft:barrel":5,"born_in_chaos_v1:fire_dust":2,"minecraft:granite":31,"minecraft:bone_meal":9,"minecraft:bread":76,"minecraft:melon_seeds":16,"minecraft:coal":114},"minecraft:dropped":{"cctvcraft:raw_aluminum":4,"biomesoplenty:lavender":1,"minecraft:feather":1,"minecraft:cobblestone":61,"minecraft:granite":7,"minecraft:coal":28,"minecraft:orange_glazed_terracotta":1,"minecraft:torch":12,"minecraft:orange_bed":2,"minecraft:spruce_sapling":1,"minecraft:oak_door":1,"minecraft:sugar_cane":3,"minecraft:stone_sword":1,"minecraft:wheat":32,"minecraft:orange_terracotta":6,"minecraft:andesite":17,"minecraft:beetroot_seeds":1,"minecraft:mossy_stone_bricks":1,"minecraft:acacia_sapling":2,"minecraft:stone_bricks":1,"minecraft:stone_pickaxe":1,"minecraft:wooden_pickaxe":1},"minecraft:broken":{"minecraft:stone_pickaxe":4,"minecraft:stone_axe":1},"minecraft:killed":{"born_in_chaos_v1:thornshell_crab":1,"minecraft:skeleton":1,"minecraft:chicken":3,"born_in_chaos_v1:firelight_not_despawn":2,"minecraft:sheep":2,"minecraft:cow":4},"minecraft:custom":{"minecraft:mob_kills":13,"minecraft:interact_with_crafting_table":29,"minecraft:open_barrel":10,"minecraft:bell_ring":26,"minecraft:leave_game":1,"minecraft:time_since_death":25822,"minecraft:sprint_one_cm":141358,"minecraft:walk_one_cm":493244,"minecraft:drop":27,"minecraft:play_time":134958,"minecraft:deaths":4,"minecraft:sneak_time":2518,"minecraft:walk_under_water_one_cm":2354,"minecraft:jump":1336,"minecraft:walk_on_water_one_cm":10251,"minecraft:total_world_time":134958,"minecraft:interact_with_furnace":39,"minecraft:sleep_in_bed":7,"minecraft:time_since_rest":12204,"minecraft:damage_taken":1572,"minecraft:damage_dealt":1567,"minecraft:swim_one_cm":7034,"minecraft:fly_one_cm":106877,"minecraft:player_kills":1,"minecraft:open_chest":14,"minecraft:crouch_one_cm":5019,"minecraft:interact_with_smoker":2,"minecraft:fall_one_cm":22646}},"DataVersion":3465}