{"stats":{"minecraft:crafted":{"iceandfire:silver_axe":1,"minecraft:oak_planks":188,"iceandfire:silver_ingot":3,"minecraft:crafting_table":3,"minecraft:wooden_pickaxe":1,"minecraft:cooked_mutton":8,"minecraft:air":0,"minecraft:jungle_planks":24,"minecraft:stick":36,"minecraft:iron_pickaxe":1,"minecraft:stone_pickaxe":3,"minecraft:wooden_axe":2,"minecraft:white_bed":1,"minecraft:torch":52},"minecraft:used":{"minecraft:cooked_mutton":9,"minecraft:mossy_stone_bricks":2,"minecraft:stone_shovel":14,"minecraft:stone_pickaxe":195,"minecraft:oak_planks":23,"minecraft:wooden_pickaxe":22,"minecraft:cooked_chicken":4,"minecraft:torch":46,"minecraft:crafting_table":3,"minecraft:jungle_planks":12,"minecraft:white_bed":5,"iceandfire:silver_axe":141,"antlers:jerkey":6,"minecraft:wooden_axe":85,"minecraft:apple":1,"minecraft:iron_pickaxe":10,"minecraft:jungle_log":5,"minecraft:cobblestone":13,"minecraft:basalt":28,"alexsmobs:banana":1,"alexsmobs:animal_dictionary":3,"minecraft:cooked_beef":5},"minecraft:dropped":{"alexsmobs:maggot":1,"iceandfire:silver_axe":2,"born_in_chaos_v1:ethereal_spirit":2,"minecraft:cooked_mutton":1,"born_in_chaos_v1:corpse_maggot":1,"gravestone:obituary":12,"minecraft:bone":1},"minecraft:killed":{"naturalist:rattlesnake":1,"undead_revamp2:thehunter":1,"alexsmobs:seagull":1,"born_in_chaos_v1:thornshell_crab":1,"born_in_chaos_v1:maggot":1,"minecraft:sheep":3,"alexsmobs:leafcutter_ant":1,"minecraft:chicken":2,"endofherobrine:sheep":2,"alexsmobs:flying_fish":1,"undead_revamp2:sucker":1,"minecraft:cow":5},"minecraft:broken":{"minecraft:stone_pickaxe":1,"minecraft:golden_leggings":1},"minecraft:picked_up":{"iceandfire:silver_axe":2,"born_in_chaos_v1:corpse_maggot":1,"minecraft:cocoa_beans":12,"minecraft:magma_block":34,"minecraft:coarse_dirt":7,"minecraft:feather":3,"minecraft:basalt":28,"minecraft:chicken":3,"minecraft:ladder":17,"minecraft:jungle_log":217,"iceandfire:fire_lily":2,"minecraft:leather":12,"minecraft:golden_leggings":1,"minecraft:wither_rose":1,"minecraft:flint":1,"minecraft:oak_log":80,"gravestone:obituary":8,"minecraft:dirt":62,"minecraft:flint_and_steel":2,"minecraft:cooked_mutton":2,"minecraft:bone":6,"minecraft:stone_bricks":1,"minecraft:apple":3,"minecraft:wheat_seeds":2,"biomesoplenty:black_sand":1,"alexsmobs:banana":3,"minecraft:spruce_planks":2,"minecraft:beef":13,"minecraft:stone_pickaxe":1,"minecraft:mossy_stone_bricks":2,"minecraft:jungle_sapling":12,"minecraft:iron_nugget":8,"minecraft:sugar_cane":9,"minecraft:oak_planks":1,"alexsmobs:leafcutter_ant_chamber":5,"minecraft:egg":1,"minecraft:dark_oak_sapling":1,"minecraft:stick":24,"minecraft:smooth_basalt":1,"minecraft:oak_door":2,"minecraft:torch":19,"born_in_chaos_v1:ethereal_spirit":2,"minecraft:spruce_stairs":3,"minecraft:gravel":5,"minecraft:fire_charge":1,"minecraft:jungle_planks":14,"minecraft:white_bed":4,"minecraft:dark_oak_log":3,"minecraft:jungle_slab":1,"minecraft:dark_oak_planks":2,"minecraft:stone_shovel":1,"biomesoplenty:mahogany_log":26,"minecraft:arrow":2,"minecraft:rotten_flesh":4,"minecraft:slime_ball":1,"biomesoplenty:mahogany_sapling":12,"alexsmobs:maggot":1,"born_in_chaos_v1:spiny_shell":2,"minecraft:mangrove_roots":9,"minecraft:glistering_melon_slice":5,"born_in_chaos_v1:rotten_fish":2,"antlers:jerkey":10,"minecraft:oak_sapling":61,"minecraft:mutton":7,"minecraft:coal":39,"iceandfire:raw_silver":3,"minecraft:white_wool":3,"minecraft:cobblestone":166},"minecraft:mined":{"minecraft:spruce_planks":2,"minecraft:white_bed":3,"iceandfire:silver_ore":3,"minecraft:dark_oak_leaves":2,"minecraft:jungle_leaves":1,"minecraft:dark_oak_log":3,"biomesoplenty:black_sand":1,"minecraft:glow_lichen":1,"minecraft:torch":6,"gravestone:gravestone":8,"minecraft:grass_block":9,"minecraft:jungle_planks":10,"minecraft:jungle_log":2,"alexsmobs:leafcutter_ant_chamber":7,"minecraft:cobblestone":4,"minecraft:sugar_cane":5,"minecraft:oak_planks":1,"minecraft:wall_torch":6,"minecraft:spruce_stairs":3,"minecraft:coarse_dirt":6,"minecraft:fire":14,"treechop:chopped_log":13,"minecraft:grass":7,"minecraft:oak_log":4,"minecraft:coal_ore":39,"minecraft:vine":7,"minecraft:gravel":4,"minecraft:dirt":79,"minecraft:stone_bricks":1,"minecraft:stone":158,"minecraft:mossy_stone_bricks":2,"minecraft:fern":4,"minecraft:dark_oak_planks":2},"minecraft:custom":{"minecraft:interact_with_furnace":15,"minecraft:mob_kills":24,"minecraft:interact_with_crafting_table":20,"minecraft:open_barrel":2,"minecraft:damage_dealt_resisted":22,"minecraft:leave_game":4,"minecraft:time_since_death":14505,"minecraft:sleep_in_bed":6,"minecraft:climb_one_cm":31527,"minecraft:time_since_rest":6736,"minecraft:sprint_one_cm":200588,"minecraft:damage_taken":104648,"minecraft:walk_one_cm":470526,"minecraft:drop":20,"minecraft:damage_dealt":3058,"minecraft:swim_one_cm":15300,"minecraft:fly_one_cm":163820,"minecraft:player_kills":1,"minecraft:open_chest":34,"minecraft:crouch_one_cm":12071,"minecraft:play_time":140139,"minecraft:sneak_time":6716,"minecraft:deaths":9,"minecraft:walk_under_water_one_cm":5287,"minecraft:jump":1621,"minecraft:walk_on_water_one_cm":6004,"minecraft:total_world_time":140139,"minecraft:fall_one_cm":56782},"minecraft:killed_by":{"minecraft:player":1,"alexsmobs:leafcutter_ant":1,"antlers:wendigo":1,"alexsmobs:bison":3,"undead_revamp2:clogger":1}},"DataVersion":3465}