{"stats":{"minecraft:killed_by":{"apollyon:the_damned":1,"antlers:wendigo":2},"minecraft:custom":{"minecraft:interact_with_furnace":38,"minecraft:mob_kills":13,"minecraft:interact_with_crafting_table":25,"minecraft:open_barrel":5,"minecraft:bell_ring":26,"minecraft:time_since_death":1556,"minecraft:sleep_in_bed":5,"minecraft:time_since_rest":1590,"minecraft:sprint_one_cm":127311,"minecraft:damage_taken":1548,"minecraft:walk_one_cm":433673,"minecraft:drop":25,"minecraft:damage_dealt":1341,"minecraft:swim_one_cm":7034,"minecraft:fly_one_cm":96322,"minecraft:player_kills":1,"minecraft:open_chest":6,"minecraft:crouch_one_cm":4443,"minecraft:play_time":110692,"minecraft:deaths":4,"minecraft:sneak_time":1943,"minecraft:walk_under_water_one_cm":2354,"minecraft:jump":1147,"minecraft:walk_on_water_one_cm":9587,"minecraft:total_world_time":110692,"minecraft:fall_one_cm":20186},"minecraft:dropped":{"minecraft:sugar_cane":3,"cctvcraft:raw_aluminum":4,"biomesoplenty:lavender":1,"minecraft:feather":1,"minecraft:cobblestone":61,"minecraft:granite":7,"minecraft:coal":28,"minecraft:orange_glazed_terracotta":1,"minecraft:torch":12,"minecraft:orange_terracotta":6,"minecraft:beetroot_seeds":1,"minecraft:andesite":17,"minecraft:mossy_stone_bricks":1,"minecraft:acacia_sapling":2,"minecraft:stone_bricks":1,"minecraft:wooden_pickaxe":1,"minecraft:stone_pickaxe":1,"minecraft:orange_bed":2,"minecraft:spruce_sapling":1,"minecraft:oak_door":1},"minecraft:picked_up":{"biomesoplenty:lavender":2,"minecraft:crafting_table":5,"minecraft:feather":2,"minecraft:chicken":3,"minecraft:andesite":12,"minecraft:leather":4,"minecraft:wooden_pickaxe":2,"mca:book_romance":2,"minecraft:dirt":67,"minecraft:raw_copper":36,"minecraft:orange_terracotta":9,"minecraft:orange_glazed_terracotta":2,"minecraft:acacia_planks":29,"minecraft:stone_bricks":1,"minecraft:wheat_seeds":126,"minecraft:beef":7,"minecraft:stone_pickaxe":1,"minecraft:cooked_chicken":5,"minecraft:mossy_stone_bricks":1,"minecraft:mossy_stone_brick_stairs":1,"minecraft:chest":4,"minecraft:sugar_cane":3,"minecraft:acacia_sapling":2,"minecraft:oak_planks":3,"cctvcraft:raw_aluminum":320,"minecraft:furnace":2,"minecraft:stick":2,"minecraft:oak_door":2,"minecraft:torch":42,"minecraft:acacia_log":27,"minecraft:spruce_sapling":1,"minecraft:blast_furnace":1,"minecraft:spruce_log":55,"minecraft:dark_oak_log":24,"minecraft:barrel":5,"minecraft:orange_bed":9,"minecraft:stone_sword":1,"born_in_chaos_v1:fire_dust":2,"minecraft:granite":31,"minecraft:bone_meal":9,"minecraft:bread":29,"minecraft:melon_seeds":16,"minecraft:mutton":4,"minecraft:coal":72,"minecraft:white_wool":17,"minecraft:cobblestone":547},"minecraft:mined":{"minecraft:acacia_leaves":6,"minecraft:glass_pane":1,"minecraft:oak_door":2,"minecraft:melon_stem":9,"minecraft:dark_oak_log":24,"minecraft:torch":3,"minecraft:crafting_table":5,"cctvcraft:aluminum_ore":191,"minecraft:granite":24,"biomesoplenty:bush":1,"minecraft:acacia_log":26,"minecraft:grass_block":5,"minecraft:chest":4,"minecraft:copper_ore":10,"minecraft:tall_grass":4,"minecraft:cobblestone":12,"minecraft:spruce_leaves":8,"minecraft:oak_planks":3,"minecraft:sugar_cane":1,"minecraft:wall_torch":20,"graveyard:oak_coffin":1,"minecraft:furnace":2,"minecraft:wheat":96,"minecraft:barrel":4,"minecraft:spruce_log":56,"minecraft:andesite":1,"antlers:bloody_pig":1,"minecraft:mossy_stone_brick_stairs":1,"minecraft:grass":16,"minecraft:coal_ore":64,"minecraft:dirt_path":2,"minecraft:dirt":31,"minecraft:stone_bricks":2,"minecraft:stone":237,"minecraft:mossy_stone_bricks":1,"minecraft:white_wool":11,"minecraft:orange_bed":5},"minecraft:crafted":{"minecraft:cooked_beef":1,"minecraft:crafting_table":1,"minecraft:wooden_pickaxe":1,"minecraft:furnace":1,"cctvcraft:aluminum_ingot":111,"minecraft:stone_axe":1,"minecraft:cooked_mutton":4,"minecraft:air":0,"minecraft:wooden_hoe":1,"minecraft:charcoal":18,"minecraft:stick":32,"minecraft:stone_pickaxe":4,"minecraft:wooden_axe":1,"minecraft:chest":4,"minecraft:acacia_planks":68,"minecraft:dark_oak_planks":56,"minecraft:torch":8},"minecraft:broken":{"minecraft:stone_pickaxe":4,"minecraft:stone_axe":1},"minecraft:used":{"minecraft:cooked_mutton":4,"minecraft:stone_sword":63,"minecraft:stone_pickaxe":528,"minecraft:chest":5,"minecraft:wooden_pickaxe":25,"minecraft:orange_bed":7,"minecraft:torch":24,"minecraft:dirt":18,"minecraft:crafting_table":5,"minecraft:blast_furnace":1,"minecraft:spruce_log":13,"minecraft:wooden_axe":21,"minecraft:wooden_hoe":2,"minecraft:bread":5,"minecraft:barrel":2,"minecraft:stone_axe":150,"minecraft:cobblestone":155,"minecraft:furnace":2,"minecraft:cooked_beef":1},"minecraft:killed":{"born_in_chaos_v1:thornshell_crab":1,"minecraft:sheep":2,"minecraft:skeleton":1,"minecraft:chicken":3,"born_in_chaos_v1:firelight_not_despawn":2,"minecraft:cow":4}},"DataVersion":3465}