{"stats":{"minecraft:custom":{"minecraft:mob_kills":47,"minecraft:interact_with_crafting_table":34,"minecraft:open_barrel":5,"minecraft:damage_dealt_resisted":157,"minecraft:leave_game":8,"minecraft:time_since_death":12902,"minecraft:climb_one_cm":32318,"minecraft:sprint_one_cm":423956,"minecraft:walk_one_cm":806121,"minecraft:drop":220,"minecraft:play_time":289134,"minecraft:sneak_time":9947,"minecraft:deaths":38,"minecraft:walk_under_water_one_cm":24220,"minecraft:boat_one_cm":83426,"minecraft:jump":2998,"minecraft:walk_on_water_one_cm":30289,"minecraft:total_world_time":289134,"minecraft:interact_with_furnace":53,"minecraft:sleep_in_bed":7,"minecraft:time_since_rest":12935,"minecraft:waystone_activated":1,"minecraft:damage_taken":112910,"minecraft:damage_dealt":6388,"minecraft:swim_one_cm":59714,"minecraft:player_kills":1,"minecraft:fly_one_cm":342900,"minecraft:open_chest":45,"minecraft:crouch_one_cm":17570,"minecraft:fall_one_cm":92664},"minecraft:picked_up":{"minecraft:cocoa_beans":12,"minecraft:coarse_dirt":7,"minecraft:ladder":17,"minecraft:chicken":3,"iceandfire:fire_lily":2,"minecraft:stone_slab":1,"minecraft:brown_bed":4,"minecraft:wither_rose":1,"gravestone:obituary":21,"minecraft:string":5,"alexsmobs:gazelle_horn":1,"minecraft:raw_copper":33,"minecraft:flint_and_steel":2,"minecraft:pufferfish":1,"alexsmobs:emu_feather":2,"biomesoplenty:black_sand":1,"alexsmobs:banana":3,"minecraft:spruce_planks":2,"minecraft:beef":13,"minecraft:jungle_sapling":12,"minecraft:iron_nugget":8,"minecraft:sugar_cane":9,"alexsmobs:leafcutter_ant_chamber":5,"minecraft:egg":1,"minecraft:dark_oak_sapling":1,"minecraft:stick":84,"minecraft:oak_door":2,"minecraft:torch":70,"minecraft:spruce_stairs":3,"sophisticatedbackpacks:backpack":1,"minecraft:fire_charge":1,"born_in_chaos_v1:pieceofdarkmetal":1,"minecraft:dark_oak_planks":4,"minecraft:cactus":2,"minecraft:arrow":2,"minecraft:rotten_flesh":9,"minecraft:stone_shovel":1,"biomesoplenty:mahogany_sapling":12,"minecraft:hay_block":16,"minecraft:mangrove_roots":9,"alexsmobs:emu_egg":1,"born_in_chaos_v1:spiny_shell":2,"minecraft:glistering_melon_slice":5,"antlers:jerkey":14,"minecraft:mutton":9,"minecraft:bone_block":19,"minecraft:white_wool":3,"minecraft:cobblestone":671,"iceandfire:silver_axe":2,"born_in_chaos_v1:corpse_maggot":1,"minecraft:magma_block":34,"minecraft:feather":3,"minecraft:basalt":28,"minecraft:jungle_log":217,"minecraft:leather":12,"minecraft:golden_leggings":1,"minecraft:flint":3,"minecraft:oak_log":80,"minecraft:yellow_bed":3,"minecraft:dirt":96,"naturalist:bass":16,"minecraft:cooked_mutton":2,"minecraft:bone":7,"minecraft:apple":3,"minecraft:stone_bricks":1,"minecraft:wheat_seeds":3,"minecraft:stone_pickaxe":1,"minecraft:mossy_stone_bricks":2,"minecraft:bamboo":16,"minecraft:oak_planks":1,"cctvcraft:raw_aluminum":3,"minecraft:smooth_basalt":1,"born_in_chaos_v1:ethereal_spirit":2,"minecraft:gravel":24,"minecraft:jungle_planks":14,"minecraft:white_bed":4,"minecraft:jungle_slab":1,"minecraft:dark_oak_log":3,"biomesoplenty:mahogany_log":26,"minecraft:slime_ball":1,"minecraft:granite":5,"minecraft:gray_wool":1,"minecraft:bread":3,"alexsmobs:maggot":1,"minecraft:oak_sapling":61,"born_in_chaos_v1:rotten_fish":2,"minecraft:coal":142,"iceandfire:raw_silver":13},"minecraft:broken":{"minecraft:golden_leggings":1,"minecraft:stone_pickaxe":6,"iceandfire:armor_copper_metal_helmet":1},"minecraft:dropped":{"iceandfire:raw_silver":1,"cctvcraft:raw_aluminum":3,"iceandfire:silver_axe":2,"minecraft:dark_oak_sapling":1,"minecraft:cobblestone":204,"minecraft:apple":1,"antlers:jerkey":1,"minecraft:flint":1,"minecraft:stick":12,"minecraft:dirt":3,"naturalist:bass":8,"minecraft:mutton":1,"minecraft:jungle_sapling":10,"gravestone:obituary":42,"minecraft:cactus":2,"minecraft:string":5,"minecraft:dark_oak_planks":4,"minecraft:bone":2,"minecraft:gravel":19,"alexsmobs:maggot":1,"alexsmobs:gazelle_horn":1,"born_in_chaos_v1:ethereal_spirit":2,"born_in_chaos_v1:rotten_fish":2,"minecraft:rotten_flesh":5,"minecraft:stone_slab":1,"minecraft:cooked_mutton":1,"minecraft:spruce_planks":2,"born_in_chaos_v1:corpse_maggot":1,"minecraft:wooden_pickaxe":1},"minecraft:killed_by":{"minecraft:player":1,"born_in_chaos_v1:restless_spirit":1,"alexsmobs:leafcutter_ant":1,"alexsmobs:bison":3,"iceandfire:stymphalian_bird":4,"undead_revamp2:clogger":1,"man:managgresive":1,"antlers:wendigo":23,"iceandfire:fire_dragon":1},"minecraft:crafted":{"minecraft:oak_planks":188,"minecraft:furnace":6,"iceandfire:armor_copper_metal_leggings":1,"minecraft:bone_meal":171,"naturalist:cooked_bass":10,"minecraft:cooked_mutton":8,"iceandfire:armor_copper_metal_helmet":1,"iceandfire:armor_copper_metal_boots":1,"antlers:jerkey":3,"minecraft:stone_pickaxe":6,"iceandfire:armor_copper_metal_chestplate":1,"iceandfire:silver_axe":1,"iceandfire:silver_ingot":12,"minecraft:crafting_table":6,"minecraft:jungle_boat":1,"minecraft:wooden_pickaxe":1,"minecraft:copper_ingot":24,"minecraft:air":0,"minecraft:jungle_planks":84,"minecraft:stick":100,"minecraft:iron_pickaxe":1,"minecraft:wooden_axe":2,"minecraft:white_bed":1,"minecraft:torch":116,"iceandfire:silver_sword":1},"minecraft:killed":{"naturalist:zebra":1,"naturalist:lion":1,"naturalist:rattlesnake":1,"born_in_chaos_v1:mr_pumpkin":2,"undead_revamp2:thehunter":1,"alexsmobs:seagull":1,"naturalist:tortoise":1,"born_in_chaos_v1:thornshell_crab":1,"born_in_chaos_v1:maggot":1,"minecraft:skeleton":1,"alexsmobs:leafcutter_ant":1,"minecraft:chicken":2,"naturalist:bass":4,"minecraft:silverfish":2,"undead_revamp2:sucker":1,"alexsmobs:flying_fish":1,"born_in_chaos_v1:spirit_guide_assistant":1,"born_in_chaos_v1:decrepit_skeleton":1,"alexsmobs:emu":1,"minecraft:sheep":4,"minecraft:zombie":1,"naturalist:catfish":1,"born_in_chaos_v1:corpse_fly":1,"alexsmobs:gazelle":4,"endofherobrine:sheep":2,"minecraft:cow":5},"minecraft:used":{"iceandfire:silver_sword":8,"minecraft:stone_shovel":47,"minecraft:cooked_chicken":4,"minecraft:torch":163,"minecraft:dirt":4,"minecraft:jungle_planks":12,"naturalist:cooked_bass":6,"minecraft:granite":1,"minecraft:wooden_axe":85,"minecraft:jungle_log":5,"minecraft:bamboo":1,"minecraft:basalt":28,"minecraft:furnace":6,"alexsmobs:banana":2,"minecraft:cooked_beef":5,"minecraft:brown_bed":4,"naturalist:bass":5,"minecraft:cooked_mutton":9,"minecraft:mossy_stone_bricks":2,"minecraft:stone_pickaxe":826,"minecraft:oak_planks":23,"minecraft:wooden_pickaxe":22,"minecraft:jungle_boat":1,"minecraft:crafting_table":6,"minecraft:white_bed":5,"iceandfire:silver_axe":230,"antlers:jerkey":14,"minecraft:apple":1,"minecraft:bread":2,"minecraft:iron_pickaxe":188,"minecraft:cobblestone":187,"minecraft:yellow_bed":3,"alexsmobs:animal_dictionary":3},"minecraft:mined":{"minecraft:dark_oak_planks":2,"minecraft:spruce_planks":2,"minecraft:white_bed":3,"iceandfire:silver_ore":12,"minecraft:mossy_cobblestone":1,"minecraft:dark_oak_leaves":2,"minecraft:jungle_leaves":1,"biomesoplenty:desert_grass":1,"minecraft:dark_oak_log":3,"cctvcraft:aluminum_ore":9,"minecraft:glow_lichen":1,"gravestone:gravestone":35,"minecraft:granite":5,"biomesoplenty:bush":1,"minecraft:grass_block":22,"minecraft:jungle_planks":10,"minecraft:jungle_log":2,"alexsmobs:leafcutter_ant_chamber":7,"minecraft:hay_block":16,"minecraft:iron_ore":2,"minecraft:fire":14,"treechop:chopped_log":13,"minecraft:brown_bed":4,"minecraft:vine":9,"minecraft:bamboo":2,"minecraft:stone":682,"minecraft:bone_block":17,"minecraft:glass_pane":2,"biomesoplenty:black_sand":1,"minecraft:torch":23,"minecraft:dead_bush":2,"minecraft:stone_slab":2,"minecraft:copper_ore":10,"minecraft:cobblestone":60,"minecraft:sugar_cane":5,"minecraft:oak_planks":1,"minecraft:wall_torch":40,"minecraft:spruce_stairs":3,"minecraft:cactus":1,"minecraft:coarse_dirt":6,"minecraft:mud":5,"born_in_chaos_v1:river_mint":1,"minecraft:mangrove_leaves":2,"minecraft:yellow_bed":3,"minecraft:muddy_mangrove_roots":2,"minecraft:grass":18,"minecraft:oak_log":4,"minecraft:coal_ore":143,"minecraft:sand":2,"minecraft:gravel":18,"minecraft:dirt":116,"minecraft:cobweb":5,"minecraft:stone_bricks":1,"minecraft:mossy_stone_bricks":2,"minecraft:oak_leaves":1,"minecraft:infested_stone":1,"minecraft:fern":4}},"DataVersion":3465}