{"stats":{"minecraft:dropped":{"regions_unexplored:fireweed":2,"minecraft:porkchop":2,"minecraft:wheat_seeds":4,"storageracks:oak_wood_corner":22,"minecraft:cobblestone":5,"regions_unexplored:willow_sapling":25,"regions_unexplored:silver_birch_sapling":14,"minecraft:leather":4,"iceandfire:ectoplasm":1,"minecraft:copper_ingot":1,"regions_unexplored:daisy":1,"minecraft:dirt":14,"minecraft:milk_bucket":2,"iceandfire:pixie_jar_empty":1,"immersive_armors:wooden_leggings":1,"minecraft:brown_wool":3,"regions_unexplored:willow_planks":2,"immersive_armors:wooden_chestplate":1,"minecraft:bucket":1,"minecraft:white_wool":1,"minecraft:dandelion":26,"minecraft:gold_ingot":1,"minecraft:stone_axe":1,"comforts:sleeping_bag_red":1,"minecraft:sugar_cane":10,"regions_unexplored:blue_magnolia_sapling":3,"minecraft:stone_sword":1,"minecraft:light_gray_wool":1,"regions_unexplored:hyssop":42,"minecraft:cooked_mutton":5,"patchouli:guide_book":2,"minecraft:filled_map":3,"regions_unexplored:willow_log":64,"minecraft:oak_sapling":9,"touhou_little_maid:smart_slab_has_maid":1,"doggytalents:rice_grains":4,"immersive_armors:wooden_helmet":1,"iceandfire:manuscript":2},"minecraft:mined":{"iceandfire:silver_ore":2,"regions_unexplored:blue_lupine":5,"iceandfire:copper_pile":1,"regions_unexplored:pink_lupine":2,"minecraft:ladder":1,"minecraft:allium":19,"minecraft:grass_block":12,"regions_unexplored:poppy_bush":1,"minecraft:oxeye_daisy":2,"minecraft:hay_block":2,"farmersdelight:wild_onions":10,"minecraft:furnace":1,"regions_unexplored:waratah":4,"regions_unexplored:mossy_stone":3,"treechop:chopped_log":15,"minecraft:azure_bluet":1,"vegandelight:wild_soybean":4,"crittersandcompanions:silk_cocoon":1,"regions_unexplored:medium_grass":51,"minecraft:stone":431,"minecraft:white_tulip":9,"regions_unexplored:silt_grass_block":1,"minecraft:white_wool":2,"storageracks:oak_wood_corner":1,"iceandfire:pixie_jar_empty":1,"minecraft:red_bed":4,"regions_unexplored:red_lupine":1,"regions_unexplored:silver_birch_leaf_pile":2,"regions_unexplored:white_magnolia_leaves":4,"minecraft:dandelion":12,"minecraft:torch":14,"minecraft:crafting_table":3,"minecraft:cornflower":5,"minecraft:poppy":1,"regions_unexplored:silt_dirt":1,"minecraft:chest":2,"minecraft:rose_bush":1,"minecraft:tall_grass":4,"minecraft:cobblestone":1,"regions_unexplored:meadow_sage":1,"regions_unexplored:daisy":14,"minecraft:sugar_cane":4,"minecraft:wall_torch":15,"regions_unexplored:tsubaki":4,"minecraft:birch_planks":1,"regions_unexplored:hyssop":53,"minecraft:orange_tulip":3,"minecraft:grass":309,"minecraft:sunflower":13,"minecraft:dirt":76,"regions_unexplored:fireweed":27,"minecraft:fern":5},"minecraft:custom":{"minecraft:mob_kills":52,"minecraft:interact_with_crafting_table":47,"minecraft:damage_dealt_resisted":109,"minecraft:leave_game":2,"minecraft:time_since_death":44,"minecraft:climb_one_cm":27146,"minecraft:sprint_one_cm":170412,"minecraft:walk_one_cm":592526,"minecraft:drop":95,"minecraft:play_time":175724,"minecraft:deaths":8,"minecraft:sneak_time":873,"minecraft:walk_under_water_one_cm":1848,"minecraft:jump":2694,"minecraft:walk_on_water_one_cm":5124,"minecraft:total_world_time":175724,"minecraft:interact_with_furnace":35,"minecraft:sleep_in_bed":12,"minecraft:time_since_rest":77,"minecraft:waystone_activated":2,"minecraft:damage_taken":3766,"minecraft:damage_absorbed":231,"minecraft:trigger_trapped_chest":1,"minecraft:damage_dealt":7920,"minecraft:player_kills":1,"minecraft:swim_one_cm":5844,"minecraft:fly_one_cm":543329,"minecraft:open_chest":79,"minecraft:crouch_one_cm":1607,"minecraft:interact_with_smoker":7,"minecraft:fall_one_cm":79266},"minecraft:crafted":{"comforts:sleeping_bag_red":1,"storageracks:oak_wood_corner":8,"minecraft:oak_planks":96,"comforts:sleeping_bag_white":1,"minecraft:furnace":1,"minecraft:stone":80,"minecraft:cooked_mutton":9,"immersive_armors:wooden_chestplate":2,"minecraft:ladder":18,"doggytalents:giant_stick":1,"minecraft:stone_pickaxe":6,"minecraft:chest":11,"regions_unexplored:willow_planks":104,"immersive_armors:wooden_helmet":2,"regions_unexplored:magnolia_planks":4,"minecraft:wheat":18,"minecraft:cooked_beef":8,"minecraft:red_dye":1,"minecraft:cooked_porkchop":4,"minecraft:crafting_table":3,"minecraft:wooden_pickaxe":1,"immersive_armors:wooden_leggings":2,"minecraft:birch_planks":20,"minecraft:stone_axe":1,"minecraft:bread":20,"minecraft:air":0,"immersive_armors:wooden_boots":2,"minecraft:charcoal":29,"minecraft:stick":52,"minecraft:wooden_axe":1,"minecraft:stone_sword":9,"minecraft:torch":48,"regions_unexplored:willow_trapdoor":2},"minecraft:broken":{"minecraft:wooden_pickaxe":1,"minecraft:stone_pickaxe":3,"minecraft:stone_axe":1,"minecraft:wooden_axe":1},"minecraft:killed_by":{"minecraft:husk":1,"minecraft:player":2,"minecraft:bee":1},"minecraft:killed":{"hordes:zombie_player":1,"minecraft:spider":3,"minecraft:vindicator":1,"born_in_chaos_v1:maggot":4,"minecraft:bee":3,"minecraft:chicken":2,"minecraft:drowned":2,"minecraft:husk":11,"minecraft:pig":7,"born_in_chaos_v1:swarmer":1,"minecraft:sheep":8,"minecraft:zombie":1,"iceandfire:ghost":1,"born_in_chaos_v1:corpse_fly":2,"minecraft:cow":5},"minecraft:picked_up":{"minecraft:charcoal":5,"minecraft:crafting_table":3,"minecraft:wheat":101,"minecraft:allium":39,"minecraft:chicken":2,"minecraft:ladder":1,"regions_unexplored:magnolia_log":14,"regions_unexplored:silt_dirt":5,"minecraft:cornflower":3,"iceandfire:manuscript":4,"minecraft:string":15,"minecraft:red_bed":4,"regions_unexplored:poppy_bush":1,"minecraft:gold_nugget":2,"comforts:sleeping_bag_white":4,"minecraft:beef":11,"minecraft:white_tulip":9,"immersive_armors:wooden_leggings":5,"minecraft:cobblestone_slab":1,"minecraft:iron_nugget":2,"minecraft:light_gray_wool":3,"minecraft:sugar_cane":30,"minecraft:chest":2,"crittersandcompanions:clam":5,"minecraft:furnace":1,"minecraft:egg":1,"vegandelight:soybean":4,"minecraft:raw_iron":2,"minecraft:stick":84,"regions_unexplored:silver_birch_leaf_pile":5,"minecraft:oak_door":4,"minecraft:copper_ingot":2,"minecraft:oak_fence":1,"minecraft:torch":118,"regions_unexplored:blue_lupine":4,"minecraft:porkchop":20,"minecraft:stone_button":9,"regions_unexplored:daisy":14,"minecraft:stone_sword":16,"immersive_armors:wooden_helmet":3,"minecraft:rotten_flesh":31,"regions_unexplored:tsubaki":4,"minecraft:pumpkin_pie":3,"farmersdelight:onion":10,"regions_unexplored:blue_magnolia_sapling":3,"minecraft:hay_block":2,"crittersandcompanions:silk":8,"comforts:sleeping_bag_red":8,"minecraft:cod":3,"touhou_little_maid:smart_slab_has_maid":2,"gnumus:gnumus_chickpeas":3,"minecraft:white_terracotta":1,"regions_unexplored:willow_planks":22,"gnumus:mouse_skin":8,"minecraft:mutton":12,"minecraft:white_wool":12,"minecraft:cobblestone":583,"born_in_chaos_v1:corpse_maggot":14,"minecraft:feather":8,"minecraft:cooked_beef":3,"minecraft:brown_wool":5,"minecraft:leather":17,"minecraft:filled_map":2,"minecraft:birch_planks":21,"doggytalents:rice_grains":53,"minecraft:oak_log":19,"regions_unexplored:red_lupine":1,"iceandfire:ectoplasm":1,"mca:book_romance":2,"minecraft:dirt":169,"minecraft:paper":1,"regions_unexplored:small_oak_sapling":1,"doggytalents:giant_stick":1,"regions_unexplored:waratah":4,"minecraft:cooked_mutton":16,"minecraft:bone":14,"minecraft:apple":1,"iceandfire:pixie_jar_empty":1,"minecraft:wheat_seeds":218,"minecraft:orange_tulip":3,"minecraft:stone_pickaxe":7,"storageracks:oak_wood_corner":15,"minecraft:rabbit":3,"minecraft:oak_planks":19,"regions_unexplored:silver_birch_sapling":10,"iceandfire:copper_nugget":4,"minecraft:milk_bucket":3,"minecraft:cooked_porkchop":10,"regions_unexplored:willow_sapling":100,"patchouli:guide_book":2,"touhou_little_maid:smart_slab_empty":2,"iceandfire:ash":2,"minecraft:dandelion":28,"minecraft:mossy_cobblestone":3,"regions_unexplored:pink_lupine":2,"alexsmobs:animal_dictionary":1,"minecraft:leather_helmet":5,"regions_unexplored:hyssop":44,"regions_unexplored:fireweed":27,"minecraft:stone_axe":2,"gnumus:gnumus_clay":1,"immersive_armors:wooden_chestplate":4,"regions_unexplored:silver_birch_log":39,"regions_unexplored:willow_log":161,"minecraft:bread":31,"minecraft:oak_sapling":9,"minecraft:sunflower":13,"immersive_armors:wooden_boots":4,"iceandfire:raw_silver":4,"regions_unexplored:small_oak_log":8},"minecraft:used":{"minecraft:stone_sword":280,"minecraft:ladder":15,"comforts:sleeping_bag_red":4,"minecraft:chest":13,"minecraft:stone":80,"minecraft:rotten_flesh":6,"touhou_little_maid:smart_slab_init":1,"minecraft:torch":48,"minecraft:dirt":11,"regions_unexplored:willow_trapdoor":2,"minecraft:milk_bucket":1,"touhou_little_maid:power_point":1,"regions_unexplored:hyssop":2,"minecraft:wooden_axe":67,"regions_unexplored:daisy":1,"regions_unexplored:willow_sapling":25,"immersive_armors:wooden_chestplate":1,"minecraft:beef":3,"minecraft:furnace":2,"minecraft:cooked_beef":11,"minecraft:egg":1,"comforts:sleeping_bag_white":4,"immersive_armors:wooden_helmet":1,"minecraft:wheat_seeds":2,"minecraft:cooked_mutton":4,"minecraft:birch_planks":1,"minecraft:stone_pickaxe":454,"minecraft:wooden_pickaxe":59,"minecraft:white_wool":2,"storageracks:oak_wood_corner":1,"minecraft:crafting_table":6,"minecraft:red_bed":4,"minecraft:apple":1,"minecraft:chicken":2,"minecraft:bread":20,"touhou_little_maid:smart_slab_has_maid":5,"iceandfire:ash":1,"minecraft:stone_axe":98,"immersive_armors:wooden_boots":1,"minecraft:cobblestone":1,"minecraft:porkchop":2,"minecraft:cooked_porkchop":12,"immersive_armors:wooden_leggings":2,"regions_unexplored:silt_dirt":2}},"DataVersion":3465}