{"stats":{"minecraft:crafted":{"storageracks:oak_wood_corner":8,"minecraft:cooked_beef":8,"minecraft:oak_planks":48,"minecraft:crafting_table":1,"comforts:sleeping_bag_white":1,"minecraft:wooden_pickaxe":1,"immersive_armors:wooden_leggings":2,"minecraft:furnace":1,"minecraft:cooked_mutton":5,"minecraft:air":0,"immersive_armors:wooden_chestplate":2,"immersive_armors:wooden_boots":2,"minecraft:charcoal":29,"minecraft:ladder":18,"minecraft:stick":44,"minecraft:stone_pickaxe":2,"minecraft:wooden_axe":1,"minecraft:stone_sword":1,"minecraft:chest":2,"regions_unexplored:willow_planks":44,"immersive_armors:wooden_helmet":2,"minecraft:torch":48,"regions_unexplored:willow_trapdoor":2},"minecraft:picked_up":{"minecraft:crafting_table":1,"minecraft:feather":2,"minecraft:chicken":2,"minecraft:ladder":1,"minecraft:brown_wool":3,"regions_unexplored:magnolia_log":13,"minecraft:leather":4,"doggytalents:rice_grains":4,"minecraft:oak_log":15,"minecraft:dirt":84,"minecraft:bone":2,"minecraft:apple":1,"minecraft:wheat_seeds":4,"comforts:sleeping_bag_white":1,"minecraft:beef":8,"storageracks:oak_wood_corner":15,"minecraft:light_gray_wool":2,"minecraft:sugar_cane":10,"minecraft:oak_planks":6,"minecraft:egg":1,"minecraft:stick":30,"regions_unexplored:willow_sapling":25,"minecraft:torch":4,"minecraft:porkchop":12,"regions_unexplored:daisy":2,"regions_unexplored:hyssop":1,"minecraft:stone_sword":1,"regions_unexplored:fireweed":4,"regions_unexplored:blue_magnolia_sapling":3,"touhou_little_maid:smart_slab_has_maid":1,"iceandfire:raw_silver":2,"regions_unexplored:willow_log":82,"regions_unexplored:willow_planks":18,"minecraft:oak_sapling":9,"minecraft:mutton":12,"minecraft:white_wool":8,"minecraft:cobblestone":247},"minecraft:broken":{"minecraft:stone_pickaxe":1,"minecraft:wooden_pickaxe":1},"minecraft:killed":{"minecraft:pig":5,"minecraft:vindicator":1,"minecraft:sheep":8,"iceandfire:ghost":1,"minecraft:chicken":2,"minecraft:cow":5},"minecraft:used":{"minecraft:stone_sword":55,"minecraft:stone_pickaxe":215,"minecraft:ladder":15,"minecraft:chest":2,"minecraft:wooden_pickaxe":59,"touhou_little_maid:smart_slab_init":1,"minecraft:white_wool":2,"minecraft:torch":7,"minecraft:dirt":11,"storageracks:oak_wood_corner":1,"regions_unexplored:willow_trapdoor":2,"minecraft:crafting_table":2,"touhou_little_maid:power_point":1,"regions_unexplored:hyssop":1,"minecraft:wooden_axe":58,"regions_unexplored:daisy":1,"minecraft:apple":1,"minecraft:chicken":2,"touhou_little_maid:smart_slab_has_maid":1,"immersive_armors:wooden_boots":1,"minecraft:cobblestone":1,"minecraft:furnace":1,"comforts:sleeping_bag_white":1,"minecraft:egg":1,"minecraft:cooked_beef":8},"minecraft:mined":{"iceandfire:silver_ore":2,"minecraft:crafting_table":1,"minecraft:torch":2,"minecraft:ladder":1,"minecraft:grass_block":12,"minecraft:tall_grass":4,"minecraft:cobblestone":1,"minecraft:sugar_cane":4,"minecraft:wall_torch":2,"regions_unexplored:hyssop":1,"treechop:chopped_log":5,"minecraft:grass":21,"minecraft:dirt":54,"regions_unexplored:medium_grass":3,"minecraft:stone":222,"minecraft:white_wool":2,"storageracks:oak_wood_corner":1,"minecraft:fern":5},"minecraft:dropped":{"regions_unexplored:fireweed":2,"minecraft:wheat_seeds":4,"regions_unexplored:blue_magnolia_sapling":3,"storageracks:oak_wood_corner":22,"minecraft:light_gray_wool":1,"patchouli:guide_book":1,"regions_unexplored:daisy":1,"minecraft:filled_map":1,"regions_unexplored:willow_log":64,"minecraft:dirt":14,"minecraft:brown_wool":2,"minecraft:oak_sapling":9,"touhou_little_maid:smart_slab_has_maid":1,"doggytalents:rice_grains":2,"minecraft:white_wool":1,"minecraft:gold_ingot":1},"minecraft:custom":{"minecraft:interact_with_furnace":8,"minecraft:mob_kills":22,"minecraft:interact_with_crafting_table":26,"minecraft:leave_game":1,"minecraft:time_since_death":51658,"minecraft:sleep_in_bed":3,"minecraft:climb_one_cm":3557,"minecraft:time_since_rest":11604,"minecraft:sprint_one_cm":88856,"minecraft:damage_taken":770,"minecraft:walk_one_cm":163869,"minecraft:trigger_trapped_chest":1,"minecraft:drop":41,"minecraft:damage_dealt":2284,"minecraft:swim_one_cm":4545,"minecraft:fly_one_cm":295063,"minecraft:open_chest":20,"minecraft:crouch_one_cm":193,"minecraft:play_time":61625,"minecraft:deaths":1,"minecraft:sneak_time":120,"minecraft:walk_under_water_one_cm":385,"minecraft:jump":1268,"minecraft:walk_on_water_one_cm":2219,"minecraft:total_world_time":61625,"minecraft:interact_with_smoker":7,"minecraft:fall_one_cm":38558}},"DataVersion":3465}