{"stats":{"minecraft:dropped":{"regions_unexplored:tsubaki":4,"minecraft:oak_slab":1,"regions_unexplored:fireweed":2,"minecraft:porkchop":2,"minecraft:wheat_seeds":31,"storageracks:oak_wood_corner":22,"minecraft:feather":4,"minecraft:orange_tulip":3,"minecraft:cobblestone":5,"regions_unexplored:willow_sapling":25,"minecraft:book":1,"regions_unexplored:silver_birch_sapling":14,"minecraft:leather":4,"iceandfire:ectoplasm":1,"minecraft:copper_ingot":1,"gnumus:mouse_skin":8,"minecraft:cod":3,"regions_unexplored:daisy":13,"minecraft:dirt":14,"mca:book_romance":1,"minecraft:milk_bucket":2,"minecraft:torch":1,"iceandfire:pixie_jar_empty":1,"minecraft:cornflower":3,"immersive_armors:wooden_leggings":2,"minecraft:rabbit":1,"minecraft:brown_wool":3,"farmersdelight:onion":3,"minecraft:sunflower":13,"regions_unexplored:willow_planks":2,"vegandelight:soybean":4,"immersive_armors:wooden_chestplate":1,"minecraft:bucket":1,"minecraft:white_wool":1,"minecraft:dandelion":26,"minecraft:gold_ingot":1,"regions_unexplored:waratah":4,"minecraft:stone_axe":1,"comforts:sleeping_bag_red":1,"minecraft:sugar_cane":10,"regions_unexplored:blue_magnolia_sapling":3,"minecraft:stone_sword":7,"minecraft:wheat":4,"minecraft:raw_iron":1,"minecraft:rotten_flesh":11,"minecraft:light_gray_wool":1,"regions_unexplored:hyssop":42,"minecraft:cooked_mutton":7,"regions_unexplored:pink_lupine":2,"patchouli:guide_book":2,"minecraft:filled_map":3,"regions_unexplored:willow_log":64,"minecraft:potato":1,"regions_unexplored:red_lupine":1,"gnumus:gnumus_clay":1,"minecraft:allium":39,"born_in_chaos_v1:corpse_maggot":2,"gnumus:gnumus_chickpeas":3,"minecraft:oak_sapling":9,"touhou_little_maid:smart_slab_has_maid":1,"doggytalents:rice_grains":39,"minecraft:stone_pickaxe":2,"minecraft:wooden_pickaxe":1,"minecraft:scaffolding":1,"regions_unexplored:blue_lupine":4,"immersive_armors:wooden_helmet":2,"minecraft:lectern":1,"iceandfire:manuscript":2},"minecraft:mined":{"regions_unexplored:willow_shrub":1,"iceandfire:silver_ore":2,"regions_unexplored:blue_lupine":5,"iceandfire:copper_pile":1,"regions_unexplored:pink_lupine":2,"minecraft:ladder":1,"minecraft:allium":19,"minecraft:grass_block":13,"regions_unexplored:poppy_bush":1,"minecraft:oxeye_daisy":2,"minecraft:large_fern":1,"minecraft:hay_block":5,"farmersdelight:wild_onions":10,"minecraft:furnace":1,"regions_unexplored:waratah":4,"regions_unexplored:mossy_stone":3,"treechop:chopped_log":16,"minecraft:azure_bluet":1,"vegandelight:wild_soybean":4,"regions_unexplored:windswept_grass":1,"crittersandcompanions:silk_cocoon":1,"regions_unexplored:medium_grass":54,"minecraft:stone":431,"minecraft:white_tulip":9,"regions_unexplored:silt_grass_block":1,"minecraft:white_wool":2,"storageracks:oak_wood_corner":1,"iceandfire:pixie_jar_empty":1,"minecraft:red_bed":4,"regions_unexplored:red_lupine":1,"regions_unexplored:silver_birch_leaf_pile":2,"regions_unexplored:white_magnolia_leaves":4,"minecraft:dandelion":12,"minecraft:torch":14,"minecraft:crafting_table":3,"minecraft:cornflower":5,"minecraft:poppy":1,"regions_unexplored:silt_dirt":1,"minecraft:chest":2,"minecraft:rose_bush":2,"minecraft:tall_grass":10,"minecraft:cobblestone":1,"regions_unexplored:meadow_sage":1,"regions_unexplored:daisy":14,"minecraft:sugar_cane":4,"minecraft:wall_torch":15,"regions_unexplored:tsubaki":4,"minecraft:birch_planks":1,"regions_unexplored:hyssop":53,"minecraft:orange_tulip":3,"minecraft:grass":312,"minecraft:sunflower":13,"minecraft:dirt":76,"regions_unexplored:fireweed":27,"minecraft:fern":8},"minecraft:custom":{"minecraft:mob_kills":104,"minecraft:interact_with_crafting_table":51,"minecraft:damage_dealt_resisted":109,"minecraft:leave_game":2,"minecraft:time_since_death":62362,"minecraft:climb_one_cm":40325,"minecraft:sprint_one_cm":205372,"minecraft:walk_one_cm":736904,"minecraft:drop":168,"minecraft:play_time":277724,"minecraft:deaths":22,"minecraft:sneak_time":1167,"minecraft:walk_under_water_one_cm":7976,"minecraft:jump":3230,"minecraft:walk_on_water_one_cm":8531,"minecraft:total_world_time":277724,"minecraft:interact_with_furnace":37,"minecraft:sleep_in_bed":18,"minecraft:time_since_rest":47834,"minecraft:waystone_activated":2,"minecraft:damage_taken":8372,"minecraft:damage_absorbed":231,"minecraft:trigger_trapped_chest":1,"minecraft:damage_dealt":19095,"minecraft:player_kills":1,"minecraft:swim_one_cm":14566,"minecraft:fly_one_cm":615752,"minecraft:open_chest":106,"minecraft:crouch_one_cm":2090,"minecraft:interact_with_smoker":7,"minecraft:fall_one_cm":93517},"minecraft:crafted":{"comforts:sleeping_bag_red":1,"storageracks:oak_wood_corner":8,"minecraft:oak_planks":124,"comforts:sleeping_bag_white":1,"minecraft:furnace":1,"minecraft:stone":80,"minecraft:cooked_mutton":12,"immersive_armors:wooden_chestplate":2,"minecraft:ladder":18,"doggytalents:giant_stick":1,"minecraft:stone_pickaxe":6,"minecraft:chest":11,"regions_unexplored:willow_planks":104,"immersive_armors:wooden_helmet":2,"regions_unexplored:magnolia_planks":4,"minecraft:wheat":18,"minecraft:cooked_beef":8,"minecraft:red_dye":3,"minecraft:cooked_porkchop":4,"minecraft:crafting_table":3,"minecraft:wooden_pickaxe":1,"immersive_armors:wooden_leggings":2,"minecraft:red_bed":1,"minecraft:birch_planks":20,"minecraft:stone_axe":1,"minecraft:bread":20,"minecraft:air":0,"immersive_armors:wooden_boots":2,"minecraft:charcoal":29,"minecraft:stick":52,"minecraft:wooden_axe":1,"minecraft:stone_sword":9,"minecraft:white_bed":1,"minecraft:torch":48,"regions_unexplored:willow_trapdoor":2},"minecraft:broken":{"minecraft:stone_sword":2,"minecraft:wooden_pickaxe":1,"minecraft:stone_pickaxe":3,"minecraft:stone_axe":1,"minecraft:wooden_axe":1},"minecraft:killed_by":{"minecraft:husk":1,"minecraft:player":3,"minecraft:bee":1},"minecraft:killed":{"hordes:zombie_player":13,"minecraft:spider":3,"minecraft:vindicator":1,"minecraft:phantom":2,"born_in_chaos_v1:maggot":10,"minecraft:bee":3,"minecraft:chicken":2,"minecraft:drowned":2,"minecraft:husk":11,"minecraft:pig":7,"born_in_chaos_v1:swarmer":1,"hordes:drowned_player":1,"minecraft:sheep":8,"minecraft:zombie":32,"iceandfire:ghost":1,"born_in_chaos_v1:corpse_fly":2,"minecraft:cow":5},"minecraft:picked_up":{"minecraft:charcoal":11,"minecraft:crafting_table":3,"minecraft:wheat":109,"minecraft:allium":156,"minecraft:chicken":2,"minecraft:ladder":1,"regions_unexplored:magnolia_log":14,"minecraft:wooden_pickaxe":1,"regions_unexplored:silt_dirt":5,"minecraft:cornflower":12,"iceandfire:manuscript":4,"minecraft:string":15,"minecraft:red_bed":4,"regions_unexplored:poppy_bush":1,"minecraft:gold_nugget":2,"comforts:sleeping_bag_white":4,"minecraft:beef":11,"minecraft:white_tulip":90,"minecraft:rose_bush":6,"immersive_armors:wooden_leggings":14,"minecraft:cobblestone_slab":1,"minecraft:iron_nugget":2,"minecraft:lectern":1,"minecraft:light_gray_wool":3,"minecraft:sugar_cane":30,"minecraft:chest":2,"crittersandcompanions:clam":5,"minecraft:furnace":1,"minecraft:egg":1,"vegandelight:soybean":16,"minecraft:raw_iron":19,"minecraft:stick":86,"regions_unexplored:silver_birch_leaf_pile":5,"minecraft:oak_door":4,"minecraft:copper_ingot":2,"minecraft:oak_fence":1,"minecraft:torch":125,"regions_unexplored:blue_lupine":16,"minecraft:porkchop":20,"minecraft:stone_button":9,"minecraft:diorite":3,"regions_unexplored:daisy":110,"minecraft:stone_sword":40,"immersive_armors:wooden_helmet":16,"minecraft:rotten_flesh":118,"regions_unexplored:tsubaki":16,"minecraft:pumpkin_pie":3,"farmersdelight:onion":85,"regions_unexplored:blue_magnolia_sapling":3,"minecraft:hay_block":2,"crittersandcompanions:silk":8,"comforts:sleeping_bag_red":20,"minecraft:cod":29,"touhou_little_maid:smart_slab_has_maid":2,"gnumus:gnumus_chickpeas":21,"minecraft:white_terracotta":1,"regions_unexplored:willow_planks":22,"gnumus:mouse_skin":80,"minecraft:mutton":12,"minecraft:white_wool":15,"minecraft:cobblestone":588,"born_in_chaos_v1:corpse_maggot":36,"minecraft:feather":28,"minecraft:cooked_beef":3,"minecraft:potato":2,"minecraft:brown_wool":5,"minecraft:leather":17,"minecraft:filled_map":2,"minecraft:birch_planks":22,"doggytalents:rice_grains":158,"minecraft:oak_log":19,"regions_unexplored:red_lupine":4,"iceandfire:ectoplasm":1,"mca:book_romance":12,"minecraft:dirt":199,"minecraft:paper":1,"regions_unexplored:small_oak_sapling":3,"doggytalents:giant_stick":1,"regions_unexplored:waratah":16,"minecraft:cooked_mutton":18,"minecraft:bone":16,"minecraft:apple":1,"iceandfire:pixie_jar_empty":1,"minecraft:wheat_seeds":683,"minecraft:orange_tulip":12,"minecraft:stone_pickaxe":24,"storageracks:oak_wood_corner":15,"minecraft:rabbit":16,"minecraft:oak_planks":19,"minecraft:scaffolding":1,"minecraft:book":2,"minecraft:oak_slab":5,"regions_unexplored:silver_birch_sapling":10,"iceandfire:copper_nugget":4,"minecraft:milk_bucket":3,"minecraft:cooked_porkchop":10,"regions_unexplored:willow_sapling":100,"patchouli:guide_book":2,"touhou_little_maid:smart_slab_empty":2,"iceandfire:ash":2,"minecraft:dandelion":28,"minecraft:mossy_cobblestone":3,"regions_unexplored:pink_lupine":8,"alexsmobs:animal_dictionary":1,"minecraft:leather_helmet":5,"regions_unexplored:hyssop":422,"regions_unexplored:fireweed":216,"minecraft:stone_axe":6,"gnumus:gnumus_clay":12,"immersive_armors:wooden_chestplate":17,"regions_unexplored:silver_birch_log":39,"regions_unexplored:willow_log":161,"minecraft:bread":49,"born_in_chaos_v1:rotten_fish":2,"minecraft:oak_sapling":9,"minecraft:sunflower":117,"immersive_armors:wooden_boots":16,"iceandfire:raw_silver":4,"regions_unexplored:small_oak_log":15},"minecraft:used":{"minecraft:stone_sword":566,"minecraft:ladder":15,"comforts:sleeping_bag_red":7,"minecraft:chest":13,"minecraft:stone":80,"minecraft:rotten_flesh":14,"touhou_little_maid:smart_slab_init":1,"minecraft:torch":48,"minecraft:dirt":11,"regions_unexplored:willow_trapdoor":2,"minecraft:milk_bucket":1,"touhou_little_maid:power_point":1,"regions_unexplored:hyssop":2,"minecraft:wooden_axe":67,"regions_unexplored:daisy":1,"regions_unexplored:willow_sapling":25,"minecraft:potato":2,"immersive_armors:wooden_chestplate":3,"minecraft:beef":3,"minecraft:furnace":2,"minecraft:cooked_beef":11,"minecraft:egg":1,"comforts:sleeping_bag_white":4,"immersive_armors:wooden_helmet":4,"minecraft:wheat_seeds":2,"minecraft:cooked_mutton":5,"minecraft:birch_planks":1,"minecraft:stone_pickaxe":455,"minecraft:wooden_pickaxe":59,"minecraft:white_wool":2,"farmersdelight:onion":11,"storageracks:oak_wood_corner":1,"minecraft:crafting_table":6,"minecraft:red_bed":5,"regions_unexplored:fireweed":1,"minecraft:apple":1,"minecraft:chicken":2,"minecraft:bread":26,"touhou_little_maid:smart_slab_has_maid":5,"iceandfire:ash":1,"minecraft:stone_axe":105,"immersive_armors:wooden_boots":3,"minecraft:cobblestone":1,"minecraft:porkchop":2,"minecraft:cooked_porkchop":12,"immersive_armors:wooden_leggings":4,"regions_unexplored:silt_dirt":2}},"DataVersion":3465}