{"stats":{"minecraft:crafted":{"storageracks:oak_wood_corner":8,"minecraft:oak_planks":80,"comforts:sleeping_bag_white":1,"minecraft:furnace":1,"minecraft:stone":80,"minecraft:cooked_mutton":5,"immersive_armors:wooden_chestplate":2,"minecraft:ladder":18,"doggytalents:giant_stick":1,"minecraft:stone_pickaxe":6,"minecraft:chest":10,"regions_unexplored:willow_planks":104,"immersive_armors:wooden_helmet":2,"minecraft:cooked_beef":8,"minecraft:red_dye":1,"minecraft:crafting_table":1,"minecraft:wooden_pickaxe":1,"immersive_armors:wooden_leggings":2,"minecraft:stone_axe":1,"minecraft:air":0,"immersive_armors:wooden_boots":2,"minecraft:charcoal":29,"minecraft:stick":44,"minecraft:wooden_axe":1,"minecraft:stone_sword":1,"minecraft:torch":48,"regions_unexplored:willow_trapdoor":2,"comforts:sleeping_bag_red":1},"minecraft:picked_up":{"regions_unexplored:small_oak_log":8,"minecraft:charcoal":5,"minecraft:crafting_table":2,"minecraft:chicken":2,"minecraft:ladder":1,"regions_unexplored:magnolia_log":14,"regions_unexplored:silt_dirt":2,"iceandfire:manuscript":4,"regions_unexplored:poppy_bush":1,"comforts:sleeping_bag_white":4,"minecraft:beef":8,"minecraft:iron_nugget":1,"minecraft:light_gray_wool":3,"minecraft:sugar_cane":30,"minecraft:chest":2,"minecraft:egg":1,"minecraft:furnace":1,"minecraft:stick":58,"regions_unexplored:silver_birch_leaf_pile":1,"minecraft:copper_ingot":2,"minecraft:torch":28,"minecraft:porkchop":16,"regions_unexplored:daisy":2,"minecraft:stone_sword":1,"minecraft:rotten_flesh":3,"minecraft:pumpkin_pie":3,"regions_unexplored:blue_magnolia_sapling":3,"crittersandcompanions:silk":4,"touhou_little_maid:smart_slab_has_maid":1,"regions_unexplored:willow_planks":22,"minecraft:mutton":12,"minecraft:white_wool":10,"minecraft:cobblestone":583,"minecraft:feather":4,"minecraft:leather":12,"minecraft:brown_wool":5,"doggytalents:rice_grains":9,"minecraft:birch_planks":1,"minecraft:filled_map":1,"minecraft:oak_log":15,"minecraft:dirt":166,"regions_unexplored:small_oak_sapling":1,"doggytalents:giant_stick":1,"minecraft:cooked_mutton":10,"minecraft:bone":7,"minecraft:apple":1,"minecraft:wheat_seeds":4,"storageracks:oak_wood_corner":15,"minecraft:oak_planks":11,"regions_unexplored:silver_birch_sapling":10,"minecraft:cooked_porkchop":8,"regions_unexplored:willow_sapling":100,"patchouli:guide_book":2,"alexsmobs:animal_dictionary":1,"minecraft:mossy_cobblestone":3,"regions_unexplored:hyssop":1,"regions_unexplored:fireweed":6,"regions_unexplored:silver_birch_log":39,"regions_unexplored:willow_log":161,"minecraft:bread":14,"minecraft:oak_sapling":9,"iceandfire:raw_silver":4},"minecraft:broken":{"minecraft:wooden_pickaxe":1,"minecraft:stone_pickaxe":3,"minecraft:wooden_axe":1},"minecraft:killed":{"minecraft:vindicator":1,"minecraft:chicken":2,"minecraft:pig":5,"minecraft:sheep":8,"iceandfire:ghost":1,"minecraft:cow":5},"minecraft:used":{"minecraft:stone_sword":55,"minecraft:ladder":15,"minecraft:chest":12,"minecraft:stone":80,"touhou_little_maid:smart_slab_init":1,"minecraft:torch":48,"minecraft:dirt":11,"regions_unexplored:willow_trapdoor":2,"touhou_little_maid:power_point":1,"regions_unexplored:hyssop":1,"minecraft:wooden_axe":67,"regions_unexplored:daisy":1,"regions_unexplored:willow_sapling":25,"minecraft:furnace":2,"minecraft:egg":1,"comforts:sleeping_bag_white":4,"minecraft:cooked_beef":8,"minecraft:birch_planks":1,"minecraft:stone_pickaxe":454,"minecraft:wooden_pickaxe":59,"minecraft:white_wool":2,"storageracks:oak_wood_corner":1,"minecraft:crafting_table":3,"minecraft:apple":1,"minecraft:chicken":2,"touhou_little_maid:smart_slab_has_maid":4,"minecraft:stone_axe":97,"immersive_armors:wooden_boots":1,"minecraft:cobblestone":1,"minecraft:cooked_porkchop":2,"regions_unexplored:silt_dirt":2},"minecraft:mined":{"iceandfire:silver_ore":2,"minecraft:ladder":1,"minecraft:grass_block":12,"regions_unexplored:poppy_bush":1,"minecraft:furnace":1,"regions_unexplored:mossy_stone":3,"treechop:chopped_log":15,"crittersandcompanions:silk_cocoon":1,"regions_unexplored:medium_grass":4,"minecraft:stone":431,"regions_unexplored:silt_grass_block":1,"minecraft:white_wool":2,"storageracks:oak_wood_corner":1,"regions_unexplored:silver_birch_leaf_pile":2,"minecraft:crafting_table":2,"minecraft:torch":14,"regions_unexplored:silt_dirt":1,"minecraft:chest":2,"minecraft:tall_grass":4,"minecraft:cobblestone":1,"minecraft:sugar_cane":4,"minecraft:wall_torch":15,"minecraft:birch_planks":1,"regions_unexplored:hyssop":1,"minecraft:grass":26,"minecraft:dirt":75,"minecraft:fern":5},"minecraft:custom":{"minecraft:mob_kills":22,"minecraft:interact_with_crafting_table":42,"minecraft:leave_game":1,"minecraft:time_since_death":93658,"minecraft:climb_one_cm":7482,"minecraft:sprint_one_cm":102796,"minecraft:walk_one_cm":326270,"minecraft:drop":51,"minecraft:play_time":103625,"minecraft:deaths":1,"minecraft:sneak_time":304,"minecraft:walk_under_water_one_cm":385,"minecraft:jump":1593,"minecraft:walk_on_water_one_cm":2219,"minecraft:total_world_time":103625,"minecraft:interact_with_furnace":30,"minecraft:sleep_in_bed":6,"minecraft:time_since_rest":12214,"minecraft:damage_taken":770,"minecraft:trigger_trapped_chest":1,"minecraft:damage_dealt":2284,"minecraft:swim_one_cm":4545,"minecraft:fly_one_cm":332233,"minecraft:open_chest":35,"minecraft:crouch_one_cm":242,"minecraft:interact_with_smoker":7,"minecraft:fall_one_cm":44969},"minecraft:dropped":{"regions_unexplored:fireweed":2,"minecraft:wheat_seeds":4,"storageracks:oak_wood_corner":22,"regions_unexplored:willow_sapling":25,"minecraft:leather":4,"minecraft:copper_ingot":1,"regions_unexplored:daisy":1,"minecraft:dirt":14,"minecraft:brown_wool":3,"regions_unexplored:willow_planks":2,"minecraft:white_wool":1,"minecraft:gold_ingot":1,"minecraft:sugar_cane":10,"regions_unexplored:blue_magnolia_sapling":3,"minecraft:light_gray_wool":1,"minecraft:cooked_mutton":5,"patchouli:guide_book":2,"minecraft:filled_map":1,"regions_unexplored:willow_log":64,"touhou_little_maid:smart_slab_has_maid":1,"minecraft:oak_sapling":9,"doggytalents:rice_grains":4,"iceandfire:manuscript":2}},"DataVersion":3465}