{"stats":{"minecraft:crafted":{"alexsmobs:cooked_kangaroo_meat":5,"minecraft:air":0,"minecraft:iron_leggings":1,"minecraft:wheat":81},"minecraft:used":{"biomesoplenty:mahogany_planks":2,"biomesoplenty:willow_log":6,"minecraft:ladder":8,"minecraft:oak_planks":2,"graveyard:dark_oak_coffin":1,"minecraft:bone_block":1,"minecraft:leather_chestplate":1,"minecraft:leather_boots":1,"minecraft:rotten_flesh":1,"iceandfire:chared_dirt":1,"minecraft:torch":2,"minecraft:dirt":6,"alexsmobs:cooked_kangaroo_meat":4,"minecraft:note_block":4,"minecraft:oak_log":2,"minecraft:lectern":2,"iceandfire:ash":4,"minecraft:barrel":1,"minecraft:stone_axe":46,"iceandfire:chared_stone":1,"minecraft:mangrove_roots":2,"iceandfire:chared_grass":3,"minecraft:yellow_bed":2,"alexsmobs:animal_dictionary":1},"minecraft:dropped":{"minecraft:iron_ingot":4,"minecraft:note_block":7,"minecraft:stone_axe":2,"minecraft:moss_block":16,"minecraft:soul_soil":1,"minecraft:wheat_seeds":1,"minecraft:raw_copper":42,"minecraft:wheat":17,"minecraft:composter":1,"minecraft:iron_boots":7,"graveyard:dark_oak_coffin":6,"minecraft:spruce_fence":4,"minecraft:stick":1,"graveyard:small_black_urn":3,"minecraft:leather_chestplate":9,"graveyard:small_light_gray_urn":6,"iceandfire:copper_nugget":2,"gravestone:obituary":68,"minecraft:gold_nugget":1,"minecraft:bone_meal":42,"minecraft:brown_carpet":1,"minecraft:raw_gold":6,"minecraft:cactus":1,"iceandfire:manuscript":1},"minecraft:killed":{"iceandfire:stymphalian_bird":2,"born_in_chaos_v1:corpse_fly":1,"undead_revamp2:sucker":1},"minecraft:broken":{"minecraft:stone_axe":2},"minecraft:picked_up":{"minecraft:iron_chestplate":2,"minecraft:leather_chestplate":11,"minecraft:ladder":8,"graveyard:small_light_gray_urn":10,"minecraft:oak_log":2,"gravestone:obituary":48,"minecraft:yellow_bed":2,"minecraft:gunpowder":4,"iceandfire:manuscript":6,"minecraft:dirt":6,"minecraft:soul_soil":2,"minecraft:raw_copper":48,"minecraft:bone":4,"graveyard:small_black_urn":3,"minecraft:wheat_seeds":11,"minecraft:gold_nugget":207,"minecraft:raw_gold":6,"minecraft:cobbled_deepslate_slab":5,"minecraft:iron_ingot":3,"graveyard:dark_oak_coffin":10,"minecraft:lectern":2,"minecraft:moss_block":21,"minecraft:book":12,"minecraft:chest":2,"minecraft:oak_planks":2,"biomesoplenty:mahogany_planks":1,"minecraft:iron_boots":8,"iceandfire:chared_stone":1,"minecraft:stick":3,"iceandfire:copper_nugget":2,"minecraft:polished_deepslate_slab":4,"minecraft:composter":1,"iceandfire:chared_grass":1,"iceandfire:ash":4,"minecraft:torch":2,"minecraft:note_block":11,"minecraft:spruce_fence":4,"iceandfire:stymphalian_bird_feather":6,"minecraft:barrel":1,"minecraft:brown_carpet":1,"minecraft:cactus":2,"minecraft:rotten_flesh":1,"biomesoplenty:willow_log":11,"minecraft:stone_axe":4,"biomesoplenty:willow_sapling":5,"minecraft:hay_block":9,"iceandfire:chared_dirt":1,"minecraft:bone_meal":42,"minecraft:mangrove_roots":4,"alexsmobs:kangaroo_meat":2},"minecraft:custom":{"minecraft:interact_with_furnace":9,"minecraft:mob_kills":6,"minecraft:interact_with_crafting_table":3,"minecraft:open_barrel":25,"minecraft:tune_noteblock":969,"minecraft:damage_dealt_resisted":83,"minecraft:leave_game":3,"minecraft:time_since_death":38016,"minecraft:sleep_in_bed":5,"minecraft:climb_one_cm":11035,"minecraft:time_since_rest":22373,"minecraft:sprint_one_cm":107659,"minecraft:damage_taken":109159,"minecraft:walk_one_cm":271133,"minecraft:drop":249,"minecraft:damage_dealt":1262,"minecraft:play_noteblock":91,"minecraft:swim_one_cm":27663,"minecraft:fly_one_cm":227413,"minecraft:player_kills":3,"minecraft:open_chest":17,"minecraft:crouch_one_cm":5260,"minecraft:play_time":175893,"minecraft:deaths":31,"minecraft:sneak_time":2133,"minecraft:walk_under_water_one_cm":14020,"minecraft:jump":1465,"minecraft:walk_on_water_one_cm":12936,"minecraft:total_world_time":175893,"minecraft:fall_one_cm":58154},"minecraft:mined":{"biomesoplenty:spanish_moss":11,"minecraft:ladder":9,"minecraft:note_block":4,"minecraft:torch":1,"gravestone:gravestone":20,"minecraft:grass_block":1,"biomesoplenty:mahogany_planks":1,"minecraft:lectern":2,"iceandfire:chared_dirt":1,"biomesoplenty:willow_log":6,"minecraft:moss_block":1,"minecraft:hay_block":9,"iceandfire:chared_grass":2,"minecraft:large_fern":3,"minecraft:seagrass":1,"graveyard:tg_moss_block":1,"biomesoplenty:spanish_moss_plant":7,"minecraft:fire":1,"minecraft:barrel":1,"graveyard:dark_oak_coffin":8,"minecraft:yellow_bed":2,"minecraft:bookshelf":4,"minecraft:grass":13,"minecraft:oak_log":2,"iceandfire:gold_pile":24,"minecraft:dirt":4,"minecraft:fern":13,"biomesoplenty:willow_leaves":7,"iceandfire:chared_stone":1},"minecraft:killed_by":{"man:managgresive":1,"undead_revamp2:sucker":2,"minecraft:player":3,"born_in_chaos_v1:restless_spirit":1,"undead_revamp2:the_moonflower":2,"minecraft:creeper":1,"arphex:mosquito_morbidity":1,"antlers:wendigo":3,"iceandfire:stymphalian_bird":1,"iceandfire:fire_dragon":15}},"DataVersion":3465}