{"stats":{"minecraft:crafted":{"storageracks:oak_wood_corner":8,"minecraft:cooked_beef":8,"minecraft:oak_planks":48,"minecraft:crafting_table":1,"comforts:sleeping_bag_white":1,"minecraft:wooden_pickaxe":1,"immersive_armors:wooden_leggings":1,"minecraft:furnace":1,"minecraft:cooked_mutton":5,"minecraft:air":0,"immersive_armors:wooden_chestplate":1,"immersive_armors:wooden_boots":1,"minecraft:ladder":9,"minecraft:stick":20,"minecraft:wooden_axe":1,"minecraft:chest":1,"regions_unexplored:willow_planks":24,"immersive_armors:wooden_helmet":1,"regions_unexplored:willow_trapdoor":2},"minecraft:picked_up":{"minecraft:crafting_table":1,"minecraft:feather":2,"minecraft:chicken":2,"minecraft:brown_wool":3,"regions_unexplored:magnolia_log":13,"minecraft:leather":4,"doggytalents:rice_grains":4,"minecraft:oak_log":15,"minecraft:dirt":48,"minecraft:bone":2,"minecraft:apple":1,"minecraft:wheat_seeds":4,"minecraft:beef":8,"storageracks:oak_wood_corner":1,"minecraft:light_gray_wool":2,"minecraft:sugar_cane":10,"minecraft:oak_planks":6,"minecraft:egg":1,"minecraft:stick":30,"regions_unexplored:willow_sapling":25,"minecraft:porkchop":12,"regions_unexplored:daisy":2,"regions_unexplored:hyssop":1,"minecraft:stone_sword":1,"regions_unexplored:fireweed":4,"regions_unexplored:blue_magnolia_sapling":3,"touhou_little_maid:smart_slab_has_maid":1,"regions_unexplored:willow_log":82,"regions_unexplored:willow_planks":18,"minecraft:oak_sapling":9,"minecraft:mutton":12,"minecraft:white_wool":8,"minecraft:cobblestone":56},"minecraft:killed":{"minecraft:pig":5,"minecraft:vindicator":1,"minecraft:sheep":8,"iceandfire:ghost":1,"minecraft:chicken":2,"minecraft:cow":5},"minecraft:used":{"minecraft:stone_sword":55,"minecraft:ladder":8,"minecraft:chest":1,"minecraft:wooden_pickaxe":48,"touhou_little_maid:smart_slab_init":1,"minecraft:white_wool":2,"minecraft:dirt":11,"storageracks:oak_wood_corner":1,"regions_unexplored:willow_trapdoor":2,"minecraft:crafting_table":2,"touhou_little_maid:power_point":1,"regions_unexplored:hyssop":1,"minecraft:wooden_axe":58,"regions_unexplored:daisy":1,"minecraft:apple":1,"minecraft:chicken":2,"immersive_armors:wooden_boots":1,"minecraft:furnace":1,"minecraft:egg":1,"minecraft:cooked_beef":8},"minecraft:mined":{"minecraft:crafting_table":1,"minecraft:grass_block":12,"minecraft:tall_grass":4,"minecraft:sugar_cane":4,"regions_unexplored:hyssop":1,"treechop:chopped_log":5,"minecraft:grass":21,"minecraft:dirt":22,"regions_unexplored:medium_grass":3,"minecraft:stone":32,"minecraft:white_wool":2,"storageracks:oak_wood_corner":1,"minecraft:fern":5},"minecraft:dropped":{"regions_unexplored:fireweed":2,"minecraft:wheat_seeds":4,"regions_unexplored:blue_magnolia_sapling":3,"minecraft:light_gray_wool":1,"patchouli:guide_book":1,"regions_unexplored:daisy":1,"minecraft:filled_map":1,"regions_unexplored:willow_log":64,"minecraft:dirt":14,"minecraft:brown_wool":2,"minecraft:oak_sapling":9,"touhou_little_maid:smart_slab_has_maid":1,"doggytalents:rice_grains":2,"minecraft:white_wool":1,"minecraft:gold_ingot":1},"minecraft:custom":{"minecraft:interact_with_furnace":1,"minecraft:mob_kills":22,"minecraft:interact_with_crafting_table":18,"minecraft:leave_game":1,"minecraft:time_since_death":39658,"minecraft:sleep_in_bed":2,"minecraft:climb_one_cm":1457,"minecraft:time_since_rest":27564,"minecraft:sprint_one_cm":87356,"minecraft:damage_taken":770,"minecraft:walk_one_cm":122953,"minecraft:trigger_trapped_chest":1,"minecraft:drop":19,"minecraft:damage_dealt":2284,"minecraft:swim_one_cm":4545,"minecraft:fly_one_cm":294138,"minecraft:open_chest":16,"minecraft:crouch_one_cm":92,"minecraft:play_time":49625,"minecraft:deaths":1,"minecraft:sneak_time":45,"minecraft:walk_under_water_one_cm":385,"minecraft:jump":1218,"minecraft:walk_on_water_one_cm":2219,"minecraft:total_world_time":49625,"minecraft:interact_with_smoker":7,"minecraft:fall_one_cm":38149}},"DataVersion":3465}