{"stats":{"minecraft:crafted":{"minecraft:wooden_sword":1,"minecraft:oak_planks":16,"minecraft:wheat":216,"minecraft:crafting_table":1,"alexsmobs:cooked_kangaroo_meat":5,"minecraft:bread":22,"minecraft:air":0,"minecraft:iron_leggings":1},"minecraft:used":{"biomesoplenty:mahogany_planks":2,"graveyard:dark_oak_coffin":1,"minecraft:bone_block":1,"minecraft:ladder":9,"minecraft:rotten_flesh":1,"minecraft:torch":2,"minecraft:dirt":6,"alexsmobs:cooked_kangaroo_meat":4,"minecraft:barrel":1,"minecraft:beef":3,"iceandfire:chared_stone":1,"minecraft:mangrove_roots":2,"biomesoplenty:willow_log":6,"minecraft:oak_planks":2,"minecraft:leather_chestplate":1,"minecraft:leather_boots":1,"iceandfire:chared_dirt":1,"minecraft:crafting_table":2,"minecraft:note_block":4,"minecraft:oak_log":2,"minecraft:bread":3,"minecraft:lectern":2,"iceandfire:ash":4,"minecraft:stone_axe":54,"iceandfire:chared_grass":3,"minecraft:yellow_bed":3,"alexsmobs:animal_dictionary":1,"minecraft:wither_rose":1},"minecraft:dropped":{"minecraft:iron_ingot":4,"minecraft:moss_block":16,"minecraft:wheat_seeds":1,"minecraft:stick":1,"graveyard:small_black_urn":3,"iceandfire:copper_nugget":2,"gravestone:obituary":68,"minecraft:gold_nugget":1,"minecraft:bone_meal":42,"minecraft:cactus":1,"minecraft:note_block":7,"minecraft:stone_axe":2,"minecraft:soul_soil":1,"minecraft:raw_copper":42,"minecraft:wheat":17,"minecraft:composter":1,"minecraft:iron_boots":7,"graveyard:dark_oak_coffin":6,"minecraft:spruce_fence":4,"minecraft:leather_chestplate":9,"graveyard:small_light_gray_urn":6,"minecraft:brown_carpet":1,"minecraft:raw_gold":6,"iceandfire:manuscript":1},"minecraft:killed":{"iceandfire:stymphalian_bird":2,"undead_revamp2:sucker":1,"born_in_chaos_v1:corpse_fly":1,"minecraft:cow":1},"minecraft:broken":{"minecraft:stone_axe":2},"minecraft:picked_up":{"minecraft:crafting_table":1,"minecraft:iron_chestplate":2,"minecraft:ladder":9,"minecraft:wither_rose":1,"gravestone:obituary":48,"iceandfire:manuscript":6,"minecraft:soul_soil":2,"minecraft:raw_copper":48,"graveyard:small_black_urn":3,"minecraft:gold_nugget":207,"minecraft:beef":3,"graveyard:dark_oak_coffin":10,"minecraft:lectern":3,"minecraft:chest":2,"minecraft:iron_boots":8,"minecraft:stick":6,"minecraft:polished_deepslate_slab":4,"minecraft:composter":1,"minecraft:torch":2,"iceandfire:chared_grass":1,"minecraft:spruce_fence":4,"minecraft:note_block":11,"minecraft:brown_carpet":1,"minecraft:orange_bed":1,"minecraft:cactus":2,"minecraft:rotten_flesh":3,"biomesoplenty:willow_sapling":5,"iceandfire:chared_dirt":1,"minecraft:hay_block":24,"minecraft:mangrove_roots":4,"alexsmobs:kangaroo_meat":2,"minecraft:leather_chestplate":11,"minecraft:leather":2,"graveyard:small_light_gray_urn":10,"minecraft:oak_log":6,"minecraft:yellow_bed":4,"minecraft:gunpowder":4,"minecraft:dirt":11,"minecraft:bone":4,"minecraft:wheat_seeds":11,"minecraft:cobbled_deepslate_slab":5,"minecraft:raw_gold":6,"minecraft:iron_ingot":3,"minecraft:moss_block":21,"biomesoplenty:mahogany_planks":1,"minecraft:oak_planks":2,"minecraft:book":12,"iceandfire:chared_stone":1,"iceandfire:copper_nugget":2,"iceandfire:ash":4,"iceandfire:stymphalian_bird_feather":6,"minecraft:barrel":1,"biomesoplenty:willow_log":11,"minecraft:stone_axe":4,"minecraft:bone_meal":42,"minecraft:oak_sapling":1},"minecraft:custom":{"minecraft:mob_kills":7,"minecraft:interact_with_crafting_table":5,"minecraft:open_barrel":25,"minecraft:damage_dealt_resisted":107,"minecraft:leave_game":4,"minecraft:time_since_death":10160,"minecraft:climb_one_cm":13049,"minecraft:sprint_one_cm":144193,"minecraft:walk_one_cm":291216,"minecraft:drop":249,"minecraft:play_noteblock":91,"minecraft:play_time":190896,"minecraft:deaths":32,"minecraft:sneak_time":2133,"minecraft:walk_under_water_one_cm":14119,"minecraft:jump":1902,"minecraft:walk_on_water_one_cm":17851,"minecraft:total_world_time":190896,"minecraft:interact_with_furnace":9,"minecraft:tune_noteblock":969,"minecraft:sleep_in_bed":5,"minecraft:time_since_rest":10185,"minecraft:damage_taken":109613,"minecraft:damage_dealt":1377,"minecraft:swim_one_cm":33635,"minecraft:fly_one_cm":324404,"minecraft:player_kills":3,"minecraft:open_chest":17,"minecraft:crouch_one_cm":5260,"minecraft:fall_one_cm":74617},"minecraft:mined":{"biomesoplenty:spanish_moss":11,"gravestone:gravestone":20,"minecraft:ladder":10,"biomesoplenty:bush":2,"minecraft:grass_block":2,"iceandfire:chared_dirt":1,"minecraft:moss_block":1,"iceandfire:chared_grass":2,"minecraft:large_fern":3,"minecraft:hay_block":24,"graveyard:tg_moss_block":1,"minecraft:barrel":1,"minecraft:fire":1,"treechop:chopped_log":1,"minecraft:bookshelf":4,"iceandfire:gold_pile":24,"biomesoplenty:willow_leaves":7,"minecraft:orange_bed":1,"minecraft:crafting_table":1,"minecraft:torch":1,"minecraft:note_block":4,"biomesoplenty:mahogany_planks":1,"minecraft:lectern":3,"biomesoplenty:willow_log":6,"minecraft:seagrass":1,"biomesoplenty:spanish_moss_plant":7,"graveyard:dark_oak_coffin":8,"minecraft:yellow_bed":4,"minecraft:grass":21,"biomesoplenty:clover":1,"minecraft:oak_log":2,"minecraft:dirt":8,"minecraft:fern":13,"iceandfire:chared_stone":1},"minecraft:killed_by":{"minecraft:player":3,"undead_revamp2:sucker":2,"undead_revamp2:the_moonflower":2,"born_in_chaos_v1:restless_spirit":1,"minecraft:creeper":1,"iceandfire:stymphalian_bird":1,"man:managgresive":1,"minecraft:skeleton":1,"arphex:mosquito_morbidity":1,"antlers:wendigo":3,"iceandfire:fire_dragon":15}},"DataVersion":3465}