{"stats":{"minecraft:custom":{"minecraft:interact_with_crafting_table":26,"minecraft:open_barrel":36,"minecraft:leave_game":14,"minecraft:time_since_death":127,"minecraft:sprint_one_cm":548840,"minecraft:drop":193,"minecraft:play_noteblock":3,"minecraft:play_time":542416,"minecraft:deaths":44,"minecraft:jump":6067,"minecraft:walk_on_water_one_cm":55196,"minecraft:interact_with_furnace":69,"minecraft:sleep_in_bed":5,"minecraft:waystone_activated":1,"minecraft:damage_dealt":6012,"minecraft:player_kills":2,"minecraft:crouch_one_cm":60273,"minecraft:mob_kills":39,"minecraft:damage_dealt_resisted":116,"minecraft:climb_one_cm":34104,"minecraft:walk_one_cm":673672,"minecraft:sneak_time":33394,"minecraft:walk_under_water_one_cm":33776,"minecraft:boat_one_cm":46796,"minecraft:total_world_time":542416,"minecraft:tune_noteblock":136,"minecraft:time_since_rest":159,"minecraft:damage_taken":10213366,"minecraft:trigger_trapped_chest":2,"minecraft:swim_one_cm":126388,"minecraft:fly_one_cm":1047873,"minecraft:open_chest":139,"minecraft:fall_one_cm":195751},"minecraft:picked_up":{"minecraft:wheat":17,"minecraft:stone_slab":2,"minecraft:raw_copper":74,"minecraft:string":15,"minecraft:soul_soil":2,"minecraft:armor_stand":1,"cfm:jungle_chair":3,"alexsmobs:emu_feather":1,"alexsmobs:banana":1,"minecraft:spruce_planks":2,"born_in_chaos_v1:stimulating_decoction":1,"minecraft:melon_slice":63,"alexsmobs:leafcutter_ant_chamber":10,"minecraft:iron_boots":4,"minecraft:furnace":1,"minecraft:stick":34,"born_in_chaos_v1:shattered_skull":1,"minecraft:torch":15,"minecraft:porkchop":3,"minecraft:brown_carpet":2,"minecraft:cactus":2,"minecraft:rotten_flesh":43,"minecraft:tropical_fish":3,"alexsmobs:emu_egg":1,"minecraft:mangrove_roots":13,"antlers:jerkey":3,"undead_revamp2:arapholia":1,"minecraft:cobblestone":555,"alexsmobs:flying_fish":1,"minecraft:muddy_mangrove_roots":6,"minecraft:leather_chestplate":4,"minecraft:feather":2,"born_in_chaos_v1:spiritual_dust":1,"minecraft:andesite":30,"minecraft:jungle_log":45,"alexsmobs:bison_fur":1,"minecraft:flint":1,"undead_revamp2:huntereye":1,"minecraft:wither_skeleton_skull":2,"minecraft:dirt":84,"born_in_chaos_v1:monster_skin":1,"minecraft:leather_boots":1,"minecraft:bone":40,"minecraft:wheat_seeds":13,"minecraft:raw_gold":8,"minecraft:cobbled_deepslate_slab":2,"minecraft:bamboo":12,"minecraft:moss_block":8,"minecraft:oak_planks":7,"minecraft:jungle_planks":36,"minecraft:ink_sac":3,"minecraft:loom":3,"minecraft:white_candle":3,"biomesoplenty:willow_log":4,"iceandfire:lectern":1,"minecraft:soul_lantern":5,"minecraft:granite":1,"minecraft:bone_meal":14,"minecraft:bread":1,"minecraft:oak_sapling":50,"iceandfire:raw_silver":4,"minecraft:crimson_roots":20,"minecraft:coarse_dirt":4,"minecraft:cocoa_beans":3,"minecraft:mud":5,"minecraft:crafting_table":4,"minecraft:chicken":1,"born_in_chaos_v1:seedof_chaos":2,"minecraft:leather_leggings":3,"gravestone:obituary":47,"minecraft:shield":1,"minecraft:moss_carpet":1,"minecraft:flint_and_steel":1,"born_in_chaos_v1:intoxicating_decoction":1,"graveyard:small_black_urn":6,"minecraft:candle":3,"minecraft:beef":14,"graveyard:dark_oak_coffin":5,"minecraft:jungle_sapling":4,"minecraft:poppy":2,"naturalist:catfish":3,"minecraft:sugar_cane":6,"minecraft:raw_iron":8,"minecraft:polished_deepslate_slab":2,"minecraft:oak_door":1,"minecraft:copper_ingot":4,"minecraft:note_block":4,"graveyard:dark_iron_bars":1,"minecraft:redstone":12,"iceandfire:deathworm_egg_giant":3,"minecraft:dark_oak_planks":2,"biomesoplenty:willow_sapling":2,"minecraft:jungle_stairs":1,"minecraft:gold_ingot":3,"minecraft:glow_berries":1,"minecraft:mutton":10,"minecraft:skeleton_skull":1,"minecraft:bone_block":26,"born_in_chaos_v1:corpse_maggot":9,"minecraft:basalt":7,"born_in_chaos_v1:monster_flesh":4,"domum_ornamentum:blockbarreldeco_standing":2,"minecraft:leather":6,"graveyard:small_light_gray_urn":9,"minecraft:oak_log":92,"minecraft:lily_pad":2,"minecraft:nether_wart_block":10,"naturalist:bass":16,"minecraft:cooked_mutton":1,"minecraft:apple":7,"minecraft:iron_ingot":6,"minecraft:stone_pickaxe":2,"minecraft:cobweb":13,"cctvcraft:raw_aluminum":43,"minecraft:book":15,"minecraft:smooth_basalt":18,"minecraft:pumpkin":1,"minecraft:gravel":35,"minecraft:spruce_sapling":1,"minecraft:white_bed":1,"minecraft:pumpkin_seeds":22,"minecraft:melon_seeds":9,"minecraft:coal":141},"minecraft:broken":{"minecraft:stone_pickaxe":5,"minecraft:stone_axe":1,"minecraft:wooden_axe":2,"minecraft:wooden_pickaxe":1},"minecraft:dropped":{"minecraft:moss_block":8,"minecraft:loom":1,"minecraft:jungle_planks":111,"iceandfire:deathworm_egg_giant":1,"graveyard:small_black_urn":5,"minecraft:dirt":1,"minecraft:crimson_roots":15,"gravestone:obituary":81,"minecraft:bone_block":12,"minecraft:note_block":3,"minecraft:stone_axe":1,"undead_revamp2:arapholia":1,"minecraft:rotten_flesh":1,"minecraft:oak_planks":3,"minecraft:poppy":1,"minecraft:rabbit_hide":3,"minecraft:leather_chestplate":4,"minecraft:jungle_stairs":32,"minecraft:melon_seeds":1,"born_in_chaos_v1:corpse_maggot":8,"minecraft:leather_leggings":1,"minecraft:basalt":1,"alexsmobs:banana":1,"minecraft:bread":3,"minecraft:wheat_seeds":3,"minecraft:cobblestone":51,"minecraft:granite":1,"antlers:jerkey":8,"minecraft:stick":1,"minecraft:torch":6,"minecraft:nether_wart_block":5,"minecraft:melon_slice":32,"minecraft:mud":5,"minecraft:cactus":2,"minecraft:smooth_basalt":23,"minecraft:soul_soil":2,"minecraft:raw_copper":12,"minecraft:stone_shovel":2,"minecraft:polished_deepslate_slab":2,"minecraft:iron_boots":3,"minecraft:stone_slab":1,"minecraft:cobbled_deepslate_slab":1,"minecraft:flint_and_steel":1,"minecraft:muddy_mangrove_roots":6,"graveyard:small_light_gray_urn":9,"minecraft:andesite":30,"minecraft:oak_sapling":2,"minecraft:brown_carpet":2,"minecraft:stone_pickaxe":4,"graveyard:dark_iron_bars":1},"minecraft:killed_by":{"undead_revamp2:sucker":2,"minecraft:pillager":1,"alexsmobs:elephant":1,"endofherobrine:sheep":1,"iceandfire:stymphalian_bird":5,"bwrtherain:vapor":1,"undead_revamp2:thesmoker":1,"iceandfire:fire_dragon":2,"minecraft:player":3,"alexsmobs:alligator_snapping_turtle":1,"alexsmobs:bison":2,"naturalist:lion":1,"antlers:wendigo":10,"iceandfire:ghost":2,"smile:happy_chase":3},"minecraft:crafted":{"minecraft:oak_planks":56,"minecraft:cooked_chicken":4,"iceandfire:lectern":1,"naturalist:cooked_bass":1,"minecraft:cooked_mutton":12,"minecraft:chest":2,"sophisticatedbackpacks:backpack":1,"minecraft:cooked_porkchop":3,"minecraft:crafting_table":2,"minecraft:wooden_pickaxe":1,"minecraft:stick":44,"minecraft:iron_ingot":5,"minecraft:gold_ingot":8,"minecraft:stone_shovel":1,"minecraft:furnace":2,"minecraft:bone_meal":27,"antlers:jerkey":53,"minecraft:leather":2,"minecraft:stone_pickaxe":11,"minecraft:cooked_beef":25,"cfm:jungle_chair":4,"minecraft:stone_axe":6,"biomesoplenty:willow_planks":8,"minecraft:air":0,"minecraft:jungle_planks":80,"iceandfire:bestiary":1,"minecraft:torch":84},"minecraft:killed":{"born_in_chaos_v1:mr_pumpkin":2,"born_in_chaos_v1:restless_spirit":1,"minecraft:chicken":1,"minecraft:pig":1,"bwrtherain:spider_skull":1,"alexsmobs:mantis_shrimp":1,"naturalist:rhino":1,"minecraft:pillager":1,"minecraft:zombie":5,"born_in_chaos_v1:dread_hound":3,"born_in_chaos_v1:corpse_fly":2,"alexsmobs:fly":1,"born_in_chaos_v1:maggot":3,"naturalist:bass":6,"alexsmobs:bison":1,"iceandfire:deathworm":1,"born_in_chaos_v1:spirit_guide":1,"alexsmobs:emu":2,"naturalist:catfish":5},"minecraft:used":{"iceandfire:lectern":2,"minecraft:rotten_flesh":4,"minecraft:white_candle":1,"minecraft:jungle_planks":50,"naturalist:cooked_bass":1,"minecraft:jungle_sapling":2,"minecraft:mangrove_roots":4,"minecraft:furnace":3,"minecraft:wither_skeleton_skull":1,"minecraft:stone_pickaxe":894,"minecraft:oak_planks":1,"biomesoplenty:willow_planks":8,"minecraft:wooden_pickaxe":104,"minecraft:loom":2,"antlers:jerkey":15,"minecraft:melon_slice":2,"minecraft:bread":1,"graveyard:dark_oak_coffin":3,"cfm:jungle_chair":8,"minecraft:torch":71,"minecraft:dirt":37,"minecraft:wooden_axe":45,"minecraft:smooth_basalt":14,"minecraft:cooked_beef":7,"graveyard:small_black_urn":1,"minecraft:cooked_mutton":6,"domum_ornamentum:blockbarreldeco_standing":2,"minecraft:crafting_table":5,"minecraft:apple":6,"minecraft:jungle_stairs":1,"minecraft:spruce_sapling":1,"minecraft:golden_leggings":1,"minecraft:stone_axe":314,"minecraft:cobblestone":166,"minecraft:cooked_porkchop":3,"alexsmobs:animal_dictionary":4},"minecraft:mined":{"biomesoplenty:spanish_moss":1,"graveyard:small_black_urn":1,"alexsmobs:leafcutter_anthill":1,"cctvcraft:aluminum_ore":25,"minecraft:granite":1,"minecraft:grass_block":33,"minecraft:jungle_log":4,"iceandfire:lectern":1,"minecraft:composter":1,"minecraft:tall_seagrass":3,"cfm:jungle_chair":4,"minecraft:iron_ore":6,"graveyard:leaning_wither_skeleton":1,"minecraft:pumpkin":1,"minecraft:brown_bed":1,"minecraft:polished_deepslate_slab":6,"biomesoplenty:willow_leaves":2,"minecraft:soul_lantern":2,"minecraft:torch":2,"minecraft:jungle_stairs":1,"minecraft:melon":14,"minecraft:wither_skeleton_wall_skull":1,"minecraft:cobblestone":23,"minecraft:white_candle":1,"minecraft:sugar_cane":5,"minecraft:oak_planks":1,"minecraft:wall_torch":6,"graveyard:gravestone":1,"minecraft:skeleton_skull":1,"domum_ornamentum:blockbarreldeco_standing":2,"graveyard:wither_skeleton_hand":1,"minecraft:mud":1,"biomesoplenty:spanish_moss_plant":2,"graveyard:dark_oak_coffin":3,"graveyard:skull_pile":2,"minecraft:grass":83,"minecraft:oak_log":2,"minecraft:loom":3,"minecraft:dirt":56,"minecraft:smooth_basalt":17,"minecraft:oak_leaves":9,"iceandfire:silver_ore":4,"biomesoplenty:desert_grass":8,"minecraft:mangrove_roots":17,"gravestone:gravestone":36,"minecraft:cobbled_deepslate_slab":6,"minecraft:spruce_fence":1,"minecraft:jungle_planks":10,"minecraft:redstone_wire":1,"alexsmobs:leafcutter_ant_chamber":10,"minecraft:soul_campfire":1,"minecraft:spruce_leaves":7,"minecraft:moss_block":1,"minecraft:large_fern":3,"minecraft:furnace":2,"graveyard:tg_moss_block":1,"minecraft:polished_basalt":1,"minecraft:andesite":30,"treechop:chopped_log":17,"minecraft:bookshelf":5,"minecraft:vine":4,"minecraft:bamboo":2,"minecraft:stone":497,"minecraft:bone_block":18,"minecraft:brown_carpet":1,"minecraft:basalt":7,"graveyard:small_light_gray_urn":4,"minecraft:crafting_table":4,"minecraft:stone_slab":1,"minecraft:tall_grass":3,"minecraft:copper_ore":16,"minecraft:lily_pad":1,"biomesoplenty:willow_log":2,"minecraft:cactus":1,"minecraft:coarse_dirt":5,"graveyard:vase_block":6,"graveyard:skull_with_rib_cage":1,"minecraft:muddy_mangrove_roots":1,"graveyard:dark_iron_bars":1,"minecraft:coal_ore":138,"minecraft:cocoa":2,"minecraft:gravel":34,"graveyard:leaning_skeleton":2,"minecraft:fern":33}},"DataVersion":3465}