{"stats":{"minecraft:crafted":{"minecraft:spruce_planks":40},"minecraft:picked_up":{"minecraft:stick":3,"minecraft:sweet_berries":17,"minecraft:spruce_sapling":2,"minecraft:spruce_log":10,"minecraft:dirt":6},"minecraft:used":{"minecraft:dirt":1,"minecraft:sweet_berries":8},"minecraft:mined":{"minecraft:grass_block":2,"minecraft:dirt":4,"minecraft:sweet_berry_bush":9,"minecraft:spruce_leaves":13,"treechop:chopped_log":1},"minecraft:custom":{"minecraft:time_since_rest":35216,"minecraft:open_chest":1,"minecraft:crouch_one_cm":181,"minecraft:play_time":35216,"minecraft:sprint_one_cm":12874,"minecraft:damage_taken":12,"minecraft:walk_one_cm":5054,"minecraft:sneak_time":82,"minecraft:jump":66,"minecraft:time_since_death":35216,"minecraft:total_world_time":35216,"minecraft:fall_one_cm":1312,"minecraft:fly_one_cm":12227}},"DataVersion":3465}