{"stats":{"minecraft:crafted":{"minecraft:oak_planks":20,"minecraft:cooked_porkchop":7,"minecraft:crafting_table":1,"minecraft:wooden_pickaxe":1,"immersive_armors:wooden_leggings":1,"minecraft:furnace":1,"minecraft:bone_meal":10,"minecraft:campfire":1,"minecraft:birch_planks":148,"minecraft:stone_axe":2,"minecraft:cooked_mutton":5,"minecraft:air":0,"immersive_armors:wooden_chestplate":1,"immersive_armors:wooden_boots":1,"minecraft:birch_fence":42,"minecraft:stick":20,"minecraft:stone_pickaxe":1,"minecraft:wooden_axe":1,"minecraft:chest":2,"minecraft:white_bed":1,"immersive_armors:wooden_helmet":1,"minecraft:torch":4,"minecraft:wheat":63},"minecraft:picked_up":{"minecraft:charcoal":2,"minecraft:crafting_table":3,"minecraft:wheat":1,"gnumus:gnumus_claw":2,"regions_unexplored:silt_dirt":2,"minecraft:birch_planks":23,"doggytalents:rice_grains":15,"minecraft:oak_log":13,"regions_unexplored:salmon_poppy_bush":8,"festive_delight:cinnamon_sticks":1,"minecraft:dirt":47,"regions_unexplored:poppy_bush":73,"gnumus:gnumus_pouch_2":1,"minecraft:birch_fence":7,"minecraft:bone":3,"minecraft:bow":1,"minecraft:wheat_seeds":2,"touhou_little_maid:smart_slab_init":5,"storageracks:oak_wood_corner":11,"minecraft:chest":1,"regions_unexplored:orange_coneflower":3,"minecraft:furnace":2,"regions_unexplored:silver_birch_sapling":10,"minecraft:stick":20,"born_in_chaos_v1:shattered_skull":1,"minecraft:pumpkin":3,"minecraft:torch":1,"minecraft:porkchop":5,"iceandfire:rotten_egg":1,"minecraft:white_bed":2,"regions_unexplored:daisy":1,"alexsmobs:animal_dictionary":1,"regions_unexplored:hyssop":22,"minecraft:arrow":5,"minecraft:rotten_flesh":2,"regions_unexplored:fireweed":2,"regions_unexplored:silver_birch_log":83,"minecraft:hay_block":7,"touhou_little_maid:smart_slab_has_maid":3,"gnumus:gnumus_chickpeas":5,"minecraft:emerald":1,"minecraft:oak_sapling":7,"gnumus:mouse_skin":4,"minecraft:mutton":4,"minecraft:coal":4,"minecraft:white_wool":3,"minecraft:cobblestone":59},"minecraft:broken":{"minecraft:stone_axe":1,"minecraft:wooden_axe":1},"minecraft:killed":{"minecraft:pig":4,"minecraft:sheep":4,"minecraft:pillager":3,"gnumus:gnumus_hunter":1},"minecraft:used":{"regions_unexplored:silt_dirt":1,"minecraft:cooked_mutton":3,"minecraft:birch_planks":85,"minecraft:stone_pickaxe":56,"minecraft:oak_planks":1,"minecraft:chest":3,"minecraft:wooden_pickaxe":40,"touhou_little_maid:smart_slab_init":1,"minecraft:torch":2,"minecraft:dirt":43,"storageracks:oak_wood_corner":3,"minecraft:crafting_table":4,"minecraft:campfire":1,"minecraft:white_bed":3,"regions_unexplored:silver_birch_sapling":4,"minecraft:birch_fence":47,"regions_unexplored:fireweed":1,"minecraft:wooden_axe":43,"regions_unexplored:salmon_poppy_bush":1,"touhou_little_maid:smart_slab_has_maid":4,"minecraft:stone_axe":134,"immersive_armors:wooden_chestplate":1,"minecraft:cobblestone":27,"minecraft:cooked_porkchop":4,"minecraft:oak_sapling":1,"minecraft:furnace":3,"alexsmobs:animal_dictionary":6},"minecraft:mined":{"regions_unexplored:orange_coneflower":1,"minecraft:white_bed":2,"minecraft:oak_sapling":1,"minecraft:crafting_table":3,"regions_unexplored:salmon_poppy_bush":4,"minecraft:grass_block":31,"minecraft:chest":1,"regions_unexplored:poppy_bush":39,"minecraft:campfire":1,"minecraft:cobblestone":27,"regions_unexplored:silver_birch_sapling":1,"regions_unexplored:daisy":3,"minecraft:oak_planks":1,"minecraft:wall_torch":1,"minecraft:hay_block":7,"regions_unexplored:hyssop":12,"minecraft:birch_planks":24,"minecraft:furnace":2,"minecraft:pumpkin":3,"treechop:chopped_log":12,"minecraft:grass":35,"minecraft:oak_log":4,"minecraft:coal_ore":6,"regions_unexplored:silver_birch_log":2,"minecraft:dirt":35,"regions_unexplored:medium_grass":6,"minecraft:stone":55,"regions_unexplored:silt_grass_block":1,"storageracks:oak_wood_corner":3,"minecraft:birch_fence":7,"minecraft:oak_leaves":4,"regions_unexplored:fireweed":3},"minecraft:dropped":{"regions_unexplored:fireweed":4,"alexsmobs:animal_dictionary":1,"storageracks:oak_wood_corner":8,"minecraft:wheat":1,"regions_unexplored:hyssop":18,"touhou_little_maid:smart_slab_init":5,"regions_unexplored:daisy":1,"regions_unexplored:salmon_poppy_bush":5,"minecraft:oak_sapling":3,"touhou_little_maid:smart_slab_has_maid":3,"doggytalents:rice_grains":14,"regions_unexplored:poppy_bush":34,"regions_unexplored:silt_dirt":1,"festive_delight:cinnamon_sticks":2},"minecraft:custom":{"minecraft:interact_with_furnace":15,"minecraft:mob_kills":12,"minecraft:animals_bred":5,"minecraft:interact_with_crafting_table":23,"minecraft:time_since_death":34954,"minecraft:sleep_in_bed":4,"minecraft:climb_one_cm":368,"minecraft:time_since_rest":4301,"minecraft:sprint_one_cm":111679,"minecraft:damage_taken":513,"minecraft:walk_one_cm":217476,"minecraft:drop":39,"minecraft:damage_dealt":1880,"minecraft:swim_one_cm":8161,"minecraft:fly_one_cm":241236,"minecraft:open_chest":3,"minecraft:deaths":1,"minecraft:crouch_one_cm":6320,"minecraft:play_time":76866,"minecraft:sneak_time":1177,"minecraft:walk_under_water_one_cm":1125,"minecraft:jump":915,"minecraft:walk_on_water_one_cm":5761,"minecraft:total_world_time":76866,"minecraft:fall_one_cm":21734}},"DataVersion":3465}