{"stats":{"minecraft:crafted":{"minecraft:crafting_table":1,"minecraft:spruce_planks":40,"minecraft:wooden_pickaxe":1},"minecraft:picked_up":{"minecraft:stick":3,"minecraft:sweet_berries":17,"minecraft:spruce_sapling":2,"minecraft:spruce_log":10,"minecraft:dirt":31},"minecraft:used":{"minecraft:dirt":23,"minecraft:crafting_table":1,"minecraft:sweet_berries":8,"minecraft:wooden_pickaxe":14},"minecraft:mined":{"minecraft:grass":2,"minecraft:grass_block":21,"minecraft:dirt":11,"minecraft:sweet_berry_bush":10,"minecraft:stone":1,"minecraft:spruce_leaves":13,"treechop:chopped_log":1},"minecraft:custom":{"minecraft:time_since_rest":4069,"minecraft:open_chest":1,"minecraft:crouch_one_cm":3230,"minecraft:play_time":59216,"minecraft:sprint_one_cm":19434,"minecraft:deaths":1,"minecraft:damage_taken":237,"minecraft:walk_one_cm":9095,"minecraft:sneak_time":1266,"minecraft:walk_under_water_one_cm":69,"minecraft:jump":120,"minecraft:damage_dealt":68,"minecraft:walk_on_water_one_cm":719,"minecraft:time_since_death":4044,"minecraft:total_world_time":59216,"minecraft:swim_one_cm":2146,"minecraft:interact_with_crafting_table":1,"minecraft:fall_one_cm":2248,"minecraft:fly_one_cm":17301}},"DataVersion":3465}