{"stats":{"minecraft:crafted":{"minecraft:wooden_sword":1,"minecraft:oak_planks":20,"minecraft:wooden_shovel":1,"minecraft:crafting_table":1,"minecraft:spruce_planks":40,"minecraft:wooden_pickaxe":1,"minecraft:furnace":1,"minecraft:stone_axe":1,"farmersdelight:sweet_berry_cookie":8,"immersive_armors:wooden_chestplate":1,"immersive_armors:wooden_boots":1,"minecraft:stick":12,"minecraft:stone_pickaxe":2,"minecraft:torch":20},"minecraft:picked_up":{"regions_unexplored:peat_dirt":11,"minecraft:crafting_table":4,"minecraft:coarse_dirt":4,"minecraft:allium":3,"minecraft:wheat":3,"minecraft:wooden_pickaxe":1,"minecraft:oak_log":18,"minecraft:dirt":73,"minecraft:apple":1,"regions_unexplored:red_maple_shrub":1,"touhou_little_maid:smart_slab_init":1,"minecraft:spruce_planks":33,"minecraft:iron_ingot":2,"born_in_chaos_v1:smoked_flesh":5,"minecraft:iron_nugget":1,"regions_unexplored:larch_shrub":2,"minecraft:book":2,"minecraft:stick":5,"minecraft:raw_iron":10,"minecraft:sweet_berries":31,"patchouli:guide_book":2,"minecraft:torch":16,"minecraft:spruce_sapling":4,"minecraft:diorite":13,"minecraft:spruce_log":10,"alexsmobs:animal_dictionary":1,"regions_unexplored:maple_sapling":1,"farmersdelight:onion":1,"minecraft:oak_sapling":10,"minecraft:leather_horse_armor":1,"minecraft:coal":74,"minecraft:cobblestone":153},"minecraft:broken":{"minecraft:stone_pickaxe":1,"minecraft:wooden_pickaxe":1},"minecraft:killed":{"hordes:zombie_player":1},"minecraft:used":{"minecraft:stone_pickaxe":255,"minecraft:oak_planks":2,"regions_unexplored:peat_dirt":11,"minecraft:wooden_pickaxe":49,"minecraft:wooden_shovel":19,"minecraft:torch":19,"farmersdelight:onion":1,"minecraft:dirt":43,"minecraft:crafting_table":4,"minecraft:allium":3,"born_in_chaos_v1:smoked_flesh":2,"minecraft:apple":1,"minecraft:stone_axe":3,"minecraft:wooden_sword":12,"minecraft:sweet_berries":23},"minecraft:mined":{"minecraft:powder_snow":45,"minecraft:crafting_table":4,"regions_unexplored:red_maple_shrub":1,"minecraft:grass_block":23,"regions_unexplored:peat_grass_block":3,"regions_unexplored:maple_leaves":1,"minecraft:spruce_leaves":13,"minecraft:diorite":13,"minecraft:wall_torch":16,"farmersdelight:wild_onions":1,"minecraft:coarse_dirt":4,"minecraft:iron_ore":10,"minecraft:sweet_berry_bush":12,"treechop:chopped_log":3,"minecraft:grass":2,"minecraft:coal_ore":75,"minecraft:oak_log":2,"regions_unexplored:peat_dirt":8,"crittersandcompanions:silk_cocoon":1,"minecraft:dirt":45,"minecraft:stone":155,"minecraft:oak_leaves":5,"regions_unexplored:larch_shrub":2},"minecraft:custom":{"minecraft:mob_kills":1,"minecraft:interact_with_crafting_table":10,"minecraft:damage_dealt_resisted":52,"minecraft:leave_game":1,"minecraft:time_since_death":26673,"minecraft:time_since_rest":27512,"minecraft:sprint_one_cm":56345,"minecraft:damage_taken":647,"minecraft:walk_one_cm":51525,"minecraft:damage_dealt":386,"minecraft:swim_one_cm":5922,"minecraft:fly_one_cm":60267,"minecraft:open_chest":1,"minecraft:crouch_one_cm":4584,"minecraft:play_time":92289,"minecraft:deaths":2,"minecraft:sneak_time":3401,"minecraft:walk_under_water_one_cm":186,"minecraft:jump":514,"minecraft:walk_on_water_one_cm":998,"minecraft:total_world_time":92289,"minecraft:fall_one_cm":9590}},"DataVersion":3465}