{"stats":{"minecraft:crafted":{"minecraft:wooden_sword":1,"minecraft:oak_planks":20,"minecraft:crafting_table":1,"minecraft:spruce_planks":40,"minecraft:wooden_pickaxe":1,"minecraft:furnace":1,"farmersdelight:sweet_berry_cookie":8,"immersive_armors:wooden_chestplate":1,"immersive_armors:wooden_boots":1,"minecraft:stick":4,"minecraft:stone_pickaxe":1,"minecraft:torch":8},"minecraft:picked_up":{"regions_unexplored:peat_dirt":7,"minecraft:crafting_table":2,"minecraft:coarse_dirt":4,"minecraft:allium":3,"minecraft:wheat":3,"minecraft:wooden_pickaxe":1,"minecraft:oak_log":17,"minecraft:dirt":60,"regions_unexplored:red_maple_shrub":1,"touhou_little_maid:smart_slab_init":1,"minecraft:spruce_planks":33,"minecraft:iron_ingot":2,"born_in_chaos_v1:smoked_flesh":5,"minecraft:iron_nugget":1,"regions_unexplored:larch_shrub":2,"minecraft:book":2,"minecraft:stick":5,"minecraft:sweet_berries":31,"patchouli:guide_book":2,"minecraft:torch":5,"minecraft:spruce_sapling":4,"minecraft:spruce_log":10,"alexsmobs:animal_dictionary":1,"regions_unexplored:maple_sapling":1,"farmersdelight:onion":1,"minecraft:oak_sapling":9,"minecraft:leather_horse_armor":1,"minecraft:coal":33,"minecraft:cobblestone":56},"minecraft:broken":{"minecraft:wooden_pickaxe":1},"minecraft:killed":{"hordes:zombie_player":1},"minecraft:used":{"minecraft:stone_pickaxe":76,"minecraft:oak_planks":2,"regions_unexplored:peat_dirt":6,"minecraft:wooden_pickaxe":49,"minecraft:torch":7,"farmersdelight:onion":1,"minecraft:dirt":35,"minecraft:crafting_table":3,"minecraft:allium":3,"born_in_chaos_v1:smoked_flesh":2,"minecraft:wooden_sword":12,"minecraft:sweet_berries":23},"minecraft:mined":{"minecraft:powder_snow":30,"minecraft:crafting_table":2,"regions_unexplored:red_maple_shrub":1,"minecraft:grass_block":23,"regions_unexplored:peat_grass_block":1,"regions_unexplored:maple_leaves":1,"minecraft:spruce_leaves":13,"minecraft:wall_torch":5,"farmersdelight:wild_onions":1,"minecraft:coarse_dirt":4,"minecraft:sweet_berry_bush":12,"treechop:chopped_log":3,"minecraft:grass":2,"minecraft:coal_ore":34,"minecraft:oak_log":1,"regions_unexplored:peat_dirt":7,"crittersandcompanions:silk_cocoon":1,"minecraft:dirt":30,"minecraft:stone":58,"minecraft:oak_leaves":4,"regions_unexplored:larch_shrub":2},"minecraft:custom":{"minecraft:mob_kills":1,"minecraft:interact_with_crafting_table":7,"minecraft:damage_dealt_resisted":52,"minecraft:time_since_death":17600,"minecraft:time_since_rest":18439,"minecraft:sprint_one_cm":49860,"minecraft:damage_taken":647,"minecraft:walk_one_cm":29280,"minecraft:damage_dealt":386,"minecraft:swim_one_cm":5922,"minecraft:fly_one_cm":57445,"minecraft:open_chest":1,"minecraft:crouch_one_cm":4430,"minecraft:play_time":83216,"minecraft:deaths":2,"minecraft:sneak_time":3207,"minecraft:walk_under_water_one_cm":186,"minecraft:jump":440,"minecraft:walk_on_water_one_cm":998,"minecraft:total_world_time":83216,"minecraft:fall_one_cm":9381}},"DataVersion":3465}