{"stats":{"minecraft:crafted":{"minecraft:oak_planks":20,"minecraft:cooked_porkchop":7,"minecraft:crafting_table":1,"minecraft:wooden_pickaxe":1,"immersive_armors:wooden_leggings":1,"minecraft:furnace":1,"minecraft:bone_meal":10,"minecraft:birch_planks":28,"minecraft:stone_axe":1,"minecraft:cooked_mutton":5,"minecraft:air":0,"immersive_armors:wooden_chestplate":1,"immersive_armors:wooden_boots":1,"minecraft:stone_pickaxe":1,"minecraft:wooden_axe":1,"minecraft:white_bed":1,"immersive_armors:wooden_helmet":1,"minecraft:wheat":18},"minecraft:picked_up":{"minecraft:charcoal":2,"minecraft:crafting_table":2,"gnumus:gnumus_claw":2,"regions_unexplored:silt_dirt":1,"minecraft:birch_planks":5,"doggytalents:rice_grains":4,"minecraft:oak_log":13,"festive_delight:cinnamon_sticks":1,"minecraft:dirt":29,"gnumus:gnumus_pouch_2":1,"minecraft:bone":1,"minecraft:bow":1,"touhou_little_maid:smart_slab_init":5,"minecraft:furnace":1,"regions_unexplored:silver_birch_sapling":5,"minecraft:stick":8,"born_in_chaos_v1:shattered_skull":1,"minecraft:pumpkin":3,"minecraft:porkchop":5,"iceandfire:rotten_egg":1,"minecraft:white_bed":1,"regions_unexplored:daisy":1,"alexsmobs:animal_dictionary":1,"regions_unexplored:hyssop":9,"minecraft:arrow":5,"regions_unexplored:fireweed":1,"regions_unexplored:silver_birch_log":28,"minecraft:hay_block":7,"touhou_little_maid:smart_slab_has_maid":3,"gnumus:gnumus_chickpeas":5,"minecraft:emerald":1,"minecraft:oak_sapling":7,"gnumus:mouse_skin":4,"minecraft:mutton":4,"minecraft:coal":1,"minecraft:white_wool":3,"minecraft:cobblestone":41},"minecraft:broken":{"minecraft:wooden_axe":1},"minecraft:killed":{"minecraft:pig":4,"minecraft:sheep":4,"minecraft:pillager":3,"gnumus:gnumus_hunter":1},"minecraft:used":{"minecraft:cooked_mutton":3,"minecraft:birch_planks":24,"minecraft:stone_pickaxe":12,"minecraft:oak_planks":1,"minecraft:wooden_pickaxe":40,"touhou_little_maid:smart_slab_init":1,"minecraft:dirt":26,"minecraft:crafting_table":3,"minecraft:white_bed":2,"minecraft:wooden_axe":43,"touhou_little_maid:smart_slab_has_maid":2,"minecraft:stone_axe":35,"immersive_armors:wooden_chestplate":1,"minecraft:cobblestone":27,"minecraft:oak_sapling":1,"minecraft:furnace":2,"alexsmobs:animal_dictionary":6},"minecraft:mined":{"minecraft:white_bed":1,"minecraft:oak_sapling":1,"minecraft:crafting_table":2,"minecraft:grass_block":10,"minecraft:campfire":1,"minecraft:cobblestone":14,"regions_unexplored:daisy":3,"minecraft:oak_planks":1,"minecraft:hay_block":7,"regions_unexplored:hyssop":7,"minecraft:birch_planks":6,"minecraft:furnace":1,"minecraft:pumpkin":3,"treechop:chopped_log":6,"minecraft:grass":29,"minecraft:oak_log":4,"minecraft:coal_ore":1,"regions_unexplored:silver_birch_log":2,"minecraft:dirt":21,"regions_unexplored:medium_grass":3,"minecraft:stone":32,"regions_unexplored:silt_grass_block":1,"minecraft:oak_leaves":4,"regions_unexplored:fireweed":3},"minecraft:dropped":{"regions_unexplored:fireweed":2,"alexsmobs:animal_dictionary":1,"regions_unexplored:hyssop":2,"touhou_little_maid:smart_slab_init":5,"regions_unexplored:daisy":1,"minecraft:oak_sapling":3,"touhou_little_maid:smart_slab_has_maid":3,"doggytalents:rice_grains":2,"regions_unexplored:silt_dirt":1,"festive_delight:cinnamon_sticks":2},"minecraft:custom":{"minecraft:interact_with_furnace":11,"minecraft:mob_kills":12,"minecraft:animals_bred":1,"minecraft:interact_with_crafting_table":10,"minecraft:time_since_death":4954,"minecraft:sleep_in_bed":1,"minecraft:climb_one_cm":368,"minecraft:time_since_rest":952,"minecraft:sprint_one_cm":60136,"minecraft:damage_taken":503,"minecraft:walk_one_cm":108990,"minecraft:drop":21,"minecraft:damage_dealt":1860,"minecraft:swim_one_cm":6997,"minecraft:fly_one_cm":120627,"minecraft:open_chest":1,"minecraft:deaths":1,"minecraft:crouch_one_cm":1426,"minecraft:play_time":46866,"minecraft:sneak_time":368,"minecraft:walk_under_water_one_cm":970,"minecraft:jump":492,"minecraft:walk_on_water_one_cm":4620,"minecraft:total_world_time":46866,"minecraft:fall_one_cm":13301}},"DataVersion":3465}