{"stats":{"minecraft:crafted":{"minecraft:oak_planks":32,"minecraft:cooked_chicken":4,"minecraft:furnace":2,"iceandfire:lectern":1,"minecraft:bone_meal":27,"naturalist:cooked_bass":1,"minecraft:cooked_mutton":12,"antlers:jerkey":53,"minecraft:stone_pickaxe":5,"minecraft:chest":1,"minecraft:cooked_beef":25,"sophisticatedbackpacks:backpack":1,"minecraft:cooked_porkchop":3,"minecraft:crafting_table":2,"cfm:jungle_chair":4,"minecraft:wooden_pickaxe":1,"biomesoplenty:willow_planks":8,"minecraft:stone_axe":2,"minecraft:air":0,"minecraft:jungle_planks":80,"iceandfire:bestiary":1,"minecraft:stick":16,"minecraft:iron_ingot":5,"minecraft:gold_ingot":8,"minecraft:torch":4},"minecraft:used":{"iceandfire:lectern":2,"graveyard:dark_oak_coffin":3,"cfm:jungle_chair":8,"minecraft:rotten_flesh":4,"minecraft:white_candle":1,"minecraft:torch":9,"minecraft:dirt":18,"minecraft:jungle_planks":28,"naturalist:cooked_bass":1,"minecraft:wooden_axe":45,"minecraft:smooth_basalt":14,"minecraft:mangrove_roots":4,"minecraft:furnace":3,"minecraft:cooked_beef":7,"graveyard:small_black_urn":1,"minecraft:wither_skeleton_skull":1,"domum_ornamentum:blockbarreldeco_standing":2,"minecraft:stone_pickaxe":349,"biomesoplenty:willow_planks":8,"minecraft:oak_planks":1,"minecraft:wooden_pickaxe":104,"minecraft:loom":2,"minecraft:crafting_table":5,"antlers:jerkey":3,"minecraft:apple":4,"minecraft:bread":1,"minecraft:melon_slice":2,"minecraft:jungle_stairs":1,"minecraft:spruce_sapling":1,"minecraft:golden_leggings":1,"minecraft:stone_axe":155,"minecraft:cobblestone":12,"minecraft:cooked_porkchop":3,"alexsmobs:animal_dictionary":4},"minecraft:dropped":{"minecraft:moss_block":8,"minecraft:wheat_seeds":2,"minecraft:loom":1,"minecraft:cobblestone":51,"minecraft:jungle_planks":111,"minecraft:stick":1,"graveyard:small_black_urn":5,"minecraft:dirt":1,"minecraft:torch":6,"minecraft:crimson_roots":15,"minecraft:nether_wart_block":5,"minecraft:melon_slice":32,"gravestone:obituary":56,"minecraft:cactus":2,"minecraft:smooth_basalt":23,"minecraft:note_block":3,"minecraft:stone_axe":1,"minecraft:soul_soil":2,"minecraft:raw_copper":12,"minecraft:stone_shovel":1,"minecraft:polished_deepslate_slab":2,"minecraft:oak_planks":3,"minecraft:iron_boots":3,"minecraft:cobbled_deepslate_slab":1,"minecraft:flint_and_steel":1,"minecraft:rabbit_hide":3,"minecraft:leather_chestplate":4,"graveyard:small_light_gray_urn":9,"minecraft:jungle_stairs":32,"born_in_chaos_v1:corpse_maggot":4,"minecraft:oak_sapling":1,"minecraft:leather_leggings":1,"minecraft:brown_carpet":2,"minecraft:basalt":1,"minecraft:stone_pickaxe":4,"alexsmobs:banana":1,"graveyard:dark_iron_bars":1},"minecraft:killed":{"born_in_chaos_v1:restless_spirit":1,"minecraft:pig":1,"bwrtherain:spider_skull":1,"minecraft:pillager":1,"minecraft:zombie":4,"born_in_chaos_v1:corpse_fly":2},"minecraft:broken":{"minecraft:wooden_pickaxe":1,"minecraft:stone_axe":1,"minecraft:wooden_axe":2},"minecraft:picked_up":{"minecraft:cocoa_beans":3,"minecraft:crafting_table":4,"minecraft:coarse_dirt":4,"minecraft:wheat":17,"minecraft:leather_leggings":3,"minecraft:stone_slab":1,"gravestone:obituary":30,"minecraft:shield":1,"minecraft:string":15,"minecraft:soul_soil":2,"minecraft:moss_carpet":1,"minecraft:raw_copper":18,"minecraft:flint_and_steel":1,"minecraft:armor_stand":1,"born_in_chaos_v1:intoxicating_decoction":1,"cfm:jungle_chair":3,"graveyard:small_black_urn":6,"minecraft:candle":3,"alexsmobs:banana":1,"minecraft:beef":8,"graveyard:dark_oak_coffin":3,"minecraft:jungle_sapling":2,"minecraft:melon_slice":63,"minecraft:sugar_cane":5,"minecraft:iron_boots":4,"alexsmobs:leafcutter_ant_chamber":10,"minecraft:furnace":1,"minecraft:stick":31,"minecraft:polished_deepslate_slab":2,"born_in_chaos_v1:shattered_skull":1,"minecraft:oak_door":1,"minecraft:copper_ingot":4,"minecraft:torch":6,"minecraft:note_block":4,"minecraft:porkchop":3,"graveyard:dark_iron_bars":1,"minecraft:redstone":12,"iceandfire:deathworm_egg_giant":1,"minecraft:brown_carpet":2,"minecraft:cactus":2,"minecraft:rotten_flesh":30,"minecraft:tropical_fish":3,"biomesoplenty:willow_sapling":2,"minecraft:jungle_stairs":1,"minecraft:mangrove_roots":13,"minecraft:gold_ingot":3,"minecraft:glow_berries":1,"minecraft:mutton":10,"minecraft:skeleton_skull":1,"minecraft:bone_block":2,"minecraft:cobblestone":206,"born_in_chaos_v1:corpse_maggot":4,"minecraft:leather_chestplate":4,"minecraft:feather":1,"minecraft:basalt":7,"born_in_chaos_v1:monster_flesh":1,"domum_ornamentum:blockbarreldeco_standing":2,"minecraft:jungle_log":30,"minecraft:leather":4,"graveyard:small_light_gray_urn":9,"minecraft:oak_log":86,"minecraft:nether_wart_block":10,"minecraft:wither_skeleton_skull":2,"minecraft:dirt":47,"minecraft:leather_boots":1,"minecraft:cooked_mutton":1,"naturalist:bass":1,"minecraft:bone":33,"minecraft:apple":4,"minecraft:wheat_seeds":10,"minecraft:raw_gold":8,"minecraft:cobbled_deepslate_slab":2,"minecraft:iron_ingot":6,"minecraft:stone_pickaxe":2,"minecraft:cobweb":13,"minecraft:bamboo":5,"minecraft:moss_block":8,"minecraft:oak_planks":7,"minecraft:book":15,"minecraft:smooth_basalt":18,"minecraft:jungle_planks":31,"minecraft:spruce_sapling":1,"minecraft:ink_sac":3,"minecraft:loom":3,"minecraft:white_candle":3,"biomesoplenty:willow_log":4,"iceandfire:lectern":1,"minecraft:soul_lantern":5,"minecraft:bone_meal":14,"minecraft:oak_sapling":49,"minecraft:coal":53,"minecraft:crimson_roots":20},"minecraft:custom":{"minecraft:mob_kills":10,"minecraft:interact_with_crafting_table":15,"minecraft:open_barrel":27,"minecraft:damage_dealt_resisted":17,"minecraft:leave_game":7,"minecraft:time_since_death":148313,"minecraft:climb_one_cm":25336,"minecraft:sprint_one_cm":323575,"minecraft:walk_one_cm":396835,"minecraft:drop":140,"minecraft:play_noteblock":3,"minecraft:play_time":343516,"minecraft:sneak_time":17762,"minecraft:deaths":30,"minecraft:walk_under_water_one_cm":12074,"minecraft:jump":3471,"minecraft:walk_on_water_one_cm":24589,"minecraft:total_world_time":343516,"minecraft:interact_with_furnace":55,"minecraft:tune_noteblock":136,"minecraft:sleep_in_bed":3,"minecraft:time_since_rest":117973,"minecraft:damage_taken":208400,"minecraft:trigger_trapped_chest":2,"minecraft:damage_dealt":2874,"minecraft:swim_one_cm":45386,"minecraft:fly_one_cm":602389,"minecraft:player_kills":2,"minecraft:open_chest":127,"minecraft:crouch_one_cm":32211,"minecraft:fall_one_cm":124663},"minecraft:mined":{"biomesoplenty:spanish_moss":1,"graveyard:small_black_urn":1,"alexsmobs:leafcutter_anthill":1,"biomesoplenty:desert_grass":5,"minecraft:mangrove_roots":17,"gravestone:gravestone":26,"minecraft:cobbled_deepslate_slab":6,"minecraft:grass_block":15,"minecraft:spruce_fence":1,"minecraft:jungle_planks":4,"minecraft:jungle_log":4,"minecraft:redstone_wire":1,"iceandfire:lectern":1,"alexsmobs:leafcutter_ant_chamber":10,"minecraft:soul_campfire":1,"minecraft:spruce_leaves":7,"minecraft:composter":1,"minecraft:moss_block":1,"minecraft:large_fern":2,"minecraft:furnace":2,"cfm:jungle_chair":4,"graveyard:tg_moss_block":1,"minecraft:polished_basalt":1,"graveyard:leaning_wither_skeleton":1,"treechop:chopped_log":14,"minecraft:bookshelf":5,"minecraft:polished_deepslate_slab":6,"minecraft:vine":3,"minecraft:bamboo":1,"minecraft:stone":198,"minecraft:bone_block":2,"biomesoplenty:willow_leaves":2,"minecraft:brown_carpet":1,"minecraft:basalt":7,"minecraft:soul_lantern":2,"graveyard:small_light_gray_urn":4,"minecraft:crafting_table":4,"minecraft:torch":1,"minecraft:jungle_stairs":1,"minecraft:melon":14,"minecraft:stone_slab":1,"minecraft:tall_grass":2,"minecraft:wither_skeleton_wall_skull":1,"minecraft:cobblestone":10,"minecraft:white_candle":1,"biomesoplenty:willow_log":2,"minecraft:oak_planks":1,"minecraft:sugar_cane":5,"graveyard:gravestone":1,"minecraft:wall_torch":2,"minecraft:skeleton_skull":1,"domum_ornamentum:blockbarreldeco_standing":2,"minecraft:cactus":1,"minecraft:coarse_dirt":5,"graveyard:wither_skeleton_hand":1,"graveyard:vase_block":6,"graveyard:skull_with_rib_cage":1,"biomesoplenty:spanish_moss_plant":2,"graveyard:dark_oak_coffin":1,"graveyard:skull_pile":2,"minecraft:grass":68,"graveyard:dark_iron_bars":1,"minecraft:oak_log":2,"minecraft:coal_ore":50,"minecraft:cocoa":2,"minecraft:loom":3,"graveyard:leaning_skeleton":2,"minecraft:dirt":32,"minecraft:smooth_basalt":17,"minecraft:oak_leaves":6,"minecraft:fern":28},"minecraft:killed_by":{"undead_revamp2:sucker":2,"minecraft:player":3,"alexsmobs:alligator_snapping_turtle":1,"minecraft:pillager":1,"alexsmobs:bison":2,"endofherobrine:sheep":1,"iceandfire:stymphalian_bird":1,"antlers:wendigo":6,"iceandfire:ghost":2,"smile:happy_chase":3}},"DataVersion":3465}