{"stats":{"minecraft:picked_up":{"born_in_chaos_v1:corpse_maggot":4,"minecraft:cocoa_beans":3,"minecraft:crafting_table":3,"minecraft:feather":1,"minecraft:basalt":7,"minecraft:jungle_log":4,"domum_ornamentum:blockbarreldeco_standing":2,"minecraft:stone_slab":1,"minecraft:oak_log":18,"gravestone:obituary":7,"minecraft:dirt":1,"minecraft:moss_carpet":1,"minecraft:flint_and_steel":1,"born_in_chaos_v1:intoxicating_decoction":1,"minecraft:bone":2,"minecraft:apple":1,"minecraft:stone_pickaxe":1,"minecraft:bamboo":5,"minecraft:melon_slice":13,"minecraft:oak_planks":1,"minecraft:furnace":1,"minecraft:stick":3,"minecraft:smooth_basalt":16,"minecraft:oak_door":1,"minecraft:torch":2,"minecraft:porkchop":2,"minecraft:jungle_planks":28,"minecraft:rotten_flesh":5,"minecraft:mangrove_roots":13,"minecraft:oak_sapling":10,"minecraft:coal":16,"minecraft:cobblestone":46},"minecraft:crafted":{"minecraft:cooked_porkchop":2,"minecraft:crafting_table":1,"minecraft:wooden_pickaxe":1,"minecraft:furnace":1,"minecraft:air":0,"minecraft:jungle_planks":16,"minecraft:stick":4,"minecraft:iron_ingot":1,"minecraft:stone_pickaxe":2},"minecraft:used":{"domum_ornamentum:blockbarreldeco_standing":2,"minecraft:stone_pickaxe":102,"minecraft:wooden_pickaxe":34,"minecraft:rotten_flesh":4,"minecraft:torch":1,"minecraft:crafting_table":3,"minecraft:jungle_planks":25,"minecraft:apple":1,"minecraft:bread":1,"minecraft:smooth_basalt":14,"minecraft:mangrove_roots":4,"minecraft:furnace":2,"minecraft:cooked_porkchop":2},"minecraft:custom":{"minecraft:interact_with_furnace":7,"minecraft:mob_kills":2,"minecraft:interact_with_crafting_table":5,"minecraft:leave_game":2,"minecraft:time_since_death":863,"minecraft:climb_one_cm":3943,"minecraft:time_since_rest":928,"minecraft:sprint_one_cm":70577,"minecraft:damage_taken":103272,"minecraft:walk_one_cm":93147,"minecraft:drop":41,"minecraft:damage_dealt":581,"minecraft:swim_one_cm":6995,"minecraft:fly_one_cm":132720,"minecraft:open_chest":13,"minecraft:crouch_one_cm":13939,"minecraft:play_time":66931,"minecraft:deaths":12,"minecraft:sneak_time":8883,"minecraft:walk_under_water_one_cm":3768,"minecraft:jump":815,"minecraft:walk_on_water_one_cm":7030,"minecraft:total_world_time":66931,"minecraft:fall_one_cm":30895},"minecraft:mined":{"minecraft:basalt":7,"minecraft:mangrove_roots":13,"minecraft:crafting_table":3,"gravestone:gravestone":9,"minecraft:grass_block":1,"minecraft:melon":3,"minecraft:jungle_planks":2,"minecraft:jungle_log":3,"minecraft:stone_slab":1,"minecraft:cobblestone":9,"minecraft:tall_grass":2,"domum_ornamentum:blockbarreldeco_standing":2,"minecraft:furnace":2,"treechop:chopped_log":4,"minecraft:grass":12,"minecraft:coal_ore":17,"minecraft:oak_log":2,"minecraft:cocoa":1,"minecraft:smooth_basalt":15,"minecraft:bamboo":1,"minecraft:stone":38,"minecraft:oak_leaves":1,"minecraft:fern":7},"minecraft:killed_by":{"antlers:wendigo":4,"smile:happy_chase":3},"minecraft:dropped":{"minecraft:oak_planks":1,"minecraft:jungle_planks":1,"minecraft:flint_and_steel":1,"born_in_chaos_v1:corpse_maggot":4,"minecraft:melon_slice":13,"minecraft:oak_sapling":1,"gravestone:obituary":18,"minecraft:stone_pickaxe":2},"minecraft:killed":{"born_in_chaos_v1:corpse_fly":2}},"DataVersion":3465}