{"stats":{"minecraft:dropped":{"regions_unexplored:fireweed":27,"regions_unexplored:willow_shrub":2,"minecraft:loom":1,"storageracks:oak_wood_corner":8,"minecraft:cooked_porkchop":1,"gnumus:mouse_skin":8,"regions_unexplored:daisy":13,"minecraft:cod":4,"regions_unexplored:small_oak_log":8,"mca:book_romance":2,"regions_unexplored:salmon_poppy_bush":5,"minecraft:torch":2,"immersive_armors:wooden_leggings":1,"minecraft:rose_bush":1,"regions_unexplored:purple_lupine":1,"minecraft:sunflower":13,"farmersdelight:onion":7,"touhou_little_maid:smart_slab_empty":1,"regions_unexplored:poppy_bush":34,"immersive_armors:wooden_chestplate":2,"minecraft:white_tulip":9,"minecraft:stone_axe":1,"comforts:sleeping_bag_red":2,"regions_unexplored:pine_log":15,"minecraft:stone_sword":16,"alexsmobs:animal_dictionary":1,"minecraft:raw_iron":2,"minecraft:wheat":1,"immersive_armors:wooden_boots":2,"minecraft:rotten_flesh":18,"minecraft:oak_planks":30,"regions_unexplored:hyssop":60,"minecraft:cooked_mutton":7,"doggytalents:rice_wheat":2,"minecraft:white_bed":1,"touhou_little_maid:smart_slab_init":5,"minecraft:potato":1,"gnumus:gnumus_clay":1,"minecraft:allium":5,"born_in_chaos_v1:corpse_maggot":5,"minecraft:oak_sapling":3,"touhou_little_maid:smart_slab_has_maid":4,"doggytalents:rice_grains":14,"minecraft:stone_pickaxe":3,"regions_unexplored:silt_dirt":1,"festive_delight:cinnamon_sticks":2,"regions_unexplored:blue_lupine":2,"immersive_armors:wooden_helmet":2},"minecraft:mined":{"minecraft:white_bed":3,"minecraft:oak_sapling":1,"minecraft:potted_cactus":1,"minecraft:orange_wool":1,"regions_unexplored:red_maple_shrub":1,"minecraft:grass_block":32,"regions_unexplored:poppy_bush":131,"iceandfire:lectern":1,"regions_unexplored:aster":1,"regions_unexplored:silver_birch_sapling":1,"minecraft:composter":1,"minecraft:hay_block":61,"minecraft:furnace":2,"minecraft:carrots":31,"minecraft:moss_carpet":1,"minecraft:pumpkin":8,"treechop:chopped_log":28,"minecraft:bookshelf":27,"minecraft:potatoes":13,"iceandfire:gold_pile":1,"iceandfire:pixie_house_spruce":1,"minecraft:potted_cornflower":2,"regions_unexplored:medium_grass":72,"minecraft:white_tulip":1,"minecraft:stone":197,"iceandfire:podium_spruce":1,"regions_unexplored:windswept_grass":3,"regions_unexplored:silt_grass_block":430,"minecraft:white_wool":7,"storageracks:oak_wood_corner":3,"regions_unexplored:orange_coneflower":17,"doggytalents:rice_crop":1,"minecraft:scaffolding":15,"regions_unexplored:willow_log":1,"regions_unexplored:silver_birch_leaf_pile":37,"minecraft:brown_carpet":1,"minecraft:oak_fence":2,"minecraft:crafting_table":3,"minecraft:torch":10,"regions_unexplored:salmon_poppy_bush":11,"regions_unexplored:silt_dirt":65,"minecraft:chest":2,"minecraft:lectern":1,"minecraft:campfire":2,"minecraft:tall_grass":1,"minecraft:cobblestone":27,"regions_unexplored:daisy":5,"minecraft:sugar_cane":2,"minecraft:oak_planks":2,"minecraft:wall_torch":4,"minecraft:birch_planks":29,"regions_unexplored:hyssop":16,"regions_unexplored:willow_slab":17,"regions_unexplored:silt_coarse_dirt":50,"minecraft:wheat":48,"minecraft:sweet_berry_bush":1,"iceandfire:pixie_house_mushroom_red":1,"touhou_little_maid:shrine":1,"minecraft:grass":131,"minecraft:potted_azure_bluet":2,"iceandfire:silver_pile":1,"minecraft:oak_log":4,"minecraft:coal_ore":18,"minecraft:beetroots":6,"minecraft:loom":1,"regions_unexplored:silver_birch_log":9,"minecraft:dirt":36,"minecraft:cobweb":1,"regions_unexplored:clover":1,"paraglider:goddess_statue":4,"minecraft:oak_leaves":4,"minecraft:birch_fence":16,"regions_unexplored:tassel":1,"regions_unexplored:fireweed":7},"minecraft:custom":{"minecraft:mob_kills":64,"minecraft:animals_bred":17,"minecraft:interact_with_crafting_table":64,"minecraft:leave_game":5,"minecraft:time_since_death":3671,"minecraft:climb_one_cm":1449,"minecraft:sprint_one_cm":372858,"minecraft:walk_one_cm":728127,"minecraft:drop":114,"minecraft:play_time":225745,"minecraft:deaths":19,"minecraft:sneak_time":3512,"minecraft:walk_under_water_one_cm":3384,"minecraft:jump":2558,"minecraft:walk_on_water_one_cm":11146,"minecraft:total_world_time":225745,"minecraft:interact_with_furnace":57,"minecraft:sleep_in_bed":7,"minecraft:time_since_rest":3695,"minecraft:damage_taken":5385,"minecraft:damage_dealt":11244,"minecraft:swim_one_cm":12396,"minecraft:fly_one_cm":646301,"minecraft:open_chest":87,"minecraft:crouch_one_cm":13610,"minecraft:fall_one_cm":57315},"minecraft:crafted":{"minecraft:oak_planks":84,"minecraft:stone_shovel":3,"regions_unexplored:willow_shrub":1,"minecraft:furnace":1,"minecraft:stone":19,"minecraft:bone_meal":10,"minecraft:cooked_mutton":23,"immersive_armors:wooden_chestplate":1,"born_in_chaos_v1:fried_maggot":2,"minecraft:stone_pickaxe":7,"minecraft:chest":6,"regions_unexplored:willow_planks":164,"immersive_armors:wooden_helmet":1,"regions_unexplored:willow_slab":6,"minecraft:stone_hoe":1,"regions_unexplored:willow_wood":3,"minecraft:wheat":63,"minecraft:wooden_shovel":2,"minecraft:cooked_porkchop":19,"minecraft:crafting_table":1,"minecraft:wooden_pickaxe":1,"immersive_armors:wooden_leggings":1,"minecraft:birch_planks":160,"minecraft:campfire":1,"minecraft:stone_axe":4,"minecraft:bread":6,"minecraft:air":0,"immersive_armors:wooden_boots":1,"minecraft:charcoal":19,"minecraft:birch_fence":42,"minecraft:stick":56,"minecraft:wooden_axe":1,"minecraft:stone_sword":2,"minecraft:white_bed":2,"minecraft:torch":52},"minecraft:broken":{"minecraft:wooden_shovel":2,"minecraft:stone_pickaxe":1,"minecraft:stone_axe":3,"minecraft:wooden_axe":1,"minecraft:stone_shovel":3},"minecraft:killed":{"hordes:zombie_player":16,"born_in_chaos_v1:maggot":3,"minecraft:chicken":2,"gnumus:gnumus_hunter":1,"born_in_chaos_v1:skeleton_thrasher":1,"minecraft:husk":1,"minecraft:pig":10,"minecraft:zombie_villager":1,"minecraft:rabbit":1,"gnumus:marsupial_mousse":1,"minecraft:sheep":14,"minecraft:pillager":3,"minecraft:zombie":6,"born_in_chaos_v1:corpse_fly":3,"alexsmobs:crow":1},"minecraft:picked_up":{"regions_unexplored:small_oak_log":20,"minecraft:charcoal":4,"minecraft:crafting_table":3,"minecraft:wheat":101,"minecraft:azure_bluet":2,"minecraft:flower_pot":5,"minecraft:chicken":2,"regions_unexplored:silt_coarse_dirt":41,"gnumus:gnumus_claw":2,"regions_unexplored:silt_dirt":394,"minecraft:wooden_pickaxe":8,"doggytalents:rice_wheat":6,"minecraft:string":1,"minecraft:cornflower":2,"paraglider:goddess_statue":8,"minecraft:moss_carpet":2,"regions_unexplored:poppy_bush":187,"minecraft:birch_fence":21,"iceandfire:bestiary":2,"minecraft:gold_nugget":36,"regions_unexplored:pine_log":15,"touhou_little_maid:smart_slab_init":5,"minecraft:white_tulip":30,"minecraft:rose_bush":3,"immersive_armors:wooden_leggings":11,"minecraft:lectern":1,"minecraft:sugar_cane":8,"minecraft:chest":2,"minecraft:furnace":2,"minecraft:stick":233,"minecraft:raw_iron":6,"born_in_chaos_v1:shattered_skull":1,"regions_unexplored:silver_birch_leaf_pile":160,"minecraft:composter":1,"minecraft:oak_fence":2,"minecraft:torch":22,"regions_unexplored:blue_lupine":2,"minecraft:porkchop":20,"iceandfire:rotten_egg":1,"minecraft:carrot":52,"born_in_chaos_v1:pieceofdarkmetal":1,"regions_unexplored:daisy":37,"minecraft:brown_carpet":8,"minecraft:cactus":1,"minecraft:stone_sword":25,"regions_unexplored:willow_slab":16,"immersive_armors:wooden_helmet":12,"minecraft:arrow":5,"minecraft:rotten_flesh":39,"farmersdelight:onion":21,"minecraft:beetroot_seeds":5,"regions_unexplored:felicia_daisy":2,"minecraft:hay_block":73,"comforts:sleeping_bag_red":4,"touhou_little_maid:smart_slab_has_maid":10,"gnumus:gnumus_chickpeas":11,"gnumus:mouse_skin":28,"minecraft:mutton":26,"minecraft:cod":9,"minecraft:white_wool":26,"minecraft:cobblestone":141,"minecraft:oxeye_daisy":1,"born_in_chaos_v1:corpse_maggot":12,"minecraft:feather":13,"minecraft:brown_wool":1,"minecraft:potato":21,"minecraft:birch_planks":30,"doggytalents:rice_grains":26,"minecraft:oak_log":13,"festive_delight:cinnamon_sticks":1,"regions_unexplored:salmon_poppy_bush":28,"mca:book_romance":5,"regions_unexplored:tassel":4,"minecraft:dirt":49,"minecraft:lantern":3,"regions_unexplored:small_oak_sapling":3,"iceandfire:pixie_house_mushroom_red":1,"gnumus:gnumus_pouch_2":1,"minecraft:cooked_mutton":11,"regions_unexplored:aster":5,"minecraft:bone":6,"minecraft:bow":7,"regions_unexplored:red_maple_shrub":2,"minecraft:wheat_seeds":400,"minecraft:rabbit_hide":1,"minecraft:stone_pickaxe":44,"storageracks:oak_wood_corner":11,"minecraft:rabbit":6,"minecraft:oak_planks":65,"minecraft:stone_hoe":6,"minecraft:book":95,"regions_unexplored:orange_coneflower":50,"regions_unexplored:silver_birch_sapling":36,"minecraft:oak_slab":3,"minecraft:scaffolding":23,"iceandfire:copper_nugget":28,"minecraft:cooked_porkchop":4,"iceandfire:podium_spruce":2,"minecraft:sweet_berries":6,"minecraft:pumpkin":8,"regions_unexplored:willow_sapling":20,"touhou_little_maid:smart_slab_empty":1,"minecraft:white_bed":3,"minecraft:loom":2,"minecraft:orange_wool":1,"alexsmobs:animal_dictionary":1,"regions_unexplored:hyssop":150,"gnumus:gnumus_clay":2,"iceandfire:pixie_house_spruce":1,"regions_unexplored:fireweed":70,"minecraft:stone_axe":11,"iceandfire:lectern":2,"immersive_armors:wooden_chestplate":12,"regions_unexplored:silver_birch_log":162,"regions_unexplored:clover":2,"regions_unexplored:willow_log":74,"minecraft:emerald":1,"minecraft:oak_sapling":8,"iceandfire:silver_nugget":20,"touhou_little_maid:shrine":1,"immersive_armors:wooden_boots":12,"minecraft:coal":14,"minecraft:sunflower":39},"minecraft:used":{"minecraft:stone_sword":187,"minecraft:stone_shovel":441,"minecraft:chest":8,"minecraft:stone":10,"minecraft:wooden_shovel":138,"doggytalents:rice_grains":19,"born_in_chaos_v1:fried_maggot":1,"minecraft:stone_hoe":130,"minecraft:rotten_flesh":2,"touhou_little_maid:smart_slab_init":1,"minecraft:torch":7,"minecraft:dirt":44,"regions_unexplored:silver_birch_sapling":4,"touhou_little_maid:power_point":1,"minecraft:wooden_axe":43,"regions_unexplored:salmon_poppy_bush":1,"regions_unexplored:willow_slab":23,"immersive_armors:wooden_chestplate":1,"minecraft:oak_sapling":1,"minecraft:furnace":3,"minecraft:wheat_seeds":40,"minecraft:cooked_mutton":10,"iceandfire:pixie_house_spruce":1,"minecraft:birch_planks":88,"minecraft:oak_planks":1,"minecraft:stone_pickaxe":399,"minecraft:wooden_pickaxe":40,"touhou_little_maid:shrine":2,"minecraft:sugar_cane":8,"minecraft:loom":1,"storageracks:oak_wood_corner":3,"minecraft:crafting_table":4,"minecraft:white_bed":5,"minecraft:campfire":1,"minecraft:birch_fence":57,"regions_unexplored:fireweed":1,"gnumus:gnumus_chickpeas":5,"touhou_little_maid:smart_slab_has_maid":26,"iceandfire:pixie_house_mushroom_red":1,"minecraft:stone_axe":453,"immersive_armors:wooden_boots":1,"minecraft:cobblestone":27,"minecraft:cooked_porkchop":16,"alexsmobs:animal_dictionary":7,"regions_unexplored:silt_dirt":203}},"DataVersion":3465}