{"stats":{"minecraft:picked_up":{"minecraft:crafting_table":3,"minecraft:cocoa_beans":3,"born_in_chaos_v1:corpse_maggot":4,"minecraft:coarse_dirt":4,"minecraft:feather":1,"minecraft:basalt":7,"domum_ornamentum:blockbarreldeco_standing":2,"minecraft:jungle_log":17,"minecraft:stone_slab":1,"minecraft:oak_log":84,"gravestone:obituary":14,"minecraft:dirt":12,"minecraft:moss_carpet":1,"minecraft:flint_and_steel":1,"naturalist:bass":1,"minecraft:cooked_mutton":1,"born_in_chaos_v1:intoxicating_decoction":1,"minecraft:bone":3,"minecraft:apple":4,"minecraft:wheat_seeds":8,"minecraft:stone_pickaxe":1,"minecraft:bamboo":5,"minecraft:melon_slice":22,"minecraft:oak_planks":7,"alexsmobs:leafcutter_ant_chamber":10,"minecraft:furnace":1,"minecraft:stick":26,"minecraft:smooth_basalt":16,"minecraft:oak_door":1,"minecraft:torch":2,"minecraft:porkchop":3,"minecraft:jungle_planks":31,"minecraft:ink_sac":3,"minecraft:rotten_flesh":7,"minecraft:tropical_fish":3,"minecraft:jungle_stairs":1,"minecraft:mangrove_roots":13,"minecraft:oak_sapling":45,"minecraft:coal":29,"minecraft:cobblestone":97},"minecraft:used":{"domum_ornamentum:blockbarreldeco_standing":2,"minecraft:stone_pickaxe":155,"minecraft:oak_planks":1,"minecraft:wooden_pickaxe":104,"cfm:jungle_chair":4,"minecraft:rotten_flesh":4,"minecraft:torch":1,"minecraft:dirt":5,"minecraft:crafting_table":3,"minecraft:jungle_planks":28,"antlers:jerkey":1,"minecraft:wooden_axe":42,"minecraft:apple":4,"minecraft:bread":1,"minecraft:melon_slice":2,"minecraft:jungle_stairs":1,"minecraft:golden_leggings":1,"minecraft:smooth_basalt":14,"minecraft:stone_axe":41,"minecraft:cobblestone":1,"minecraft:mangrove_roots":4,"minecraft:furnace":3,"minecraft:cooked_porkchop":3,"alexsmobs:animal_dictionary":1,"minecraft:cooked_beef":2},"minecraft:crafted":{"minecraft:cooked_beef":16,"minecraft:oak_planks":20,"minecraft:cooked_porkchop":3,"minecraft:crafting_table":1,"minecraft:wooden_pickaxe":1,"cfm:jungle_chair":4,"minecraft:cooked_chicken":4,"minecraft:furnace":2,"minecraft:stone_axe":1,"minecraft:cooked_mutton":2,"minecraft:air":0,"minecraft:jungle_planks":20,"antlers:jerkey":11,"minecraft:stick":12,"minecraft:iron_ingot":1,"minecraft:stone_pickaxe":4},"minecraft:custom":{"minecraft:interact_with_furnace":33,"minecraft:mob_kills":4,"minecraft:interact_with_crafting_table":9,"minecraft:damage_dealt_resisted":17,"minecraft:leave_game":4,"minecraft:time_since_death":28726,"minecraft:climb_one_cm":19758,"minecraft:time_since_rest":28750,"minecraft:sprint_one_cm":196073,"minecraft:damage_taken":205364,"minecraft:walk_one_cm":214640,"minecraft:drop":56,"minecraft:damage_dealt":1430,"minecraft:swim_one_cm":18280,"minecraft:fly_one_cm":384860,"minecraft:player_kills":2,"minecraft:open_chest":66,"minecraft:crouch_one_cm":31270,"minecraft:play_time":134206,"minecraft:deaths":19,"minecraft:sneak_time":17186,"minecraft:walk_under_water_one_cm":6146,"minecraft:jump":2245,"minecraft:walk_on_water_one_cm":12599,"minecraft:total_world_time":134206,"minecraft:fall_one_cm":84762},"minecraft:mined":{"biomesoplenty:spanish_moss":1,"biomesoplenty:desert_grass":3,"alexsmobs:leafcutter_anthill":1,"minecraft:basalt":7,"minecraft:mangrove_roots":13,"minecraft:crafting_table":3,"gravestone:gravestone":16,"minecraft:jungle_stairs":1,"minecraft:grass_block":5,"minecraft:melon":5,"minecraft:jungle_planks":4,"minecraft:jungle_log":4,"alexsmobs:leafcutter_ant_chamber":10,"minecraft:stone_slab":1,"minecraft:tall_grass":2,"minecraft:cobblestone":9,"minecraft:oak_planks":1,"domum_ornamentum:blockbarreldeco_standing":2,"minecraft:coarse_dirt":5,"minecraft:furnace":2,"cfm:jungle_chair":1,"biomesoplenty:spanish_moss_plant":2,"treechop:chopped_log":11,"minecraft:grass":59,"minecraft:oak_log":2,"minecraft:coal_ore":30,"minecraft:cocoa":1,"minecraft:vine":1,"minecraft:dirt":8,"minecraft:smooth_basalt":15,"minecraft:bamboo":1,"minecraft:stone":89,"minecraft:oak_leaves":3,"minecraft:fern":23},"minecraft:broken":{"minecraft:wooden_axe":1,"minecraft:wooden_pickaxe":1},"minecraft:dropped":{"minecraft:oak_planks":3,"minecraft:jungle_planks":1,"minecraft:flint_and_steel":1,"born_in_chaos_v1:corpse_maggot":4,"minecraft:melon_slice":13,"minecraft:oak_sapling":1,"gravestone:obituary":31,"minecraft:stone_pickaxe":2},"minecraft:killed_by":{"minecraft:player":2,"antlers:wendigo":4,"alexsmobs:bison":2,"endofherobrine:sheep":1,"smile:happy_chase":3},"minecraft:killed":{"minecraft:pig":1,"born_in_chaos_v1:restless_spirit":1,"born_in_chaos_v1:corpse_fly":2}},"DataVersion":3465}