{"stats":{"minecraft:crafted":{"minecraft:oak_planks":20,"minecraft:stone_shovel":3,"regions_unexplored:willow_shrub":1,"minecraft:furnace":1,"minecraft:stone":19,"minecraft:bone_meal":10,"minecraft:cooked_mutton":17,"immersive_armors:wooden_chestplate":1,"minecraft:stone_pickaxe":7,"minecraft:chest":2,"regions_unexplored:willow_planks":164,"immersive_armors:wooden_helmet":1,"regions_unexplored:willow_slab":6,"minecraft:stone_hoe":1,"regions_unexplored:willow_wood":3,"minecraft:wheat":63,"minecraft:cooked_porkchop":7,"minecraft:crafting_table":1,"minecraft:wooden_pickaxe":1,"immersive_armors:wooden_leggings":1,"minecraft:birch_planks":152,"minecraft:campfire":1,"minecraft:stone_axe":3,"minecraft:bread":4,"minecraft:air":0,"immersive_armors:wooden_boots":1,"minecraft:charcoal":19,"minecraft:birch_fence":42,"minecraft:stick":48,"minecraft:wooden_axe":1,"minecraft:white_bed":2,"minecraft:torch":52},"minecraft:picked_up":{"minecraft:charcoal":4,"minecraft:crafting_table":3,"minecraft:wheat":1,"regions_unexplored:silt_coarse_dirt":31,"gnumus:gnumus_claw":2,"regions_unexplored:silt_dirt":209,"minecraft:moss_carpet":2,"regions_unexplored:poppy_bush":128,"minecraft:birch_fence":10,"touhou_little_maid:smart_slab_init":5,"minecraft:sugar_cane":2,"minecraft:chest":1,"minecraft:furnace":2,"minecraft:stick":33,"born_in_chaos_v1:shattered_skull":1,"regions_unexplored:silver_birch_leaf_pile":51,"minecraft:torch":12,"minecraft:porkchop":5,"iceandfire:rotten_egg":1,"born_in_chaos_v1:pieceofdarkmetal":1,"regions_unexplored:daisy":1,"regions_unexplored:willow_slab":11,"minecraft:arrow":5,"minecraft:rotten_flesh":3,"minecraft:hay_block":7,"touhou_little_maid:smart_slab_has_maid":3,"gnumus:gnumus_chickpeas":5,"gnumus:mouse_skin":4,"minecraft:mutton":14,"minecraft:cobblestone":141,"minecraft:white_wool":9,"born_in_chaos_v1:corpse_maggot":1,"doggytalents:rice_grains":15,"minecraft:birch_planks":28,"minecraft:oak_log":13,"festive_delight:cinnamon_sticks":1,"regions_unexplored:salmon_poppy_bush":12,"minecraft:dirt":47,"gnumus:gnumus_pouch_2":1,"minecraft:bone":6,"minecraft:bow":1,"minecraft:wheat_seeds":8,"storageracks:oak_wood_corner":11,"regions_unexplored:silver_birch_sapling":30,"regions_unexplored:orange_coneflower":3,"minecraft:pumpkin":3,"regions_unexplored:willow_sapling":13,"minecraft:white_bed":3,"alexsmobs:animal_dictionary":1,"regions_unexplored:hyssop":22,"regions_unexplored:fireweed":2,"regions_unexplored:silver_birch_log":114,"regions_unexplored:willow_log":42,"minecraft:emerald":1,"minecraft:oak_sapling":7,"minecraft:coal":14},"minecraft:broken":{"minecraft:stone_pickaxe":1,"minecraft:stone_axe":1,"minecraft:wooden_axe":1,"minecraft:stone_shovel":2},"minecraft:killed":{"born_in_chaos_v1:maggot":2,"gnumus:gnumus_hunter":1,"born_in_chaos_v1:skeleton_thrasher":1,"minecraft:pig":4,"minecraft:sheep":10,"minecraft:pillager":3,"minecraft:zombie":1},"minecraft:used":{"regions_unexplored:silt_dirt":8,"minecraft:stone_shovel":322,"minecraft:chest":3,"minecraft:stone":10,"touhou_little_maid:smart_slab_init":1,"minecraft:torch":7,"minecraft:dirt":43,"regions_unexplored:silver_birch_sapling":4,"minecraft:wooden_axe":43,"regions_unexplored:salmon_poppy_bush":1,"regions_unexplored:willow_slab":17,"immersive_armors:wooden_chestplate":1,"minecraft:furnace":3,"minecraft:oak_sapling":1,"minecraft:cooked_mutton":6,"minecraft:birch_planks":85,"minecraft:stone_pickaxe":213,"minecraft:oak_planks":1,"minecraft:wooden_pickaxe":40,"minecraft:sugar_cane":2,"storageracks:oak_wood_corner":3,"minecraft:crafting_table":4,"minecraft:white_bed":5,"minecraft:campfire":1,"minecraft:birch_fence":51,"regions_unexplored:fireweed":1,"touhou_little_maid:smart_slab_has_maid":13,"minecraft:stone_axe":231,"minecraft:cobblestone":27,"minecraft:cooked_porkchop":4,"alexsmobs:animal_dictionary":6},"minecraft:mined":{"minecraft:white_bed":3,"minecraft:oak_sapling":1,"minecraft:grass_block":31,"regions_unexplored:poppy_bush":96,"regions_unexplored:silver_birch_sapling":1,"minecraft:hay_block":7,"minecraft:furnace":2,"minecraft:moss_carpet":1,"minecraft:pumpkin":3,"treechop:chopped_log":18,"regions_unexplored:medium_grass":15,"minecraft:stone":197,"regions_unexplored:silt_grass_block":215,"storageracks:oak_wood_corner":3,"regions_unexplored:orange_coneflower":1,"regions_unexplored:silver_birch_leaf_pile":6,"minecraft:crafting_table":3,"minecraft:torch":8,"regions_unexplored:salmon_poppy_bush":5,"regions_unexplored:silt_dirt":40,"minecraft:chest":1,"minecraft:campfire":2,"minecraft:cobblestone":27,"regions_unexplored:daisy":3,"minecraft:oak_planks":1,"minecraft:sugar_cane":1,"minecraft:wall_torch":2,"minecraft:birch_planks":29,"regions_unexplored:hyssop":12,"regions_unexplored:silt_coarse_dirt":40,"regions_unexplored:willow_slab":12,"minecraft:grass":47,"minecraft:coal_ore":18,"minecraft:oak_log":4,"regions_unexplored:silver_birch_log":3,"minecraft:dirt":35,"minecraft:oak_leaves":4,"minecraft:birch_fence":10,"regions_unexplored:fireweed":3},"minecraft:custom":{"minecraft:mob_kills":22,"minecraft:animals_bred":12,"minecraft:interact_with_crafting_table":43,"minecraft:time_since_death":82954,"minecraft:climb_one_cm":368,"minecraft:sprint_one_cm":174153,"minecraft:walk_one_cm":355404,"minecraft:drop":43,"minecraft:play_time":124866,"minecraft:deaths":1,"minecraft:sneak_time":1524,"minecraft:walk_under_water_one_cm":1125,"minecraft:jump":1336,"minecraft:walk_on_water_one_cm":6123,"minecraft:total_world_time":124866,"minecraft:interact_with_furnace":34,"minecraft:sleep_in_bed":4,"minecraft:time_since_rest":52301,"minecraft:damage_taken":535,"minecraft:damage_dealt":3244,"minecraft:swim_one_cm":8161,"minecraft:fly_one_cm":349308,"minecraft:open_chest":26,"minecraft:crouch_one_cm":7064,"minecraft:fall_one_cm":29815},"minecraft:dropped":{"regions_unexplored:fireweed":4,"storageracks:oak_wood_corner":8,"minecraft:cooked_porkchop":1,"regions_unexplored:daisy":1,"regions_unexplored:salmon_poppy_bush":5,"regions_unexplored:poppy_bush":34,"alexsmobs:animal_dictionary":1,"minecraft:wheat":1,"regions_unexplored:hyssop":18,"minecraft:cooked_mutton":2,"minecraft:white_bed":1,"touhou_little_maid:smart_slab_init":5,"minecraft:oak_sapling":3,"touhou_little_maid:smart_slab_has_maid":3,"doggytalents:rice_grains":14,"regions_unexplored:silt_dirt":1,"festive_delight:cinnamon_sticks":2}},"DataVersion":3465}