{"stats":{"minecraft:killed_by":{"minecraft:player":2,"antlers:wendigo":12},"minecraft:mined":{"minecraft:oak_door":2,"minecraft:dark_oak_log":24,"cctvcraft:aluminum_ore":94,"minecraft:granite":8,"biomesoplenty:bush":2,"minecraft:acacia_log":56,"minecraft:grass_block":137,"minecraft:crimson_roots":2,"biomesoplenty:dune_grass":91,"minecraft:hay_block":13,"biomesoplenty:tall_lavender":3,"minecraft:fire":1,"minecraft:barrel":3,"biomesoplenty:lavender":1,"minecraft:acacia_stairs":2,"minecraft:andesite":7,"minecraft:pumpkin":15,"biomesoplenty:sea_oats":145,"minecraft:black_candle":3,"biomesoplenty:barley":63,"minecraft:stone":314,"minecraft:white_wool":6,"minecraft:orange_bed":9,"minecraft:orange_glazed_terracotta":1,"minecraft:acacia_leaves":6,"minecraft:melon_stem":2,"minecraft:smoker":1,"minecraft:orange_terracotta":6,"minecraft:oak_fence":1,"minecraft:crafting_table":5,"minecraft:torch":10,"graveyard:tg_rooted_dirt":1,"minecraft:blast_furnace":1,"minecraft:melon":3,"minecraft:campfire":1,"minecraft:tall_grass":7,"minecraft:copper_ore":17,"minecraft:cobblestone":62,"minecraft:oak_planks":4,"minecraft:diorite":1,"minecraft:wall_torch":33,"minecraft:wheat":40,"minecraft:lilac":3,"minecraft:spruce_log":11,"minecraft:grass":116,"minecraft:oak_log":9,"minecraft:coal_ore":20,"minecraft:acacia_fence":1,"minecraft:sand":159,"minecraft:dirt":33,"graveyard:small_cyan_urn":1,"minecraft:oak_leaves":7,"minecraft:fern":1,"undead_revamp2:arapholia":1},"minecraft:crafted":{"minecraft:oak_planks":16,"minecraft:stone_shovel":3,"minecraft:cooked_chicken":5,"minecraft:furnace":1,"cctvcraft:aluminum_ingot":23,"minecraft:cooked_mutton":2,"minecraft:melon_seeds":13,"minecraft:stone_pickaxe":6,"minecraft:dark_oak_planks":4,"minecraft:wheat":126,"minecraft:cooked_beef":7,"minecraft:cooked_porkchop":2,"minecraft:crafting_table":1,"minecraft:spruce_planks":4,"minecraft:wooden_pickaxe":1,"minecraft:pumpkin_seeds":48,"minecraft:stone_axe":5,"minecraft:bread":42,"minecraft:air":0,"minecraft:charcoal":9,"minecraft:stick":48,"minecraft:stone_sword":1,"minecraft:acacia_planks":76,"minecraft:torch":56},"minecraft:used":{"minecraft:stone_sword":10,"minecraft:acacia_log":1,"minecraft:stone_shovel":381,"minecraft:poppy":1,"minecraft:chest":2,"minecraft:stone_hoe":20,"minecraft:orange_bed":10,"minecraft:torch":77,"minecraft:dirt":57,"minecraft:crimson_roots":2,"minecraft:barrel":4,"minecraft:furnace":1,"minecraft:cooked_beef":1,"minecraft:orange_terracotta":2,"minecraft:pumpkin":3,"minecraft:oak_planks":5,"minecraft:stone_pickaxe":545,"minecraft:wooden_pickaxe":77,"minecraft:sand":11,"minecraft:crafting_table":6,"minecraft:bread":18,"minecraft:stone_axe":217,"minecraft:cobblestone":166,"minecraft:cooked_porkchop":2,"minecraft:black_candle":2},"minecraft:picked_up":{"minecraft:wooden_axe":10,"minecraft:charcoal":5,"minecraft:crafting_table":15,"minecraft:wheat":129,"minecraft:splash_potion":3,"minecraft:chicken":2,"minecraft:wooden_pickaxe":2,"minecraft:string":100,"minecraft:raw_copper":206,"minecraft:beetroot":2,"minecraft:oak_boat":9,"minecraft:poppy":10,"minecraft:enchanted_golden_apple":1,"minecraft:melon_slice":13,"minecraft:chest":3,"minecraft:egg":13,"minecraft:furnace":1,"minecraft:dark_oak_sapling":2,"minecraft:stick":97,"minecraft:acacia_fence":2,"minecraft:oak_door":1,"minecraft:oak_fence":12,"minecraft:torch":394,"minecraft:acacia_log":288,"minecraft:carrot":23,"minecraft:dark_oak_planks":16,"minecraft:orange_bed":14,"minecraft:stone_sword":11,"minecraft:rotten_flesh":23,"minecraft:stone_shovel":12,"minecraft:beetroot_seeds":6,"minecraft:hay_block":14,"minecraft:mutton":11,"minecraft:cobblestone":1301,"minecraft:white_wool":20,"biomesoplenty:lavender":1,"minecraft:feather":2,"minecraft:cooked_beef":6,"minecraft:andesite":8,"minecraft:leather":1,"minecraft:smoker":3,"minecraft:potato":16,"minecraft:oak_log":40,"minecraft:yellow_bed":10,"minecraft:dirt":285,"minecraft:name_tag":1,"minecraft:orange_terracotta":7,"minecraft:cooked_mutton":2,"minecraft:bone":16,"minecraft:acacia_planks":83,"minecraft:apple":20,"minecraft:wheat_seeds":188,"minecraft:cooked_chicken":55,"minecraft:stone_pickaxe":32,"minecraft:stone_hoe":9,"cctvcraft:raw_aluminum":232,"minecraft:mossy_stone_brick_stairs":1,"minecraft:oak_planks":84,"minecraft:acacia_sapling":6,"minecraft:black_candle":14,"minecraft:cooked_porkchop":2,"minecraft:pumpkin":15,"minecraft:sand":1002,"minecraft:spruce_sapling":2,"minecraft:spruce_log":93,"minecraft:dark_oak_log":67,"cctvcraft:aluminum_ingot":256,"minecraft:barrel":10,"minecraft:pumpkin_seeds":52,"born_in_chaos_v1:fire_dust":2,"minecraft:stone_axe":40,"minecraft:bone_meal":9,"minecraft:golden_apple":1,"minecraft:bread":90,"minecraft:rooted_dirt":1,"minecraft:oak_sapling":2,"minecraft:melon_seeds":30,"minecraft:coal":464,"minecraft:crimson_roots":2},"minecraft:dropped":{"minecraft:bread":22,"minecraft:dark_oak_sapling":1,"biomesoplenty:lavender":1,"minecraft:cobblestone":130,"minecraft:rooted_dirt":1,"minecraft:coal":1,"minecraft:torch":16,"minecraft:sand":10,"minecraft:orange_bed":1,"minecraft:cooked_chicken":10,"minecraft:stone_sword":2,"minecraft:stone_shovel":2,"minecraft:stone_pickaxe":2,"minecraft:acacia_fence":1},"minecraft:broken":{"minecraft:wooden_pickaxe":1,"minecraft:stone_pickaxe":3,"minecraft:stone_axe":1,"minecraft:stone_shovel":2},"minecraft:killed":{"minecraft:chicken":2,"minecraft:sheep":1},"minecraft:custom":{"minecraft:mob_kills":3,"minecraft:interact_with_anvil":1,"minecraft:interact_with_crafting_table":20,"minecraft:open_barrel":45,"minecraft:bell_ring":23,"minecraft:leave_game":1,"minecraft:time_since_death":5542,"minecraft:sprint_one_cm":260203,"minecraft:walk_one_cm":345039,"minecraft:drop":31,"minecraft:play_time":163072,"minecraft:deaths":15,"minecraft:sneak_time":4167,"minecraft:walk_under_water_one_cm":1960,"minecraft:jump":2422,"minecraft:interact_with_blast_furnace":1,"minecraft:walk_on_water_one_cm":12729,"minecraft:total_world_time":163072,"minecraft:interact_with_furnace":35,"minecraft:sleep_in_bed":10,"minecraft:time_since_rest":5567,"minecraft:damage_taken":4212,"minecraft:damage_dealt":1381,"minecraft:swim_one_cm":9214,"minecraft:fly_one_cm":439023,"minecraft:open_chest":51,"minecraft:crouch_one_cm":1960,"minecraft:interact_with_smoker":1,"minecraft:fall_one_cm":58789,"minecraft:horse_one_cm":2301}},"DataVersion":3465}