{"stats":{"minecraft:picked_up":{"born_in_chaos_v1:corpse_maggot":4,"minecraft:cocoa_beans":3,"minecraft:crafting_table":3,"minecraft:feather":1,"minecraft:basalt":7,"minecraft:jungle_log":4,"domum_ornamentum:blockbarreldeco_standing":2,"minecraft:stone_slab":1,"minecraft:oak_log":28,"gravestone:obituary":13,"minecraft:dirt":8,"minecraft:moss_carpet":1,"minecraft:flint_and_steel":1,"born_in_chaos_v1:intoxicating_decoction":1,"minecraft:bone":3,"minecraft:apple":1,"minecraft:wheat_seeds":2,"minecraft:stone_pickaxe":1,"minecraft:bamboo":5,"minecraft:melon_slice":22,"minecraft:oak_planks":7,"minecraft:furnace":1,"minecraft:stick":6,"minecraft:smooth_basalt":16,"minecraft:oak_door":1,"minecraft:torch":2,"minecraft:porkchop":3,"minecraft:jungle_planks":31,"minecraft:rotten_flesh":7,"minecraft:mangrove_roots":13,"minecraft:oak_sapling":15,"minecraft:coal":16,"minecraft:cobblestone":65},"minecraft:used":{"domum_ornamentum:blockbarreldeco_standing":2,"minecraft:stone_pickaxe":103,"minecraft:oak_planks":1,"minecraft:wooden_pickaxe":92,"minecraft:rotten_flesh":4,"minecraft:torch":1,"minecraft:dirt":2,"minecraft:crafting_table":3,"minecraft:jungle_planks":28,"antlers:jerkey":1,"minecraft:wooden_axe":11,"minecraft:apple":1,"minecraft:melon_slice":2,"minecraft:bread":1,"minecraft:golden_leggings":1,"minecraft:smooth_basalt":14,"minecraft:mangrove_roots":4,"minecraft:furnace":3,"minecraft:cooked_porkchop":3,"alexsmobs:animal_dictionary":1,"minecraft:cooked_beef":1},"minecraft:crafted":{"minecraft:cooked_beef":6,"minecraft:oak_planks":20,"minecraft:cooked_porkchop":3,"minecraft:crafting_table":1,"minecraft:wooden_pickaxe":1,"minecraft:cooked_chicken":4,"minecraft:furnace":2,"minecraft:cooked_mutton":2,"minecraft:air":0,"minecraft:jungle_planks":16,"antlers:jerkey":11,"minecraft:stick":8,"minecraft:iron_ingot":1,"minecraft:stone_pickaxe":3},"minecraft:custom":{"minecraft:interact_with_furnace":24,"minecraft:mob_kills":3,"minecraft:interact_with_crafting_table":7,"minecraft:damage_dealt_resisted":17,"minecraft:leave_game":2,"minecraft:time_since_death":630,"minecraft:climb_one_cm":13637,"minecraft:time_since_rest":654,"minecraft:sprint_one_cm":149127,"minecraft:damage_taken":204944,"minecraft:walk_one_cm":161621,"minecraft:drop":53,"minecraft:damage_dealt":1170,"minecraft:swim_one_cm":6995,"minecraft:fly_one_cm":293086,"minecraft:player_kills":2,"minecraft:open_chest":55,"minecraft:crouch_one_cm":26962,"minecraft:play_time":102931,"minecraft:deaths":18,"minecraft:sneak_time":14774,"minecraft:walk_under_water_one_cm":3768,"minecraft:jump":1651,"minecraft:walk_on_water_one_cm":7030,"minecraft:total_world_time":102931,"minecraft:fall_one_cm":67304},"minecraft:mined":{"biomesoplenty:spanish_moss":1,"minecraft:basalt":7,"minecraft:mangrove_roots":13,"minecraft:crafting_table":3,"gravestone:gravestone":15,"minecraft:grass_block":3,"minecraft:melon":5,"minecraft:jungle_planks":4,"minecraft:jungle_log":3,"minecraft:stone_slab":1,"minecraft:cobblestone":9,"minecraft:tall_grass":2,"minecraft:oak_planks":1,"domum_ornamentum:blockbarreldeco_standing":2,"minecraft:furnace":2,"biomesoplenty:spanish_moss_plant":2,"treechop:chopped_log":6,"minecraft:grass":29,"minecraft:coal_ore":17,"minecraft:oak_log":2,"minecraft:cocoa":1,"minecraft:dirt":5,"minecraft:smooth_basalt":15,"minecraft:bamboo":1,"minecraft:stone":57,"minecraft:oak_leaves":1,"minecraft:fern":18},"minecraft:broken":{"minecraft:wooden_axe":1},"minecraft:dropped":{"minecraft:oak_planks":3,"minecraft:jungle_planks":1,"minecraft:flint_and_steel":1,"born_in_chaos_v1:corpse_maggot":4,"minecraft:melon_slice":13,"minecraft:oak_sapling":1,"gravestone:obituary":28,"minecraft:stone_pickaxe":2},"minecraft:killed_by":{"minecraft:player":2,"antlers:wendigo":4,"alexsmobs:bison":1,"endofherobrine:sheep":1,"smile:happy_chase":3},"minecraft:killed":{"minecraft:pig":1,"born_in_chaos_v1:corpse_fly":2}},"DataVersion":3465}