{"stats":{"minecraft:crafted":{"minecraft:oak_planks":20,"regions_unexplored:willow_shrub":1,"minecraft:furnace":1,"minecraft:stone":19,"minecraft:bone_meal":10,"minecraft:cooked_mutton":5,"immersive_armors:wooden_chestplate":1,"minecraft:stone_pickaxe":7,"minecraft:chest":2,"regions_unexplored:willow_planks":164,"immersive_armors:wooden_helmet":1,"regions_unexplored:willow_slab":6,"regions_unexplored:willow_wood":3,"minecraft:wheat":63,"minecraft:cooked_porkchop":7,"minecraft:crafting_table":1,"minecraft:wooden_pickaxe":1,"immersive_armors:wooden_leggings":1,"minecraft:birch_planks":148,"minecraft:campfire":1,"minecraft:stone_axe":3,"minecraft:bread":4,"minecraft:air":0,"immersive_armors:wooden_boots":1,"minecraft:charcoal":19,"minecraft:birch_fence":42,"minecraft:stick":36,"minecraft:wooden_axe":1,"minecraft:white_bed":1,"minecraft:torch":52},"minecraft:picked_up":{"minecraft:charcoal":2,"minecraft:crafting_table":3,"minecraft:wheat":1,"gnumus:gnumus_claw":2,"regions_unexplored:silt_dirt":2,"regions_unexplored:poppy_bush":90,"minecraft:birch_fence":7,"touhou_little_maid:smart_slab_init":5,"minecraft:sugar_cane":2,"minecraft:chest":1,"minecraft:furnace":2,"minecraft:stick":30,"born_in_chaos_v1:shattered_skull":1,"regions_unexplored:silver_birch_leaf_pile":4,"minecraft:torch":5,"minecraft:porkchop":5,"iceandfire:rotten_egg":1,"regions_unexplored:daisy":1,"regions_unexplored:willow_slab":1,"minecraft:arrow":5,"minecraft:rotten_flesh":2,"minecraft:hay_block":7,"touhou_little_maid:smart_slab_has_maid":3,"gnumus:gnumus_chickpeas":5,"gnumus:mouse_skin":4,"minecraft:mutton":4,"minecraft:cobblestone":95,"minecraft:white_wool":3,"doggytalents:rice_grains":15,"minecraft:birch_planks":26,"minecraft:oak_log":13,"festive_delight:cinnamon_sticks":1,"regions_unexplored:salmon_poppy_bush":8,"minecraft:dirt":47,"gnumus:gnumus_pouch_2":1,"minecraft:bone":3,"minecraft:bow":1,"minecraft:wheat_seeds":2,"storageracks:oak_wood_corner":11,"regions_unexplored:silver_birch_sapling":11,"regions_unexplored:orange_coneflower":3,"minecraft:pumpkin":3,"regions_unexplored:willow_sapling":13,"minecraft:white_bed":2,"alexsmobs:animal_dictionary":1,"regions_unexplored:hyssop":22,"regions_unexplored:fireweed":2,"regions_unexplored:silver_birch_log":94,"regions_unexplored:willow_log":42,"minecraft:emerald":1,"minecraft:oak_sapling":7,"minecraft:coal":14},"minecraft:broken":{"minecraft:stone_pickaxe":1,"minecraft:stone_axe":1,"minecraft:wooden_axe":1},"minecraft:killed":{"gnumus:gnumus_hunter":1,"minecraft:pig":4,"minecraft:sheep":4,"minecraft:pillager":3},"minecraft:used":{"regions_unexplored:silt_dirt":1,"minecraft:chest":3,"minecraft:stone":10,"touhou_little_maid:smart_slab_init":1,"minecraft:torch":7,"minecraft:dirt":43,"regions_unexplored:silver_birch_sapling":4,"minecraft:wooden_axe":43,"regions_unexplored:salmon_poppy_bush":1,"regions_unexplored:willow_slab":7,"immersive_armors:wooden_chestplate":1,"minecraft:furnace":3,"minecraft:oak_sapling":1,"minecraft:cooked_mutton":3,"minecraft:birch_planks":85,"minecraft:stone_pickaxe":155,"minecraft:oak_planks":1,"minecraft:wooden_pickaxe":40,"minecraft:sugar_cane":2,"storageracks:oak_wood_corner":3,"minecraft:crafting_table":4,"minecraft:white_bed":3,"minecraft:campfire":1,"minecraft:birch_fence":47,"regions_unexplored:fireweed":1,"touhou_little_maid:smart_slab_has_maid":10,"minecraft:stone_axe":172,"minecraft:cobblestone":27,"minecraft:cooked_porkchop":4,"alexsmobs:animal_dictionary":6},"minecraft:mined":{"minecraft:white_bed":2,"minecraft:oak_sapling":1,"minecraft:grass_block":31,"regions_unexplored:poppy_bush":83,"regions_unexplored:silver_birch_sapling":1,"minecraft:hay_block":7,"minecraft:furnace":2,"minecraft:pumpkin":3,"treechop:chopped_log":15,"regions_unexplored:medium_grass":9,"minecraft:stone":140,"regions_unexplored:silt_grass_block":1,"storageracks:oak_wood_corner":3,"regions_unexplored:orange_coneflower":1,"regions_unexplored:silver_birch_leaf_pile":1,"minecraft:crafting_table":3,"minecraft:torch":5,"regions_unexplored:salmon_poppy_bush":5,"minecraft:chest":1,"minecraft:campfire":1,"minecraft:cobblestone":27,"regions_unexplored:daisy":3,"minecraft:oak_planks":1,"minecraft:sugar_cane":1,"minecraft:wall_torch":2,"minecraft:birch_planks":27,"regions_unexplored:hyssop":12,"regions_unexplored:willow_slab":1,"minecraft:grass":40,"minecraft:coal_ore":18,"minecraft:oak_log":4,"regions_unexplored:silver_birch_log":2,"minecraft:dirt":35,"minecraft:oak_leaves":4,"minecraft:birch_fence":7,"regions_unexplored:fireweed":3},"minecraft:custom":{"minecraft:mob_kills":12,"minecraft:animals_bred":12,"minecraft:interact_with_crafting_table":34,"minecraft:time_since_death":58954,"minecraft:climb_one_cm":368,"minecraft:sprint_one_cm":138700,"minecraft:walk_one_cm":261790,"minecraft:drop":39,"minecraft:play_time":100866,"minecraft:deaths":1,"minecraft:sneak_time":1226,"minecraft:walk_under_water_one_cm":1125,"minecraft:jump":1126,"minecraft:walk_on_water_one_cm":6123,"minecraft:total_world_time":100866,"minecraft:interact_with_furnace":28,"minecraft:sleep_in_bed":4,"minecraft:time_since_rest":28301,"minecraft:damage_taken":513,"minecraft:damage_dealt":1880,"minecraft:swim_one_cm":8161,"minecraft:fly_one_cm":299365,"minecraft:open_chest":17,"minecraft:crouch_one_cm":6513,"minecraft:fall_one_cm":26146},"minecraft:dropped":{"regions_unexplored:fireweed":4,"storageracks:oak_wood_corner":8,"regions_unexplored:daisy":1,"regions_unexplored:salmon_poppy_bush":5,"regions_unexplored:poppy_bush":34,"alexsmobs:animal_dictionary":1,"minecraft:wheat":1,"regions_unexplored:hyssop":18,"touhou_little_maid:smart_slab_init":5,"minecraft:oak_sapling":3,"touhou_little_maid:smart_slab_has_maid":3,"doggytalents:rice_grains":14,"regions_unexplored:silt_dirt":1,"festive_delight:cinnamon_sticks":2}},"DataVersion":3465}