{"stats":{"minecraft:killed_by":{"minecraft:player":2},"minecraft:custom":{"minecraft:mob_kills":3,"minecraft:interact_with_anvil":1,"minecraft:interact_with_crafting_table":15,"minecraft:open_barrel":22,"minecraft:bell_ring":23,"minecraft:leave_game":1,"minecraft:time_since_death":109782,"minecraft:sprint_one_cm":194232,"minecraft:walk_one_cm":250218,"minecraft:drop":19,"minecraft:play_time":115245,"minecraft:deaths":2,"minecraft:sneak_time":4125,"minecraft:walk_under_water_one_cm":1510,"minecraft:jump":1766,"minecraft:interact_with_blast_furnace":1,"minecraft:walk_on_water_one_cm":6698,"minecraft:total_world_time":115245,"minecraft:interact_with_furnace":35,"minecraft:sleep_in_bed":9,"minecraft:time_since_rest":9319,"minecraft:damage_taken":962,"minecraft:damage_dealt":1289,"minecraft:swim_one_cm":7886,"minecraft:fly_one_cm":320344,"minecraft:open_chest":38,"minecraft:crouch_one_cm":1915,"minecraft:fall_one_cm":47951,"minecraft:horse_one_cm":2301},"minecraft:dropped":{"minecraft:bread":22,"minecraft:dark_oak_sapling":1,"biomesoplenty:lavender":1,"minecraft:cobblestone":130,"minecraft:rooted_dirt":1,"minecraft:coal":1,"minecraft:torch":16,"minecraft:orange_bed":1,"minecraft:cooked_chicken":10,"minecraft:stone_sword":2,"minecraft:stone_pickaxe":2,"minecraft:acacia_fence":1},"minecraft:picked_up":{"minecraft:charcoal":5,"minecraft:crafting_table":3,"minecraft:splash_potion":3,"minecraft:chicken":2,"minecraft:wooden_pickaxe":1,"minecraft:raw_copper":114,"minecraft:melon_slice":13,"minecraft:chest":3,"minecraft:egg":8,"minecraft:furnace":1,"minecraft:dark_oak_sapling":2,"minecraft:stick":7,"minecraft:acacia_fence":2,"minecraft:oak_door":1,"minecraft:torch":62,"minecraft:acacia_log":56,"minecraft:dark_oak_planks":16,"minecraft:orange_bed":7,"minecraft:stone_sword":2,"minecraft:hay_block":14,"minecraft:mutton":2,"minecraft:white_wool":18,"minecraft:cobblestone":561,"biomesoplenty:lavender":1,"minecraft:feather":2,"minecraft:andesite":8,"minecraft:smoker":3,"minecraft:oak_log":10,"minecraft:dirt":22,"minecraft:orange_terracotta":7,"minecraft:bone":8,"minecraft:acacia_planks":19,"minecraft:wheat_seeds":117,"minecraft:cooked_chicken":10,"minecraft:stone_pickaxe":2,"cctvcraft:raw_aluminum":168,"minecraft:oak_planks":2,"minecraft:acacia_sapling":6,"minecraft:mossy_stone_brick_stairs":1,"minecraft:black_candle":10,"minecraft:pumpkin":15,"minecraft:sand":11,"minecraft:spruce_sapling":2,"minecraft:spruce_log":47,"minecraft:dark_oak_log":34,"cctvcraft:aluminum_ingot":122,"minecraft:barrel":5,"born_in_chaos_v1:fire_dust":2,"minecraft:bone_meal":9,"minecraft:bread":28,"minecraft:rooted_dirt":1,"minecraft:oak_sapling":2,"minecraft:melon_seeds":6,"minecraft:coal":44,"minecraft:crimson_roots":2,"minecraft:wooden_axe":1},"minecraft:crafted":{"minecraft:oak_planks":16,"minecraft:stone_shovel":1,"minecraft:cooked_chicken":5,"minecraft:furnace":1,"cctvcraft:aluminum_ingot":23,"minecraft:cooked_mutton":2,"minecraft:melon_seeds":13,"minecraft:stone_pickaxe":4,"minecraft:dark_oak_planks":4,"minecraft:wheat":126,"minecraft:cooked_beef":7,"minecraft:cooked_porkchop":2,"minecraft:crafting_table":1,"minecraft:spruce_planks":4,"minecraft:wooden_pickaxe":1,"minecraft:pumpkin_seeds":48,"minecraft:stone_axe":3,"minecraft:bread":42,"minecraft:air":0,"minecraft:charcoal":9,"minecraft:stick":36,"minecraft:stone_sword":1,"minecraft:acacia_planks":68,"minecraft:torch":56},"minecraft:mined":{"undead_revamp2:arapholia":1,"minecraft:oak_door":2,"minecraft:dark_oak_log":24,"cctvcraft:aluminum_ore":94,"minecraft:granite":8,"minecraft:acacia_log":56,"minecraft:grass_block":10,"minecraft:crimson_roots":2,"biomesoplenty:dune_grass":7,"minecraft:hay_block":13,"biomesoplenty:tall_lavender":3,"minecraft:barrel":3,"minecraft:fire":1,"biomesoplenty:lavender":1,"minecraft:acacia_stairs":2,"minecraft:andesite":7,"minecraft:pumpkin":15,"biomesoplenty:sea_oats":11,"minecraft:black_candle":3,"biomesoplenty:barley":63,"minecraft:stone":314,"minecraft:white_wool":6,"minecraft:orange_bed":6,"minecraft:orange_glazed_terracotta":1,"minecraft:acacia_leaves":6,"minecraft:smoker":1,"minecraft:melon_stem":2,"minecraft:orange_terracotta":6,"minecraft:crafting_table":2,"minecraft:torch":9,"graveyard:tg_rooted_dirt":1,"minecraft:blast_furnace":1,"minecraft:melon":3,"minecraft:campfire":1,"minecraft:tall_grass":6,"minecraft:copper_ore":17,"minecraft:cobblestone":34,"minecraft:oak_planks":2,"minecraft:diorite":1,"minecraft:wall_torch":28,"minecraft:wheat":40,"minecraft:spruce_log":11,"minecraft:grass":90,"minecraft:oak_log":9,"minecraft:coal_ore":20,"minecraft:acacia_fence":1,"minecraft:sand":12,"minecraft:dirt":18,"graveyard:small_cyan_urn":1,"minecraft:oak_leaves":7,"minecraft:fern":1},"minecraft:broken":{"minecraft:wooden_pickaxe":1,"minecraft:stone_pickaxe":3,"minecraft:stone_axe":1},"minecraft:used":{"minecraft:stone_sword":10,"minecraft:acacia_log":1,"minecraft:stone_shovel":19,"minecraft:chest":2,"minecraft:orange_bed":5,"minecraft:torch":68,"minecraft:dirt":11,"minecraft:crimson_roots":2,"minecraft:barrel":2,"minecraft:furnace":1,"minecraft:orange_terracotta":2,"minecraft:pumpkin":3,"minecraft:stone_pickaxe":507,"minecraft:oak_planks":5,"minecraft:wooden_pickaxe":77,"minecraft:sand":11,"minecraft:crafting_table":3,"minecraft:bread":18,"minecraft:stone_axe":210,"minecraft:cobblestone":65,"minecraft:black_candle":2},"minecraft:killed":{"minecraft:chicken":2,"minecraft:sheep":1}},"DataVersion":3465}