{"stats":{"minecraft:dropped":{"regions_unexplored:willow_shrub":3,"minecraft:loom":1,"storageracks:oak_wood_corner":8,"minecraft:cooked_porkchop":1,"born_in_chaos_v1:pieceofdarkmetal":1,"gnumus:mouse_skin":8,"minecraft:cod":4,"immersive_armors:wooden_leggings":1,"farmersdelight:onion":7,"minecraft:sunflower":13,"immersive_armors:wooden_chestplate":2,"minecraft:white_wool":5,"minecraft:white_tulip":9,"minecraft:stone_axe":1,"comforts:sleeping_bag_red":2,"alexsmobs:animal_dictionary":1,"minecraft:wheat":1,"immersive_armors:wooden_boots":2,"minecraft:rotten_flesh":18,"minecraft:oak_planks":30,"minecraft:cooked_mutton":7,"doggytalents:rice_wheat":2,"minecraft:white_bed":1,"touhou_little_maid:smart_slab_init":5,"born_in_chaos_v1:corpse_maggot":5,"touhou_little_maid:smart_slab_has_maid":4,"doggytalents:rice_grains":14,"festive_delight:cinnamon_sticks":2,"regions_unexplored:fireweed":29,"minecraft:cobblestone":33,"regions_unexplored:daisy":13,"regions_unexplored:small_oak_log":8,"mca:book_romance":2,"regions_unexplored:salmon_poppy_bush":5,"minecraft:torch":11,"minecraft:rose_bush":1,"regions_unexplored:purple_lupine":1,"regions_unexplored:poppy_bush":34,"touhou_little_maid:smart_slab_empty":1,"regions_unexplored:silver_birch_leaf_pile":24,"regions_unexplored:pine_log":15,"minecraft:stone_sword":17,"minecraft:raw_iron":2,"regions_unexplored:hyssop":60,"regions_unexplored:small_oak_sapling":6,"minecraft:potato":1,"gnumus:gnumus_clay":1,"minecraft:allium":5,"minecraft:oak_sapling":3,"minecraft:stone_pickaxe":3,"regions_unexplored:silt_dirt":65,"regions_unexplored:blue_lupine":2,"immersive_armors:wooden_helmet":2},"minecraft:mined":{"minecraft:white_bed":3,"minecraft:oak_sapling":1,"minecraft:orange_wool":1,"minecraft:potted_cactus":1,"regions_unexplored:red_maple_shrub":1,"minecraft:grass_block":32,"iceandfire:lectern":1,"minecraft:composter":1,"minecraft:pumpkin":8,"minecraft:moss_carpet":1,"iceandfire:gold_pile":1,"iceandfire:pixie_house_spruce":2,"minecraft:potted_cornflower":2,"regions_unexplored:silt_grass_block":430,"storageracks:oak_wood_corner":3,"regions_unexplored:willow_log":1,"minecraft:torch":10,"minecraft:chest":3,"minecraft:cobblestone":27,"minecraft:oak_planks":2,"minecraft:sugar_cane":2,"minecraft:wall_torch":4,"regions_unexplored:hyssop":16,"regions_unexplored:silt_coarse_dirt":50,"minecraft:wheat":48,"touhou_little_maid:shrine":1,"minecraft:grass":131,"minecraft:oak_log":4,"minecraft:beetroots":6,"minecraft:loom":1,"minecraft:dirt":36,"regions_unexplored:clover":1,"minecraft:oak_leaves":4,"regions_unexplored:fireweed":7,"regions_unexplored:poppy_bush":131,"regions_unexplored:aster":1,"regions_unexplored:silver_birch_sapling":1,"minecraft:hay_block":72,"minecraft:furnace":2,"minecraft:carrots":31,"treechop:chopped_log":28,"minecraft:bookshelf":27,"minecraft:potatoes":13,"regions_unexplored:medium_grass":72,"minecraft:stone":199,"minecraft:white_tulip":1,"iceandfire:podium_spruce":1,"regions_unexplored:windswept_grass":3,"minecraft:white_wool":7,"doggytalents:rice_crop":1,"regions_unexplored:orange_coneflower":17,"regions_unexplored:redwood_shrub":1,"minecraft:scaffolding":15,"regions_unexplored:silver_birch_leaf_pile":37,"minecraft:brown_carpet":1,"minecraft:oak_fence":2,"minecraft:crafting_table":3,"regions_unexplored:salmon_poppy_bush":11,"regions_unexplored:silt_dirt":65,"minecraft:campfire":2,"minecraft:lectern":1,"minecraft:tall_grass":1,"regions_unexplored:daisy":5,"minecraft:birch_planks":31,"regions_unexplored:willow_slab":21,"minecraft:sweet_berry_bush":1,"iceandfire:pixie_house_mushroom_red":2,"minecraft:potted_azure_bluet":2,"minecraft:coal_ore":18,"iceandfire:silver_pile":1,"regions_unexplored:silver_birch_log":9,"minecraft:cobweb":1,"minecraft:birch_fence":17,"regions_unexplored:tassel":1,"paraglider:goddess_statue":4},"minecraft:custom":{"minecraft:animals_bred":17,"minecraft:interact_with_crafting_table":71,"minecraft:leave_game":5,"minecraft:time_since_death":37371,"minecraft:sprint_one_cm":375042,"minecraft:drop":124,"minecraft:play_time":279745,"minecraft:deaths":20,"minecraft:jump":2634,"minecraft:walk_on_water_one_cm":11146,"minecraft:interact_with_furnace":67,"minecraft:sleep_in_bed":8,"minecraft:damage_dealt":47962,"minecraft:crouch_one_cm":14588,"minecraft:mob_kills":230,"minecraft:climb_one_cm":1449,"minecraft:walk_one_cm":811849,"minecraft:sneak_time":4065,"minecraft:walk_under_water_one_cm":3384,"minecraft:total_world_time":279745,"minecraft:time_since_rest":42935,"minecraft:damage_taken":6168,"minecraft:swim_one_cm":12396,"minecraft:fly_one_cm":648331,"minecraft:open_chest":125,"minecraft:fall_one_cm":57315},"minecraft:crafted":{"minecraft:oak_planks":84,"regions_unexplored:willow_shrub":1,"minecraft:cooked_chicken":2,"minecraft:stone":19,"minecraft:cooked_mutton":23,"immersive_armors:wooden_chestplate":1,"minecraft:chest":6,"regions_unexplored:willow_planks":164,"immersive_armors:wooden_helmet":1,"minecraft:stone_hoe":1,"minecraft:wooden_shovel":2,"minecraft:cooked_porkchop":22,"minecraft:crafting_table":1,"minecraft:wooden_pickaxe":1,"immersive_armors:wooden_leggings":1,"minecraft:birch_planks":160,"minecraft:campfire":1,"immersive_armors:wooden_boots":1,"minecraft:charcoal":19,"minecraft:birch_fence":42,"minecraft:stick":72,"minecraft:stone_sword":18,"minecraft:stone_shovel":3,"minecraft:furnace":1,"minecraft:bone_meal":10,"born_in_chaos_v1:fried_maggot":11,"minecraft:stone_pickaxe":7,"regions_unexplored:willow_slab":12,"regions_unexplored:willow_wood":3,"minecraft:wheat":162,"minecraft:stone_axe":4,"minecraft:bread":39,"minecraft:air":0,"minecraft:wooden_axe":1,"minecraft:white_bed":2,"minecraft:torch":52},"minecraft:broken":{"minecraft:wooden_shovel":2,"minecraft:stone_pickaxe":1,"minecraft:stone_axe":3,"minecraft:wooden_axe":1,"minecraft:stone_shovel":3,"minecraft:stone_sword":9},"minecraft:killed":{"minecraft:chicken":2,"born_in_chaos_v1:skeleton_thrasher":1,"minecraft:pig":10,"minecraft:zombie_villager":1,"gnumus:marsupial_mousse":1,"minecraft:sheep":14,"minecraft:pillager":3,"minecraft:zombie":140,"born_in_chaos_v1:corpse_fly":3,"alexsmobs:fly":2,"hordes:zombie_player":16,"born_in_chaos_v1:maggot":32,"gnumus:gnumus_hunter":1,"minecraft:husk":1,"minecraft:rabbit":1,"alexsmobs:crow":1},"minecraft:picked_up":{"regions_unexplored:small_oak_log":20,"minecraft:wheat":101,"minecraft:flower_pot":5,"gnumus:gnumus_claw":2,"regions_unexplored:silt_dirt":650,"paraglider:goddess_statue":8,"minecraft:string":1,"regions_unexplored:pine_log":15,"minecraft:gold_nugget":37,"touhou_little_maid:smart_slab_init":5,"minecraft:white_tulip":31,"minecraft:rose_bush":3,"minecraft:furnace":2,"minecraft:stick":233,"born_in_chaos_v1:shattered_skull":1,"minecraft:composter":1,"minecraft:oak_fence":2,"minecraft:torch":40,"minecraft:porkchop":20,"iceandfire:rotten_egg":1,"regions_unexplored:daisy":37,"minecraft:brown_carpet":8,"regions_unexplored:willow_slab":20,"minecraft:stone_sword":27,"minecraft:cactus":1,"minecraft:rotten_flesh":194,"farmersdelight:onion":21,"gnumus:gnumus_chickpeas":11,"minecraft:cod":9,"minecraft:cobblestone":228,"minecraft:feather":13,"minecraft:brown_wool":1,"minecraft:potato":23,"minecraft:dirt":49,"minecraft:lantern":3,"gnumus:gnumus_pouch_2":1,"minecraft:bone":6,"minecraft:bow":7,"regions_unexplored:red_maple_shrub":2,"minecraft:wheat_seeds":400,"minecraft:rabbit":6,"minecraft:stone_hoe":6,"minecraft:oak_planks":65,"regions_unexplored:orange_coneflower":108,"minecraft:cooked_porkchop":4,"iceandfire:podium_spruce":3,"minecraft:loom":2,"alexsmobs:animal_dictionary":1,"minecraft:orange_wool":1,"regions_unexplored:hyssop":150,"iceandfire:lectern":3,"regions_unexplored:willow_shrub":2,"gnumus:gnumus_clay":2,"regions_unexplored:clover":2,"regions_unexplored:redwood_shrub":1,"regions_unexplored:willow_log":119,"minecraft:emerald":1,"alexsmobs:maggot":3,"minecraft:oak_sapling":13,"touhou_little_maid:shrine":1,"iceandfire:silver_nugget":21,"minecraft:charcoal":4,"minecraft:crafting_table":3,"minecraft:azure_bluet":2,"minecraft:chicken":2,"regions_unexplored:silt_coarse_dirt":91,"minecraft:wooden_pickaxe":8,"doggytalents:rice_wheat":6,"minecraft:cornflower":2,"regions_unexplored:poppy_bush":299,"minecraft:moss_carpet":4,"minecraft:birch_fence":22,"iceandfire:bestiary":2,"immersive_armors:wooden_leggings":11,"minecraft:lectern":1,"minecraft:sugar_cane":8,"minecraft:chest":3,"minecraft:raw_iron":6,"minecraft:stone":9,"regions_unexplored:silver_birch_leaf_pile":320,"regions_unexplored:blue_lupine":2,"born_in_chaos_v1:pieceofdarkmetal":3,"minecraft:carrot":53,"immersive_armors:wooden_helmet":12,"minecraft:arrow":5,"minecraft:beetroot_seeds":5,"regions_unexplored:felicia_daisy":2,"minecraft:hay_block":84,"comforts:sleeping_bag_red":4,"touhou_little_maid:smart_slab_has_maid":10,"minecraft:gold_ingot":1,"gnumus:mouse_skin":28,"minecraft:mutton":26,"minecraft:white_wool":36,"minecraft:oxeye_daisy":1,"born_in_chaos_v1:corpse_maggot":24,"doggytalents:rice_grains":26,"minecraft:birch_planks":31,"minecraft:oak_log":13,"regions_unexplored:salmon_poppy_bush":39,"festive_delight:cinnamon_sticks":1,"mca:book_romance":5,"regions_unexplored:tassel":4,"regions_unexplored:small_oak_sapling":15,"iceandfire:pixie_house_mushroom_red":2,"minecraft:cooked_mutton":11,"regions_unexplored:aster":5,"minecraft:rabbit_hide":1,"minecraft:iron_ingot":1,"minecraft:stone_pickaxe":45,"storageracks:oak_wood_corner":11,"regions_unexplored:silver_birch_sapling":36,"minecraft:book":95,"minecraft:scaffolding":23,"minecraft:oak_slab":3,"iceandfire:copper_nugget":28,"minecraft:pumpkin":8,"minecraft:sweet_berries":6,"regions_unexplored:willow_sapling":52,"touhou_little_maid:smart_slab_empty":1,"minecraft:white_bed":3,"regions_unexplored:fireweed":74,"minecraft:stone_axe":11,"iceandfire:pixie_house_spruce":2,"immersive_armors:wooden_chestplate":12,"regions_unexplored:silver_birch_log":208,"minecraft:coal":14,"immersive_armors:wooden_boots":12,"minecraft:sunflower":39},"minecraft:used":{"iceandfire:lectern":1,"minecraft:chest":9,"minecraft:stone":10,"doggytalents:rice_grains":19,"minecraft:rotten_flesh":2,"touhou_little_maid:smart_slab_init":1,"paraglider:goddess_statue":1,"regions_unexplored:silver_birch_sapling":4,"touhou_little_maid:power_point":1,"regions_unexplored:salmon_poppy_bush":1,"regions_unexplored:willow_slab":29,"immersive_armors:wooden_chestplate":1,"minecraft:furnace":3,"minecraft:oak_sapling":1,"minecraft:stone_pickaxe":401,"minecraft:oak_planks":1,"minecraft:wooden_pickaxe":40,"minecraft:sugar_cane":8,"iceandfire:podium_spruce":1,"minecraft:loom":1,"minecraft:birch_fence":58,"regions_unexplored:fireweed":1,"gnumus:gnumus_chickpeas":5,"minecraft:bread":7,"touhou_little_maid:smart_slab_has_maid":26,"iceandfire:pixie_house_mushroom_red":2,"minecraft:stone_sword":1458,"minecraft:stone_shovel":441,"minecraft:wooden_shovel":138,"born_in_chaos_v1:fried_maggot":10,"minecraft:stone_hoe":130,"minecraft:cooked_chicken":2,"minecraft:torch":7,"minecraft:dirt":44,"minecraft:wooden_axe":43,"minecraft:wheat_seeds":40,"minecraft:cooked_mutton":13,"iceandfire:pixie_house_spruce":2,"minecraft:birch_planks":88,"touhou_little_maid:shrine":2,"storageracks:oak_wood_corner":3,"minecraft:crafting_table":4,"minecraft:campfire":1,"minecraft:white_bed":5,"minecraft:stone_axe":453,"immersive_armors:wooden_boots":1,"minecraft:cobblestone":27,"minecraft:cooked_porkchop":19,"alexsmobs:animal_dictionary":7,"regions_unexplored:silt_dirt":203}},"DataVersion":3465}