{"stats":{"minecraft:killed_by":{"minecraft:player":2},"minecraft:custom":{"minecraft:interact_with_furnace":19,"minecraft:mob_kills":3,"minecraft:interact_with_crafting_table":10,"minecraft:open_barrel":14,"minecraft:bell_ring":23,"minecraft:leave_game":1,"minecraft:time_since_death":43782,"minecraft:sleep_in_bed":6,"minecraft:time_since_rest":13859,"minecraft:sprint_one_cm":78735,"minecraft:damage_taken":642,"minecraft:walk_one_cm":116408,"minecraft:drop":4,"minecraft:damage_dealt":681,"minecraft:fly_one_cm":102967,"minecraft:open_chest":1,"minecraft:crouch_one_cm":657,"minecraft:play_time":49245,"minecraft:deaths":2,"minecraft:sneak_time":3278,"minecraft:walk_under_water_one_cm":441,"minecraft:jump":590,"minecraft:interact_with_blast_furnace":1,"minecraft:walk_on_water_one_cm":4636,"minecraft:total_world_time":49245,"minecraft:fall_one_cm":16698},"minecraft:picked_up":{"minecraft:crafting_table":1,"minecraft:feather":1,"minecraft:chicken":2,"minecraft:andesite":4,"minecraft:smoker":1,"minecraft:oak_log":9,"minecraft:dirt":13,"minecraft:raw_copper":30,"minecraft:orange_terracotta":3,"minecraft:wheat_seeds":34,"minecraft:stone_pickaxe":1,"minecraft:melon_slice":4,"minecraft:acacia_sapling":3,"minecraft:oak_planks":1,"cctvcraft:raw_aluminum":104,"minecraft:egg":3,"minecraft:stick":5,"minecraft:acacia_fence":1,"minecraft:torch":1,"minecraft:acacia_log":54,"minecraft:spruce_sapling":2,"minecraft:spruce_log":10,"minecraft:dark_oak_log":13,"minecraft:barrel":2,"minecraft:orange_bed":6,"minecraft:hay_block":14,"minecraft:bread":4,"minecraft:oak_sapling":1,"minecraft:melon_seeds":3,"minecraft:mutton":2,"minecraft:cobblestone":135,"minecraft:white_wool":1},"minecraft:dropped":{"minecraft:bread":22,"minecraft:stone_pickaxe":1,"minecraft:orange_bed":1},"minecraft:crafted":{"minecraft:oak_planks":16,"minecraft:crafting_table":1,"minecraft:spruce_planks":4,"minecraft:wooden_pickaxe":1,"minecraft:furnace":1,"minecraft:stone_axe":3,"minecraft:air":0,"minecraft:bread":42,"minecraft:charcoal":8,"minecraft:stick":36,"minecraft:stone_pickaxe":3,"minecraft:stone_sword":1,"minecraft:acacia_planks":68,"minecraft:dark_oak_planks":4,"minecraft:torch":28,"minecraft:wheat":126},"minecraft:mined":{"minecraft:acacia_leaves":6,"minecraft:melon_stem":2,"minecraft:smoker":1,"minecraft:orange_terracotta":6,"minecraft:dark_oak_log":13,"minecraft:crafting_table":1,"cctvcraft:aluminum_ore":88,"minecraft:blast_furnace":1,"minecraft:acacia_log":54,"minecraft:grass_block":4,"minecraft:melon":1,"minecraft:cobblestone":12,"minecraft:copper_ore":9,"minecraft:tall_grass":2,"minecraft:oak_planks":1,"minecraft:wall_torch":1,"minecraft:hay_block":13,"minecraft:wheat":40,"minecraft:barrel":2,"minecraft:spruce_log":10,"minecraft:andesite":6,"minecraft:grass":34,"minecraft:oak_log":9,"minecraft:acacia_fence":1,"minecraft:dirt":14,"minecraft:stone":70,"minecraft:oak_leaves":7,"minecraft:orange_bed":6,"minecraft:orange_glazed_terracotta":1},"minecraft:broken":{"minecraft:stone_pickaxe":1,"minecraft:wooden_pickaxe":1},"minecraft:used":{"minecraft:acacia_log":1,"minecraft:stone_pickaxe":159,"minecraft:oak_planks":4,"minecraft:wooden_pickaxe":77,"minecraft:orange_bed":5,"minecraft:torch":19,"minecraft:dirt":11,"minecraft:crafting_table":1,"minecraft:bread":7,"minecraft:barrel":2,"minecraft:stone_axe":125,"minecraft:cobblestone":15,"minecraft:furnace":1,"minecraft:orange_terracotta":2},"minecraft:killed":{"minecraft:sheep":1,"minecraft:chicken":2}},"DataVersion":3465}