{"stats":{"minecraft:picked_up":{"minecraft:cocoa_beans":3,"minecraft:crafting_table":4,"minecraft:magma_block":15,"minecraft:feather":2,"minecraft:basalt":11,"minecraft:chicken":3,"minecraft:jungle_log":190,"minecraft:leather":4,"minecraft:oak_log":32,"minecraft:dirt":5,"minecraft:apple":1,"minecraft:wheat_seeds":3,"alexsmobs:banana":3,"minecraft:beef":6,"minecraft:jungle_sapling":7,"minecraft:bamboo":20,"minecraft:melon_slice":34,"minecraft:oak_planks":5,"minecraft:stick":21,"minecraft:smooth_basalt":34,"born_in_chaos_v1:shattered_skull":1,"minecraft:oak_door":1,"minecraft:torch":3,"minecraft:jungle_planks":85,"minecraft:rotten_flesh":7,"minecraft:jungle_stairs":1,"minecraft:hay_block":1,"minecraft:mangrove_roots":1,"minecraft:oak_sapling":12,"minecraft:coal":2,"minecraft:cobblestone":12},"minecraft:used":{"minecraft:stone_pickaxe":85,"minecraft:oak_planks":33,"minecraft:wooden_pickaxe":5,"minecraft:torch":7,"minecraft:crafting_table":5,"minecraft:jungle_planks":199,"minecraft:bread":1,"minecraft:melon_slice":3,"minecraft:jungle_log":1,"minecraft:jungle_stairs":27,"minecraft:smooth_basalt":2,"minecraft:stone_axe":203,"alexsmobs:banana":2,"alexsmobs:animal_dictionary":1},"minecraft:crafted":{"minecraft:oak_planks":68,"minecraft:crafting_table":1,"minecraft:wooden_pickaxe":1,"minecraft:stone_axe":2,"minecraft:bread":3,"minecraft:jungle_planks":500,"minecraft:stick":10,"minecraft:stone_pickaxe":1,"minecraft:jungle_stairs":112,"minecraft:torch":8,"minecraft:wheat":9},"minecraft:custom":{"minecraft:mob_kills":12,"minecraft:interact_with_crafting_table":8,"minecraft:damage_dealt_resisted":26,"minecraft:time_since_death":24709,"minecraft:climb_one_cm":7485,"minecraft:time_since_rest":24767,"minecraft:sprint_one_cm":76222,"minecraft:walk_one_cm":96007,"minecraft:damage_taken":2176,"minecraft:drop":23,"minecraft:damage_dealt":1148,"minecraft:fly_one_cm":71641,"minecraft:crouch_one_cm":29372,"minecraft:play_time":46822,"minecraft:deaths":6,"minecraft:sneak_time":8759,"minecraft:jump":559,"minecraft:walk_on_water_one_cm":307,"minecraft:total_world_time":46822,"minecraft:fall_one_cm":17069},"minecraft:mined":{"minecraft:basalt":13,"minecraft:mangrove_roots":1,"minecraft:crafting_table":4,"minecraft:ladder":3,"gravestone:gravestone":6,"minecraft:jungle_stairs":1,"minecraft:melon":7,"minecraft:jungle_planks":89,"minecraft:jungle_log":3,"minecraft:cobblestone":11,"minecraft:oak_planks":5,"minecraft:hay_block":1,"minecraft:magma_block":15,"treechop:chopped_log":5,"minecraft:grass":12,"minecraft:oak_log":8,"minecraft:coal_ore":2,"minecraft:cocoa":1,"minecraft:vine":2,"minecraft:dirt":1,"minecraft:smooth_basalt":36,"minecraft:bamboo":3,"minecraft:stone":2,"minecraft:oak_leaves":6,"minecraft:fern":3},"minecraft:broken":{"minecraft:stone_axe":1},"minecraft:dropped":{"minecraft:mangrove_roots":1,"minecraft:jungle_planks":15,"gravestone:obituary":6,"alexsmobs:banana":1},"minecraft:killed_by":{"undead_revamp2:thehunter":1,"apollyon:the_damned":1,"antlers:wendigo":1,"smile:happy_chase":2},"minecraft:killed":{"minecraft:pig":1,"arphex:hornet_harbinger":1,"minecraft:chicken":3,"undead_revamp2:sucker":3,"minecraft:cow":3}},"DataVersion":3465}