{"stats":{"minecraft:dropped":{"minecraft:oak_log":33,"iceandfire:silver_axe":1,"minecraft:jungle_planks":15,"minecraft:pufferfish":2,"minecraft:jungle_sapling":1,"gravestone:obituary":30,"minecraft:oak_door":2,"minecraft:moss_carpet":1,"minecraft:mangrove_roots":1,"minecraft:rotten_flesh":1,"born_in_chaos_v1:corpse_maggot":4,"minecraft:golden_leggings":1,"minecraft:bamboo":1,"alexsmobs:banana":1},"minecraft:used":{"biomesoplenty:mahogany_planks":4,"minecraft:ladder":51,"minecraft:polished_basalt":38,"minecraft:chest":10,"minecraft:torch":38,"minecraft:dirt":3,"minecraft:jungle_planks":339,"minecraft:jungle_slab":10,"minecraft:wooden_axe":23,"minecraft:jungle_log":1,"minecraft:smooth_basalt":148,"minecraft:basalt":8,"minecraft:soul_soil":2,"alexsmobs:banana":2,"minecraft:cooked_beef":7,"minecraft:stone_pickaxe":382,"minecraft:oak_planks":117,"minecraft:wooden_pickaxe":42,"minecraft:crafting_table":9,"antlers:jerkey":1,"minecraft:apple":1,"minecraft:melon_slice":22,"minecraft:bread":2,"minecraft:jungle_stairs":226,"minecraft:stone_axe":439,"minecraft:cobblestone":12,"alexsmobs:animal_dictionary":1},"minecraft:picked_up":{"minecraft:cocoa_beans":9,"minecraft:crafting_table":5,"minecraft:chicken":3,"minecraft:ladder":6,"iceandfire:fire_lily":4,"minecraft:wither_rose":1,"gravestone:obituary":12,"minecraft:moss_carpet":1,"minecraft:pufferfish":1,"cfm:jungle_chair":1,"alexsmobs:banana":3,"minecraft:beef":14,"minecraft:jungle_sapling":8,"minecraft:lectern":1,"minecraft:melon_slice":86,"minecraft:chest":2,"minecraft:stick":31,"born_in_chaos_v1:shattered_skull":2,"minecraft:oak_door":3,"minecraft:torch":19,"minecraft:acacia_log":7,"minecraft:stone_shovel":1,"minecraft:rotten_flesh":9,"minecraft:jungle_stairs":70,"biomesoplenty:mahogany_sapling":3,"minecraft:polished_basalt":6,"minecraft:hay_block":1,"minecraft:mangrove_roots":1,"minecraft:mutton":3,"minecraft:cobblestone":165,"alexsmobs:kangaroo_meat":4,"minecraft:white_wool":2,"iceandfire:silver_axe":1,"born_in_chaos_v1:corpse_maggot":4,"minecraft:magma_block":78,"minecraft:feather":2,"minecraft:basalt":64,"minecraft:jungle_log":190,"minecraft:leather":4,"minecraft:golden_leggings":1,"alexsmobs:bison_fur":2,"minecraft:oak_log":87,"minecraft:dirt":14,"minecraft:apple":2,"minecraft:wheat_seeds":3,"minecraft:rabbit_hide":3,"minecraft:stone_pickaxe":1,"minecraft:bamboo":37,"biomesoplenty:mahogany_planks":1,"minecraft:acacia_sapling":1,"minecraft:oak_planks":47,"minecraft:smooth_basalt":189,"minecraft:pumpkin":1,"born_in_chaos_v1:ethereal_spirit":2,"minecraft:jungle_planks":262,"minecraft:jungle_slab":5,"alexsmobs:animal_dictionary":1,"biomesoplenty:mahogany_log":21,"alexsmobs:kangaroo_hide":2,"minecraft:stone_axe":1,"minecraft:oak_sapling":17,"minecraft:coal":2},"minecraft:broken":{"minecraft:stone_pickaxe":3,"minecraft:stone_axe":3},"minecraft:killed":{"arphex:hornet_harbinger":1,"minecraft:chicken":3,"alexsmobs:bison":1,"undead_revamp2:sucker":6,"alexsmobs:kangaroo":2,"minecraft:pig":1,"minecraft:sheep":2,"born_in_chaos_v1:corpse_fly":3,"alexsmobs:gazelle":2,"endofherobrine:sheep":2,"apollyon:the_damned":1,"minecraft:cow":4},"minecraft:mined":{"minecraft:jungle_slab":6,"minecraft:mangrove_roots":1,"gravestone:gravestone":18,"minecraft:ladder":4,"minecraft:grass_block":2,"minecraft:jungle_planks":163,"minecraft:jungle_log":3,"minecraft:hay_block":1,"minecraft:magma_block":92,"minecraft:polished_basalt":6,"minecraft:pumpkin":1,"treechop:chopped_log":8,"minecraft:vine":2,"minecraft:bamboo":5,"minecraft:stone":38,"minecraft:basalt":68,"minecraft:crafting_table":5,"minecraft:torch":2,"minecraft:jungle_stairs":39,"minecraft:melon":11,"biomesoplenty:mahogany_planks":1,"minecraft:chest":2,"minecraft:lectern":1,"iceandfire:fire_lily":4,"minecraft:tall_grass":4,"minecraft:cobblestone":24,"minecraft:oak_planks":51,"minecraft:wall_torch":8,"minecraft:grass":20,"minecraft:oak_log":9,"minecraft:coal_ore":2,"minecraft:cocoa":3,"minecraft:dirt":2,"minecraft:smooth_basalt":175,"minecraft:oak_leaves":11,"minecraft:fern":6},"minecraft:custom":{"minecraft:mob_kills":29,"minecraft:interact_with_crafting_table":32,"minecraft:damage_dealt_resisted":53,"minecraft:leave_game":3,"minecraft:time_since_death":2228,"minecraft:climb_one_cm":38338,"minecraft:sprint_one_cm":280925,"minecraft:walk_one_cm":425786,"minecraft:drop":59,"minecraft:play_time":187032,"minecraft:deaths":18,"minecraft:sneak_time":30304,"minecraft:walk_under_water_one_cm":2167,"minecraft:jump":2469,"minecraft:walk_on_water_one_cm":4559,"minecraft:total_world_time":187032,"minecraft:interact_with_furnace":6,"minecraft:sleep_in_bed":4,"minecraft:time_since_rest":2303,"minecraft:damage_taken":6248,"minecraft:damage_dealt":4144,"minecraft:swim_one_cm":16418,"minecraft:fly_one_cm":326156,"minecraft:player_kills":1,"minecraft:open_chest":53,"minecraft:crouch_one_cm":92405,"minecraft:fall_one_cm":83011},"minecraft:killed_by":{"minecraft:player":1,"born_in_chaos_v1:restless_spirit":1,"alexsmobs:bison":1,"endofherobrine:sheep":1,"undead_revamp2:thehunter":1,"man:managgresive":2,"apollyon:the_damned":2,"minecraft:skeleton":1,"antlers:wendigo":5,"smile:happy_chase":2},"minecraft:crafted":{"minecraft:oak_planks":156,"minecraft:stone_shovel":1,"biomesoplenty:mahogany_planks":4,"antlers:jerkey":1,"minecraft:ladder":54,"minecraft:stone_pickaxe":2,"minecraft:chest":8,"minecraft:polished_basalt":32,"minecraft:jungle_stairs":220,"minecraft:wheat":9,"minecraft:soul_soil":2,"minecraft:cooked_beef":7,"minecraft:crafting_table":4,"minecraft:wooden_pickaxe":2,"minecraft:stone_axe":5,"minecraft:jungle_slab":6,"minecraft:bread":3,"minecraft:air":0,"minecraft:jungle_planks":756,"minecraft:stick":147,"minecraft:wooden_axe":1,"minecraft:torch":36}},"DataVersion":3465}