{"stats":{"minecraft:picked_up":{"born_in_chaos_v1:corpse_maggot":4,"minecraft:cocoa_beans":3,"minecraft:crafting_table":5,"minecraft:magma_block":15,"minecraft:feather":2,"minecraft:basalt":24,"minecraft:chicken":3,"minecraft:ladder":1,"minecraft:jungle_log":190,"minecraft:leather":4,"minecraft:wither_rose":1,"gravestone:obituary":4,"minecraft:oak_log":53,"minecraft:dirt":5,"minecraft:apple":2,"minecraft:wheat_seeds":3,"alexsmobs:banana":3,"minecraft:beef":6,"minecraft:jungle_sapling":7,"minecraft:bamboo":20,"minecraft:melon_slice":47,"minecraft:oak_planks":10,"minecraft:stick":23,"minecraft:smooth_basalt":68,"born_in_chaos_v1:shattered_skull":1,"minecraft:oak_door":1,"minecraft:torch":5,"minecraft:jungle_planks":120,"minecraft:jungle_slab":3,"minecraft:rotten_flesh":7,"minecraft:jungle_stairs":6,"minecraft:hay_block":1,"minecraft:mangrove_roots":1,"minecraft:oak_sapling":17,"minecraft:coal":2,"minecraft:cobblestone":40},"minecraft:used":{"minecraft:stone_pickaxe":132,"minecraft:oak_planks":68,"minecraft:ladder":39,"minecraft:chest":4,"minecraft:wooden_pickaxe":42,"minecraft:torch":8,"minecraft:crafting_table":6,"minecraft:jungle_planks":270,"minecraft:jungle_slab":7,"minecraft:wooden_axe":23,"minecraft:apple":1,"minecraft:bread":2,"minecraft:melon_slice":9,"minecraft:jungle_log":1,"minecraft:jungle_stairs":81,"minecraft:smooth_basalt":70,"minecraft:stone_axe":257,"minecraft:basalt":7,"minecraft:cobblestone":4,"alexsmobs:animal_dictionary":1,"alexsmobs:banana":2},"minecraft:crafted":{"minecraft:oak_planks":152,"minecraft:crafting_table":1,"minecraft:wooden_pickaxe":2,"minecraft:stone_axe":3,"minecraft:jungle_slab":6,"minecraft:bread":3,"minecraft:jungle_planks":500,"minecraft:ladder":54,"minecraft:stick":138,"minecraft:stone_pickaxe":2,"minecraft:wooden_axe":1,"minecraft:chest":4,"minecraft:jungle_stairs":112,"minecraft:torch":8,"minecraft:wheat":9},"minecraft:custom":{"minecraft:mob_kills":16,"minecraft:interact_with_crafting_table":18,"minecraft:damage_dealt_resisted":26,"minecraft:leave_game":1,"minecraft:time_since_death":12336,"minecraft:climb_one_cm":15913,"minecraft:time_since_rest":12437,"minecraft:sprint_one_cm":106915,"minecraft:damage_taken":2597,"minecraft:walk_one_cm":197005,"minecraft:drop":30,"minecraft:damage_dealt":2127,"minecraft:swim_one_cm":2597,"minecraft:fly_one_cm":102571,"minecraft:open_chest":28,"minecraft:crouch_one_cm":44516,"minecraft:play_time":81514,"minecraft:deaths":7,"minecraft:sneak_time":13445,"minecraft:walk_under_water_one_cm":230,"minecraft:jump":869,"minecraft:walk_on_water_one_cm":566,"minecraft:total_world_time":81514,"minecraft:fall_one_cm":24198},"minecraft:mined":{"minecraft:jungle_slab":3,"minecraft:basalt":26,"minecraft:mangrove_roots":1,"minecraft:crafting_table":5,"minecraft:torch":1,"gravestone:gravestone":8,"minecraft:ladder":4,"minecraft:jungle_stairs":6,"minecraft:melon":7,"minecraft:jungle_planks":127,"minecraft:jungle_log":3,"minecraft:cobblestone":15,"minecraft:oak_planks":9,"minecraft:wall_torch":1,"minecraft:hay_block":1,"minecraft:magma_block":15,"treechop:chopped_log":6,"minecraft:grass":13,"minecraft:oak_log":8,"minecraft:coal_ore":2,"minecraft:cocoa":1,"minecraft:vine":2,"minecraft:dirt":1,"minecraft:smooth_basalt":72,"minecraft:bamboo":3,"minecraft:stone":27,"minecraft:oak_leaves":6,"minecraft:fern":4},"minecraft:broken":{"minecraft:stone_pickaxe":1,"minecraft:stone_axe":2},"minecraft:dropped":{"minecraft:mangrove_roots":1,"minecraft:jungle_planks":15,"born_in_chaos_v1:corpse_maggot":4,"gravestone:obituary":11,"alexsmobs:banana":1},"minecraft:killed_by":{"undead_revamp2:thehunter":1,"apollyon:the_damned":1,"minecraft:skeleton":1,"antlers:wendigo":1,"smile:happy_chase":2},"minecraft:killed":{"minecraft:pig":1,"arphex:hornet_harbinger":1,"minecraft:chicken":3,"born_in_chaos_v1:corpse_fly":3,"undead_revamp2:sucker":3,"apollyon:the_damned":1,"minecraft:cow":3}},"DataVersion":3465}