{"stats":{"minecraft:picked_up":{"born_in_chaos_v1:corpse_maggot":4,"minecraft:cocoa_beans":3,"minecraft:crafting_table":5,"minecraft:magma_block":66,"minecraft:feather":2,"minecraft:basalt":29,"minecraft:chicken":3,"minecraft:ladder":6,"minecraft:jungle_log":190,"iceandfire:fire_lily":4,"minecraft:golden_leggings":1,"minecraft:leather":4,"alexsmobs:bison_fur":2,"minecraft:wither_rose":1,"gravestone:obituary":10,"minecraft:oak_log":87,"minecraft:moss_carpet":1,"minecraft:dirt":11,"minecraft:pufferfish":1,"cfm:jungle_chair":1,"minecraft:apple":2,"minecraft:wheat_seeds":3,"alexsmobs:banana":3,"minecraft:beef":13,"minecraft:jungle_sapling":7,"minecraft:bamboo":37,"biomesoplenty:mahogany_planks":1,"minecraft:melon_slice":57,"minecraft:chest":2,"minecraft:oak_planks":47,"minecraft:stick":27,"minecraft:pumpkin":1,"minecraft:smooth_basalt":139,"born_in_chaos_v1:shattered_skull":2,"minecraft:oak_door":3,"minecraft:torch":11,"minecraft:jungle_planks":152,"minecraft:jungle_slab":5,"alexsmobs:animal_dictionary":1,"biomesoplenty:mahogany_log":21,"minecraft:rotten_flesh":8,"biomesoplenty:mahogany_sapling":3,"minecraft:jungle_stairs":27,"minecraft:hay_block":1,"minecraft:mangrove_roots":1,"minecraft:oak_sapling":17,"minecraft:white_wool":2,"minecraft:mutton":3,"minecraft:coal":2,"minecraft:cobblestone":113},"minecraft:crafted":{"minecraft:oak_planks":156,"minecraft:crafting_table":2,"biomesoplenty:mahogany_planks":4,"minecraft:wooden_pickaxe":2,"minecraft:stone_axe":5,"minecraft:jungle_slab":6,"minecraft:bread":3,"minecraft:air":0,"minecraft:jungle_planks":756,"antlers:jerkey":1,"minecraft:ladder":54,"minecraft:stick":147,"minecraft:stone_pickaxe":2,"minecraft:wooden_axe":1,"minecraft:chest":8,"minecraft:jungle_stairs":168,"minecraft:torch":24,"minecraft:wheat":9},"minecraft:used":{"biomesoplenty:mahogany_planks":4,"minecraft:stone_pickaxe":298,"minecraft:oak_planks":117,"minecraft:ladder":43,"minecraft:chest":10,"minecraft:wooden_pickaxe":42,"minecraft:torch":30,"minecraft:crafting_table":7,"minecraft:jungle_planks":339,"minecraft:jungle_slab":10,"antlers:jerkey":1,"minecraft:wooden_axe":23,"minecraft:apple":1,"minecraft:bread":2,"minecraft:melon_slice":17,"minecraft:jungle_log":1,"minecraft:jungle_stairs":162,"minecraft:smooth_basalt":142,"minecraft:stone_axe":397,"minecraft:basalt":7,"minecraft:cobblestone":12,"alexsmobs:animal_dictionary":1,"alexsmobs:banana":2},"minecraft:custom":{"minecraft:interact_with_furnace":3,"minecraft:mob_kills":22,"minecraft:interact_with_crafting_table":28,"minecraft:damage_dealt_resisted":53,"minecraft:leave_game":1,"minecraft:time_since_death":306,"minecraft:sleep_in_bed":1,"minecraft:climb_one_cm":28403,"minecraft:time_since_rest":346,"minecraft:sprint_one_cm":186106,"minecraft:damage_taken":4103,"minecraft:walk_one_cm":329364,"minecraft:drop":42,"minecraft:damage_dealt":3018,"minecraft:swim_one_cm":11661,"minecraft:fly_one_cm":202346,"minecraft:player_kills":1,"minecraft:open_chest":39,"minecraft:crouch_one_cm":75128,"minecraft:play_time":129514,"minecraft:deaths":12,"minecraft:sneak_time":24283,"minecraft:walk_under_water_one_cm":2068,"minecraft:jump":1646,"minecraft:walk_on_water_one_cm":4032,"minecraft:total_world_time":129514,"minecraft:fall_one_cm":50767},"minecraft:mined":{"minecraft:jungle_slab":6,"minecraft:basalt":31,"minecraft:mangrove_roots":1,"minecraft:crafting_table":5,"minecraft:torch":2,"gravestone:gravestone":13,"minecraft:ladder":4,"minecraft:jungle_stairs":27,"biomesoplenty:mahogany_planks":1,"minecraft:melon":9,"minecraft:jungle_planks":163,"minecraft:chest":2,"minecraft:jungle_log":3,"iceandfire:fire_lily":4,"minecraft:cobblestone":23,"minecraft:oak_planks":51,"minecraft:wall_torch":6,"minecraft:hay_block":1,"minecraft:magma_block":80,"minecraft:pumpkin":1,"treechop:chopped_log":7,"minecraft:grass":18,"minecraft:oak_log":9,"minecraft:coal_ore":2,"minecraft:cocoa":1,"minecraft:vine":2,"minecraft:dirt":1,"minecraft:smooth_basalt":148,"minecraft:bamboo":5,"minecraft:stone":38,"minecraft:oak_leaves":11,"minecraft:fern":6},"minecraft:broken":{"minecraft:stone_pickaxe":1,"minecraft:stone_axe":3},"minecraft:killed_by":{"undead_revamp2:thehunter":1,"man:managgresive":1,"apollyon:the_damned":1,"minecraft:player":1,"born_in_chaos_v1:restless_spirit":1,"minecraft:skeleton":1,"antlers:wendigo":1,"alexsmobs:bison":1,"endofherobrine:sheep":1,"smile:happy_chase":2},"minecraft:dropped":{"minecraft:oak_door":2,"minecraft:mangrove_roots":1,"minecraft:oak_log":33,"minecraft:jungle_planks":15,"minecraft:pufferfish":1,"born_in_chaos_v1:corpse_maggot":4,"minecraft:golden_leggings":1,"gravestone:obituary":18,"minecraft:bamboo":1,"alexsmobs:banana":1},"minecraft:killed":{"minecraft:pig":1,"minecraft:sheep":2,"arphex:hornet_harbinger":1,"minecraft:chicken":3,"born_in_chaos_v1:corpse_fly":3,"alexsmobs:bison":1,"endofherobrine:sheep":2,"undead_revamp2:sucker":4,"apollyon:the_damned":1,"minecraft:cow":3}},"DataVersion":3465}