{"stats":{"minecraft:dropped":{"minecraft:iron_sword":2,"crittersandcompanions:clam":1,"minecraft:cooked_beef":3,"minecraft:oak_log":2,"minecraft:cooked_porkchop":8,"minecraft:leather_helmet":7,"alexsmobs:bison_fur":2,"born_in_chaos_v1:monster_flesh":1,"minecraft:dirt":1,"immersive_armors:wooden_leggings":3,"minecraft:gold_nugget":3,"iceandfire:ash":1,"immersive_armors:wooden_chestplate":2,"minecraft:white_wool":5,"minecraft:oak_door":3,"minecraft:stone_axe":6,"comforts:sleeping_bag_red":1,"born_in_chaos_v1:fire_dust":1,"alexsmobs:animal_dictionary":1,"minecraft:wheat":23,"immersive_armors:wooden_boots":1,"minecraft:rotten_flesh":24,"minecraft:oak_planks":8,"touhou_little_maid:smart_slab_init":2,"iceandfire:shiny_scales":1,"born_in_chaos_v1:corpse_maggot":11,"touhou_little_maid:smart_slab_has_maid":3,"mca:book_infection":1,"doggytalents:rice_grains":3,"minecraft:bread":3,"minecraft:wheat_seeds":12,"minecraft:mossy_cobblestone":4,"minecraft:coal":4,"regions_unexplored:daisy":5,"mca:book_romance":1,"minecraft:milk_bucket":1,"minecraft:torch":30,"touhou_little_maid:smart_slab_empty":1,"minecraft:string":4,"minecraft:dandelion":3,"packedup:basicbackpack":1,"minecraft:stone_sword":11,"regions_unexplored:hyssop":10,"minecraft:iron_chestplate":3,"minecraft:stone_pickaxe":2,"minecraft:wooden_pickaxe":1,"immersive_armors:wooden_helmet":2},"minecraft:mined":{"farmersdelight:rich_soil":1,"iceandfire:copper_pile":5,"regions_unexplored:magnolia_log":4,"regions_unexplored:pink_magnolia_shrub":1,"minecraft:spruce_trapdoor":1,"regions_unexplored:bleeding_heart":2,"minecraft:granite":3,"minecraft:grass_block":17,"minecraft:hopper":2,"minecraft:chiseled_stone_bricks":1,"regions_unexplored:blue_bioshroom_block":9,"comforts:sleeping_bag_white":1,"minecraft:tall_seagrass":1,"minecraft:mossy_cobblestone_slab":1,"minecraft:iron_ore":2,"minecraft:pumpkin":13,"minecraft:anvil":1,"iceandfire:gold_pile":9,"minecraft:red_bed":1,"minecraft:smoker":1,"minecraft:poppy":3,"minecraft:melon":1,"minecraft:chest":2,"minecraft:mushroom_stem":2,"farmersdelight:cabbages":8,"minecraft:cobblestone":2,"minecraft:sugar_cane":1,"minecraft:oak_planks":28,"minecraft:damaged_anvil":1,"minecraft:stone_stairs":1,"regions_unexplored:hyssop":11,"minecraft:smooth_stone_slab":3,"minecraft:grass":111,"minecraft:oak_log":3,"minecraft:sand":1,"minecraft:dirt":7,"minecraft:oak_leaves":1,"regions_unexplored:fireweed":5,"iceandfire:silver_ore":4,"minecraft:mossy_cobblestone":13,"farmersdelight:wild_carrots":2,"minecraft:ladder":3,"minecraft:dark_oak_fence":2,"minecraft:allium":2,"regions_unexplored:mauve_trapdoor":1,"regions_unexplored:saguaro_cactus":1,"minecraft:hay_block":2,"farmersdelight:wild_onions":8,"minecraft:furnace":1,"regions_unexplored:waratah":18,"treechop:chopped_log":18,"regions_unexplored:white_magnolia_shrub":2,"minecraft:bell":1,"vegandelight:wild_soybean":7,"minecraft:shroomlight":4,"minecraft:vine":1,"regions_unexplored:medium_grass":23,"minecraft:stone":126,"minecraft:bone_block":26,"iceandfire:pixie_jar_empty":1,"minecraft:oak_slab":16,"minecraft:crafting_table":4,"minecraft:stone_slab":1,"minecraft:tall_grass":7,"minecraft:copper_ore":9,"regions_unexplored:daisy":5,"iceandfire:ash":1,"regions_unexplored:magnolia_shrub":1,"iceandfire:silver_pile":9,"minecraft:cobweb":3,"minecraft:cracked_stone_bricks":3,"minecraft:stone_bricks":2,"regions_unexplored:magnolia_planks":7,"minecraft:fern":1},"minecraft:custom":{"minecraft:animals_bred":2,"minecraft:interact_with_crafting_table":34,"minecraft:open_barrel":13,"minecraft:bell_ring":7,"minecraft:leave_game":8,"minecraft:time_since_death":13091,"minecraft:sprint_one_cm":650481,"minecraft:drop":111,"minecraft:play_time":258213,"minecraft:deaths":17,"minecraft:interact_with_brewingstand":1,"minecraft:jump":3812,"minecraft:walk_on_water_one_cm":21086,"minecraft:interact_with_furnace":23,"minecraft:sleep_in_bed":7,"minecraft:waystone_activated":3,"minecraft:damage_dealt":32208,"minecraft:player_kills":3,"minecraft:crouch_one_cm":11689,"minecraft:interact_with_smoker":4,"minecraft:interact_with_anvil":3,"minecraft:mob_kills":210,"minecraft:interact_with_campfire":8,"minecraft:damage_dealt_resisted":510,"minecraft:climb_one_cm":42328,"minecraft:walk_one_cm":799417,"minecraft:sneak_time":4536,"minecraft:walk_under_water_one_cm":29237,"minecraft:boat_one_cm":35606,"minecraft:total_world_time":258213,"minecraft:time_since_rest":13143,"minecraft:damage_taken":8785,"minecraft:damage_absorbed":56,"minecraft:trigger_trapped_chest":1,"minecraft:swim_one_cm":36592,"minecraft:fly_one_cm":949931,"minecraft:open_chest":183,"minecraft:fall_one_cm":97500},"minecraft:crafted":{"minecraft:oak_planks":48,"minecraft:cooked_mutton":5,"immersive_armors:wooden_chestplate":1,"minecraft:melon_seeds":1,"minecraft:chest":2,"packedup:basicbackpack":1,"immersive_armors:wooden_helmet":1,"minecraft:stone_hoe":1,"minecraft:magenta_dye":57,"regions_unexplored:mauve_trapdoor":2,"minecraft:cooked_rabbit":4,"regions_unexplored:white_magnolia_sapling":4,"minecraft:cooked_porkchop":14,"minecraft:crafting_table":2,"minecraft:wooden_pickaxe":1,"immersive_armors:wooden_leggings":1,"mca:book_infection":1,"minecraft:red_wool":16,"minecraft:copper_ingot":4,"minecraft:pumpkin_seeds":4,"immersive_armors:wooden_boots":1,"minecraft:purple_dye":10,"minecraft:stick":12,"minecraft:iron_ingot":2,"minecraft:iron_pickaxe":1,"minecraft:stone_sword":2,"minecraft:gold_ingot":7,"minecraft:light_gray_dye":6,"regions_unexplored:magnolia_boat":1,"minecraft:shears":1,"minecraft:oak_door":3,"minecraft:stone_shovel":1,"comforts:sleeping_bag_white":1,"minecraft:furnace":4,"minecraft:bone_meal":369,"minecraft:pink_dye":2,"regions_unexplored:mauve_planks":24,"minecraft:stone_pickaxe":13,"regions_unexplored:magnolia_planks":320,"minecraft:cooked_beef":27,"minecraft:red_dye":31,"iceandfire:silver_ingot":7,"minecraft:bucket":1,"minecraft:stone_axe":3,"minecraft:orange_dye":3,"minecraft:bread":6,"minecraft:air":0,"minecraft:jungle_planks":4,"minecraft:blue_dye":9},"minecraft:broken":{"minecraft:stone_pickaxe":1,"minecraft:golden_sword":2,"minecraft:stone_axe":1,"minecraft:stone_sword":2,"minecraft:stone_hoe":1,"immersive_armors:wooden_helmet":1},"minecraft:killed_by":{"minecraft:husk":2,"minecraft:player":1},"minecraft:killed":{"alexsmobs:hummingbird":1,"minecraft:zombified_piglin":17,"minecraft:witch":2,"born_in_chaos_v1:restless_spirit":2,"minecraft:spider":9,"minecraft:zombie_horse":3,"born_in_chaos_v1:siamese_skeletonsright":1,"minecraft:skeleton":5,"minecraft:guardian":1,"minecraft:chicken":1,"gnumus:pitcher_mousse":2,"born_in_chaos_v1:firelight_not_despawn":3,"touhou_little_maid:fairy":2,"minecraft:pig":7,"hordes:drowned_player":1,"gnumus:marsupial_mousse":1,"minecraft:sheep":8,"minecraft:pillager":3,"minecraft:zombie":7,"born_in_chaos_v1:corpse_fly":9,"alexsmobs:fly":2,"crittersandcompanions:koi_fish":2,"minecraft:cow":9,"hordes:zombie_player":18,"minecraft:slime":4,"born_in_chaos_v1:maggot":20,"minecraft:horse":4,"player_companions:rooster":1,"gnumus:gnumus_hunter":3,"alexsmobs:bison":2,"minecraft:drowned":1,"iceandfire:deathworm":1,"alexsmobs:flying_fish":1,"born_in_chaos_v1:barrel_zombie":1,"minecraft:husk":29,"minecraft:rabbit":6,"minecraft:bat":3,"born_in_chaos_v1:decrepit_skeleton":1,"gnumus:gnumus_merchant":1,"born_in_chaos_v1:bloody_gadfly":1,"iceandfire:ghost":1},"minecraft:picked_up":{"minecraft:iron_chestplate":7,"minecraft:wheat":57,"doggytalents:koji":6,"minecraft:anvil":1,"packedup:basicbackpack":6,"regions_unexplored:magnolia_log":178,"gnumus:gnumus_claw":4,"minecraft:stone_slab":1,"regions_unexplored:magnolia_shrub":1,"born_in_chaos_v1:bloody_gadfly_eye":1,"minecraft:golden_sword":8,"iceandfire:manuscript":57,"minecraft:string":5,"minecraft:raw_copper":32,"minecraft:smooth_stone_slab":3,"minecraft:shroomlight":4,"minecraft:gold_nugget":124,"touhou_little_maid:smart_slab_init":2,"minecraft:bucket":1,"farmersdelight:cabbage":11,"comforts:sleeping_bag_white":10,"gnumus:packaged_goods":1,"crittersandcompanions:koi_fish":1,"minecraft:melon_slice":7,"minecraft:furnace":1,"farmersdelight:cabbage_seeds":35,"vegandelight:soybean":32,"minecraft:stick":135,"regions_unexplored:mauve_trapdoor":1,"minecraft:torch":62,"minecraft:porkchop":16,"regions_unexplored:saguaro_cactus":1,"regions_unexplored:pink_magnolia_shrub":1,"iceandfire:rotten_egg":3,"regions_unexplored:daisy":10,"regions_unexplored:pink_magnolia_sapling":17,"minecraft:stone_sword":15,"minecraft:rotten_flesh":73,"regions_unexplored:tsubaki":4,"farmersdelight:onion":8,"regions_unexplored:mauve_log":6,"minecraft:white_terracotta":1,"regions_unexplored:magnolia_sapling":37,"alexsmobs:flying_fish":1,"minecraft:cobblestone":123,"paraglider:paraglider":4,"gnumus:gnumus_doubloons":3,"minecraft:mossy_cobblestone_slab":1,"minecraft:feather":4,"minecraft:cooked_beef":74,"minecraft:jungle_log":1,"regions_unexplored:white_magnolia_shrub":2,"minecraft:smoker":1,"minecraft:potato":52,"alexsmobs:bison_fur":6,"farmersdelight:tomato":20,"minecraft:dirt":136,"gnumus:gnumus_pouch_2":2,"minecraft:bone":20,"minecraft:wheat_seeds":101,"minecraft:orange_tulip":3,"regions_unexplored:magnolia_planks":231,"minecraft:bell":2,"minecraft:rabbit":6,"minecraft:oak_planks":36,"minecraft:cooked_porkchop":42,"minecraft:poisonous_potato":1,"regions_unexplored:blue_bioshroom_block":9,"iceandfire:shiny_scales":4,"minecraft:sand":1,"minecraft:mossy_cobblestone":17,"alexsmobs:animal_dictionary":1,"regions_unexplored:pink_lupine":2,"regions_unexplored:hyssop":20,"minecraft:sugar":2,"born_in_chaos_v1:fire_dust":3,"gnumus:gnumus_clay":5,"minecraft:crossbow":2,"minecraft:emerald":3,"minecraft:bread":37,"alexsmobs:maggot":2,"minecraft:oak_sapling":17,"minecraft:dark_oak_fence":2,"iceandfire:silver_nugget":60,"iceandfire:raw_silver":4,"minecraft:crafting_table":5,"minecraft:allium":55,"minecraft:azure_bluet":1,"minecraft:chicken":2,"minecraft:ladder":6,"minecraft:clay_ball":2,"minecraft:cooked_rabbit":1,"doggytalents:rice_wheat":15,"minecraft:chain":1,"minecraft:cornflower":4,"minecraft:red_bed":1,"minecraft:stone_stairs":1,"minecraft:cracked_stone_bricks":5,"iceandfire:bestiary":3,"minecraft:beef":35,"immersive_armors:wooden_leggings":7,"minecraft:poppy":4,"minecraft:birch_sapling":1,"minecraft:sugar_cane":2,"minecraft:chest":2,"crittersandcompanions:clam":3,"minecraft:spruce_trapdoor":1,"regions_unexplored:bleeding_heart":2,"minecraft:egg":1,"minecraft:raw_iron":2,"iceandfire:dragonbone":3,"iceandfire:troll_tusk":3,"minecraft:oak_door":14,"iceandfire:deathworm_chitin_red":8,"gnumus:juicy_meat":2,"minecraft:bowl":2,"regions_unexplored:blue_lupine":5,"born_in_chaos_v1:pieceofdarkmetal":3,"minecraft:carrot":36,"immersive_armors:wooden_helmet":6,"minecraft:arrow":13,"regions_unexplored:mauve_sapling":8,"minecraft:shears":4,"minecraft:hay_block":2,"comforts:sleeping_bag_red":2,"touhou_little_maid:smart_slab_has_maid":3,"gnumus:mouse_skin":2,"minecraft:mutton":14,"minecraft:bone_block":26,"minecraft:white_wool":25,"born_in_chaos_v1:fused_bone":2,"born_in_chaos_v1:corpse_maggot":21,"farmersdelight:rich_soil":1,"born_in_chaos_v1:monster_flesh":4,"minecraft:leather":8,"minecraft:red_mushroom":2,"gnumus:gnumus_pouch":1,"minecraft:filled_map":6,"doggytalents:rice_grains":54,"touhou_little_maid:power_point":2,"minecraft:oak_log":42,"regions_unexplored:red_lupine":1,"iceandfire:ectoplasm":1,"minecraft:gunpowder":2,"mca:book_romance":2,"minecraft:paper":1,"regions_unexplored:waratah":22,"minecraft:cooked_mutton":7,"minecraft:apple":3,"minecraft:stone_bricks":7,"iceandfire:pixie_jar_empty":5,"gnumus:gnumus_horn":2,"minecraft:rabbit_hide":3,"minecraft:iron_ingot":17,"minecraft:stone_pickaxe":8,"minecraft:cobweb":9,"minecraft:iron_sword":7,"regions_unexplored:silver_birch_sapling":2,"minecraft:oak_slab":15,"iceandfire:copper_nugget":84,"regions_unexplored:white_magnolia_sapling":18,"minecraft:pumpkin":13,"minecraft:chiseled_stone_bricks":1,"touhou_little_maid:smart_slab_empty":2,"iceandfire:ash":1,"born_in_chaos_v1:ethereal_spirit":11,"minecraft:dandelion":4,"minecraft:leather_helmet":8,"minecraft:slime_ball":9,"regions_unexplored:fireweed":5,"minecraft:stone_axe":7,"immersive_armors:wooden_chestplate":2,"mca:book_infection":1,"minecraft:melon_seeds":8,"minecraft:damaged_anvil":1,"immersive_armors:wooden_boots":2,"minecraft:coal":16,"minecraft:hopper":2},"minecraft:used":{"farmersdelight:cabbage_seeds":8,"minecraft:ladder":6,"minecraft:chest":3,"minecraft:white_terracotta":1,"minecraft:iron_sword":340,"farmersdelight:cabbage":6,"doggytalents:rice_grains":10,"minecraft:bell":1,"minecraft:iron_chestplate":4,"touhou_little_maid:smart_slab_init":2,"minecraft:jungle_planks":4,"minecraft:carrot":16,"touhou_little_maid:power_point":10,"minecraft:lantern":8,"minecraft:mossy_cobblestone_slab":1,"minecraft:stone_bricks":6,"minecraft:golden_sword":13,"minecraft:hay_block":2,"minecraft:oak_sapling":18,"minecraft:furnace":5,"minecraft:potato":12,"iceandfire:pixie_jar_empty":2,"minecraft:oak_planks":54,"minecraft:stone_pickaxe":245,"minecraft:wooden_pickaxe":7,"minecraft:sugar_cane":2,"minecraft:white_wool":1,"minecraft:sand":1,"minecraft:crossbow":9,"minecraft:pumpkin_seeds":24,"born_in_chaos_v1:monster_flesh":1,"minecraft:bread":32,"touhou_little_maid:smart_slab_has_maid":8,"minecraft:cooked_rabbit":5,"minecraft:cobweb":1,"minecraft:bone_meal":241,"minecraft:experience_bottle":1,"minecraft:stone_sword":381,"regions_unexplored:magnolia_boat":1,"farmersdelight:rich_soil":1,"minecraft:stone_hoe":149,"minecraft:oak_door":6,"minecraft:torch":2,"minecraft:dirt":129,"minecraft:anvil":1,"regions_unexplored:magnolia_sapling":12,"minecraft:stone_stairs":1,"minecraft:melon_seeds":12,"comforts:sleeping_bag_white":5,"minecraft:cooked_beef":27,"farmersdelight:tomato_seeds":15,"minecraft:cooked_mutton":12,"minecraft:wheat_seeds":10,"vegandelight:soybean":10,"minecraft:water_bucket":3,"minecraft:cracked_stone_bricks":5,"regions_unexplored:pink_magnolia_sapling":5,"minecraft:mossy_cobblestone":13,"farmersdelight:onion":9,"minecraft:oak_slab":15,"minecraft:crafting_table":6,"minecraft:red_bed":1,"regions_unexplored:magnolia_planks":119,"minecraft:oak_log":1,"regions_unexplored:saguaro_cactus":1,"regions_unexplored:white_magnolia_sapling":9,"minecraft:iron_pickaxe":17,"minecraft:leather_helmet":1,"minecraft:spruce_trapdoor":1,"minecraft:stone_axe":269,"minecraft:chiseled_stone_bricks":1,"minecraft:porkchop":2,"minecraft:cooked_porkchop":24,"minecraft:bucket":4,"immersive_armors:wooden_leggings":2,"regions_unexplored:mauve_trapdoor":3}},"DataVersion":3465}