{"stats":{"minecraft:crafted":{"minecraft:oak_planks":448,"minecraft:glass":71,"minecraft:bow":1,"minecraft:chest":9,"minecraft:polished_basalt":32,"minecraft:jungle_stairs":220,"minecraft:soul_soil":2,"sophisticatedbackpacks:backpack":1,"biomesoplenty:jacaranda_planks":12,"minecraft:crafting_table":7,"minecraft:spruce_planks":16,"minecraft:wooden_pickaxe":3,"minecraft:stick":179,"minecraft:iron_pickaxe":1,"minecraft:stone_sword":1,"minecraft:gold_ingot":51,"minecraft:wooden_sword":1,"minecraft:stone_shovel":1,"minecraft:fishing_rod":1,"biomesoplenty:mahogany_planks":4,"minecraft:furnace":3,"antlers:jerkey":11,"minecraft:ladder":54,"born_in_chaos_v1:fried_maggot":1,"minecraft:stone_pickaxe":3,"minecraft:wheat":108,"minecraft:cooked_beef":10,"biomesoplenty:jacaranda_boat":1,"alexsmobs:cooked_kangaroo_meat":1,"biomesoplenty:willow_planks":56,"minecraft:stone_axe":13,"minecraft:jungle_slab":6,"minecraft:bread":36,"minecraft:air":0,"minecraft:jungle_planks":756,"minecraft:white_wool":6,"minecraft:wooden_axe":2,"minecraft:white_bed":2,"minecraft:torch":60},"minecraft:used":{"minecraft:peony":1,"minecraft:moss_block":1,"minecraft:moss_carpet":1,"minecraft:ladder":54,"minecraft:polished_basalt":38,"minecraft:chest":12,"minecraft:jungle_planks":373,"minecraft:jungle_slab":10,"minecraft:obsidian":1,"minecraft:glass":64,"minecraft:bow":2,"minecraft:mangrove_roots":1,"minecraft:furnace":3,"biomesoplenty:willow_log":2,"minecraft:stone_pickaxe":464,"minecraft:oak_planks":307,"biomesoplenty:willow_planks":42,"minecraft:wooden_pickaxe":55,"minecraft:sand":7,"minecraft:note_block":2,"biomesoplenty:jacaranda_planks":3,"antlers:jerkey":7,"minecraft:melon_slice":38,"minecraft:bread":22,"biomesoplenty:jacaranda_boat":3,"minecraft:wooden_sword":8,"born_in_chaos_v1:rotten_fish":1,"iceandfire:dragon_skull_fire":2,"minecraft:cobweb":11,"biomesoplenty:mahogany_planks":4,"minecraft:stone_sword":34,"minecraft:stone_shovel":133,"graveyard:dark_oak_coffin":1,"minecraft:spruce_planks":18,"born_in_chaos_v1:fried_maggot":1,"minecraft:torch":71,"minecraft:dirt":23,"minecraft:spruce_stairs":2,"alexsmobs:cooked_kangaroo_meat":1,"minecraft:wooden_axe":32,"minecraft:jungle_log":1,"minecraft:smooth_basalt":148,"minecraft:basalt":8,"minecraft:soul_soil":3,"alexsmobs:banana":4,"minecraft:cooked_beef":10,"minecraft:cooked_mutton":1,"iceandfire:chared_dirt":9,"minecraft:crafting_table":16,"minecraft:red_bed":2,"minecraft:white_bed":3,"minecraft:oak_log":7,"minecraft:apple":1,"minecraft:map":1,"minecraft:jungle_stairs":228,"iceandfire:ash":2,"minecraft:stone_axe":828,"minecraft:fishing_rod":14,"minecraft:cobblestone":27,"alexsmobs:animal_dictionary":2,"alexsmobs:emu_egg":1},"minecraft:dropped":{"iceandfire:raw_silver":1,"minecraft:oak_log":34,"iceandfire:silver_axe":1,"biomesoplenty:willow_sapling":1,"biomesoplenty:mahogany_planks":1,"minecraft:leather":13,"minecraft:jungle_planks":15,"biomesoplenty:willow_log":1,"minecraft:red_mushroom":5,"minecraft:dirt":12,"minecraft:jungle_sapling":1,"gravestone:obituary":205,"minecraft:gold_nugget":2,"minecraft:wooden_sword":1,"minecraft:acacia_door":2,"minecraft:bone":1,"minecraft:oak_door":2,"minecraft:stone_axe":5,"minecraft:mangrove_roots":1,"minecraft:wheat":1,"born_in_chaos_v1:ethereal_spirit":2,"minecraft:rotten_flesh":7,"minecraft:oak_planks":10,"minecraft:acacia_stairs":1,"born_in_chaos_v1:corpse_maggot":4,"minecraft:spruce_slab":2,"alexsmobs:banana":1,"biomesoplenty:jacaranda_sapling":1,"minecraft:wheat_seeds":6,"minecraft:cobblestone":2,"antlers:jerkey":2,"minecraft:spruce_stairs":8,"minecraft:stick":2,"minecraft:pufferfish":9,"minecraft:cobweb":1,"minecraft:wooden_axe":2,"minecraft:oak_stairs":1,"minecraft:wither_rose":2,"minecraft:acacia_planks":3,"minecraft:moss_carpet":1,"minecraft:kelp":5,"graveyard:dark_oak_coffin":1,"minecraft:oak_sign":4,"minecraft:filled_map":1,"minecraft:spruce_planks":7,"minecraft:iron_chestplate":1,"minecraft:golden_leggings":1,"minecraft:bamboo":1,"minecraft:stone_pickaxe":1,"minecraft:wooden_pickaxe":1,"minecraft:nautilus_shell":1},"minecraft:killed":{"endofherobrine:silverfish":1,"minecraft:skeleton":1,"minecraft:chicken":3,"born_in_chaos_v1:firelight_not_despawn":2,"alexsmobs:kangaroo":3,"minecraft:pig":1,"bwrtherain:spider_skull":2,"minecraft:sheep":2,"born_in_chaos_v1:corpse_fly":6,"apollyon:the_damned":1,"minecraft:cow":4,"undead_revamp2:thehunter":2,"arphex:hornet_harbinger":1,"alexsmobs:bison":1,"born_in_chaos_v1:corpse_fish":1,"undead_revamp2:sucker":6,"born_in_chaos_v1:spiritof_chaos":2,"undead_revamp2:the_moonflower":1,"born_in_chaos_v1:decrepit_skeleton":1,"alexsmobs:catfish":1,"iceandfire:ghost":2,"alexsmobs:gazelle":2,"endofherobrine:sheep":2},"minecraft:broken":{"minecraft:stone_pickaxe":3,"minecraft:stone_axe":4,"minecraft:wooden_axe":1,"minecraft:stone_shovel":1,"minecraft:leather_boots":1},"minecraft:picked_up":{"minecraft:wooden_axe":1,"minecraft:wheat":2,"minecraft:oak_stairs":1,"minecraft:wither_rose":3,"minecraft:brewing_stand":1,"iceandfire:manuscript":2,"minecraft:string":12,"minecraft:soul_soil":3,"minecraft:pufferfish":3,"cfm:jungle_chair":1,"minecraft:oak_sign":4,"minecraft:gold_nugget":394,"alexsmobs:banana":5,"minecraft:spruce_planks":9,"minecraft:melon_slice":86,"iceandfire:dragonscales_red":21,"minecraft:furnace":1,"minecraft:stick":70,"born_in_chaos_v1:shattered_skull":2,"minecraft:torch":30,"minecraft:acacia_log":7,"minecraft:spruce_stairs":17,"minecraft:rotten_flesh":23,"biomesoplenty:mahogany_sapling":3,"minecraft:polished_basalt":6,"iceandfire:fire_dragon_heart":1,"alexsmobs:emu_egg":1,"minecraft:mangrove_roots":2,"antlers:jerkey":2,"minecraft:obsidian":10,"minecraft:cobblestone":209,"minecraft:nautilus_shell":2,"minecraft:magma_block":78,"minecraft:leather_chestplate":1,"minecraft:feather":2,"minecraft:jungle_log":312,"minecraft:golden_leggings":1,"alexsmobs:bison_fur":2,"minecraft:flint":1,"minecraft:dirt":43,"minecraft:bone":43,"minecraft:acacia_planks":3,"minecraft:wheat_seeds":17,"minecraft:deepslate_brick_slab":1,"minecraft:bamboo":37,"minecraft:moss_block":1,"minecraft:oak_planks":140,"biomesoplenty:mahogany_planks":2,"biomesoplenty:jacaranda_boat":4,"iceandfire:dragon_skull_fire":2,"minecraft:jungle_planks":263,"minecraft:sand":111,"minecraft:acacia_stairs":1,"minecraft:jungle_slab":5,"minecraft:dark_oak_log":13,"alexsmobs:animal_dictionary":1,"iceandfire:chared_cobblestone":4,"alexsmobs:kangaroo_hide":2,"born_in_chaos_v1:fire_dust":2,"biomesoplenty:willow_log":17,"minecraft:diamond":4,"minecraft:bone_meal":13,"minecraft:oak_sapling":42,"born_in_chaos_v1:rotten_fish":1,"iceandfire:raw_silver":2,"iceandfire:dragon_skull_lightning":1,"minecraft:cocoa_beans":15,"minecraft:crafting_table":10,"minecraft:chicken":3,"minecraft:ladder":7,"born_in_chaos_v1:seedof_chaos":1,"iceandfire:fire_lily":4,"minecraft:brown_mushroom":11,"minecraft:wooden_pickaxe":1,"biomesoplenty:jacaranda_sapling":2,"minecraft:chain":19,"gravestone:obituary":108,"minecraft:moss_carpet":2,"minecraft:red_bed":2,"minecraft:acacia_door":2,"biomesoplenty:willow_planks":6,"minecraft:beef":14,"graveyard:dark_oak_coffin":3,"minecraft:jungle_sapling":18,"minecraft:spruce_slab":2,"minecraft:lectern":1,"minecraft:sugar_cane":3,"minecraft:chest":13,"minecraft:dark_oak_sapling":4,"iceandfire:dragonbone":33,"minecraft:oak_door":3,"iceandfire:chared_grass":2,"minecraft:note_block":2,"minecraft:arrow":2,"minecraft:stone_shovel":1,"biomesoplenty:jacaranda_log":3,"minecraft:jungle_stairs":72,"minecraft:peony":1,"biomesoplenty:willow_sapling":10,"iceandfire:chared_dirt":9,"minecraft:hay_block":12,"minecraft:gold_ingot":10,"minecraft:mutton":3,"minecraft:skeleton_skull":1,"alexsmobs:kangaroo_meat":4,"minecraft:white_wool":2,"iceandfire:silver_axe":1,"born_in_chaos_v1:corpse_maggot":7,"minecraft:basalt":64,"minecraft:leather":13,"minecraft:red_mushroom":5,"minecraft:oak_log":131,"minecraft:apple":2,"minecraft:kelp":5,"minecraft:rabbit_hide":3,"minecraft:iron_ingot":38,"minecraft:stone_pickaxe":2,"minecraft:cobweb":7,"iceandfire:fire_dragon_flesh":1,"minecraft:acacia_sapling":1,"minecraft:book":1,"iceandfire:copper_nugget":2,"minecraft:smooth_basalt":189,"minecraft:pumpkin":1,"iceandfire:ash":2,"born_in_chaos_v1:ethereal_spirit":6,"minecraft:gravel":20,"minecraft:white_bed":1,"minecraft:spruce_log":116,"biomesoplenty:mahogany_log":21,"minecraft:stone_axe":5,"minecraft:coal":17},"minecraft:custom":{"minecraft:interact_with_crafting_table":59,"minecraft:open_barrel":1,"minecraft:bell_ring":1,"minecraft:leave_game":16,"minecraft:time_since_death":2138,"minecraft:damage_resisted":336,"minecraft:sprint_one_cm":845382,"minecraft:drop":316,"minecraft:play_noteblock":212,"minecraft:play_time":476003,"minecraft:deaths":94,"minecraft:jump":6647,"minecraft:walk_on_water_one_cm":48216,"minecraft:interact_with_furnace":51,"minecraft:sleep_in_bed":22,"minecraft:waystone_activated":2,"minecraft:damage_dealt":9899,"minecraft:player_kills":4,"minecraft:crouch_one_cm":118805,"minecraft:mob_kills":54,"minecraft:damage_dealt_resisted":582,"minecraft:climb_one_cm":61135,"minecraft:walk_one_cm":937825,"minecraft:sneak_time":42342,"minecraft:walk_under_water_one_cm":50861,"minecraft:boat_one_cm":62955,"minecraft:total_world_time":476003,"minecraft:tune_noteblock":476,"minecraft:raid_trigger":10,"minecraft:time_since_rest":2181,"minecraft:damage_taken":20028538,"minecraft:swim_one_cm":118592,"minecraft:fly_one_cm":1132518,"minecraft:open_chest":138,"minecraft:fall_one_cm":252163},"minecraft:mined":{"biomesoplenty:spanish_moss":23,"minecraft:spruce_planks":9,"minecraft:white_bed":1,"minecraft:farmland":1,"minecraft:jungle_slab":6,"minecraft:brewing_stand":1,"cctvcraft:aluminum_ore":2,"minecraft:grass_block":15,"minecraft:jungle_log":3,"biomesoplenty:flowering_oak_leaves":1,"minecraft:soul_soil":3,"minecraft:magma_block":92,"minecraft:fire":9,"minecraft:pumpkin":1,"minecraft:moss_carpet":1,"iceandfire:gold_pile":25,"minecraft:oak_sign":4,"minecraft:oak_stairs":1,"minecraft:spruce_slab":2,"iceandfire:chared_cobblestone":4,"biomesoplenty:jacaranda_leaves":20,"minecraft:red_bed":2,"minecraft:kelp_plant":1,"minecraft:torch":4,"minecraft:note_block":2,"minecraft:jungle_stairs":41,"minecraft:melon":11,"minecraft:chest":15,"minecraft:white_stained_glass_pane":1,"iceandfire:fire_lily":4,"minecraft:glass":1,"minecraft:cobblestone":37,"minecraft:sugar_cane":2,"minecraft:oak_planks":119,"minecraft:wall_torch":16,"biomesoplenty:spanish_moss_plant":6,"minecraft:wheat":2,"minecraft:lilac":2,"graveyard:dark_oak_coffin":1,"minecraft:yellow_stained_glass_pane":1,"minecraft:grass":40,"biomesoplenty:clover":1,"minecraft:oak_log":18,"minecraft:sand":113,"minecraft:dirt":14,"minecraft:smooth_basalt":175,"minecraft:oak_leaves":23,"iceandfire:silver_ore":1,"minecraft:mangrove_roots":2,"minecraft:glow_lichen":2,"gravestone:gravestone":93,"minecraft:ladder":4,"minecraft:jungle_planks":164,"iceandfire:chared_dirt":9,"minecraft:kelp":1,"minecraft:moss_block":1,"biomesoplenty:willow_planks":6,"iceandfire:chared_grass":1,"minecraft:large_fern":1,"minecraft:hay_block":13,"minecraft:deepslate_brick_slab":1,"biomesoplenty:jacaranda_log":3,"minecraft:furnace":1,"graveyard:tg_moss_block":1,"minecraft:polished_basalt":6,"minecraft:acacia_stairs":1,"treechop:chopped_log":21,"minecraft:peony":1,"minecraft:vine":2,"minecraft:bamboo":5,"minecraft:stone":60,"minecraft:basalt":68,"minecraft:crafting_table":10,"biomesoplenty:mahogany_planks":2,"minecraft:lectern":1,"minecraft:tall_grass":4,"biomesoplenty:willow_log":4,"endofherobrine:mossy_stone_bricks":1,"minecraft:spruce_stairs":10,"minecraft:spruce_log":12,"iceandfire:ash":2,"minecraft:coal_ore":17,"minecraft:cocoa":5,"minecraft:gravel":21,"minecraft:cobweb":13,"minecraft:acacia_planks":3,"minecraft:fern":14},"minecraft:killed_by":{"undead_revamp2:sucker":1,"undead_revamp2:the_moonflower":4,"iceandfire:cyclops":1,"minecraft:creeper":1,"minecraft:pillager":2,"endofherobrine:sheep":1,"iceandfire:stymphalian_bird":3,"iceandfire:sea_serpent":3,"bwrtherain:vapor":2,"bwrtherain:spider_skull":1,"man:managgresive":2,"born_in_chaos_v1:scarlet_persecutor":2,"born_in_chaos_v1:firelight_not_despawn":1,"iceandfire:fire_dragon":25,"minecraft:player":3,"born_in_chaos_v1:restless_spirit":2,"alexsmobs:bison":1,"minecraft:bee":1,"undead_revamp2:thehunter":2,"arphex:blood_worm":1,"apollyon:the_damned":2,"undead_revamp2:therod":1,"minecraft:skeleton":2,"antlers:wendigo":21,"smile:happy_chase":2}},"DataVersion":3465}