{"stats":{"minecraft:mined":{"minecraft:grass":1},"minecraft:custom":{"minecraft:jump":61,"minecraft:time_since_rest":4633,"minecraft:damage_dealt":10,"minecraft:crouch_one_cm":597,"minecraft:damage_taken":20,"minecraft:sprint_one_cm":12098,"minecraft:play_time":4633,"minecraft:walk_on_water_one_cm":211,"minecraft:time_since_death":4633,"minecraft:walk_one_cm":4509,"minecraft:sneak_time":125,"minecraft:total_world_time":4633,"minecraft:walk_under_water_one_cm":68,"minecraft:swim_one_cm":463,"minecraft:fall_one_cm":1587,"minecraft:fly_one_cm":18218}},"DataVersion":3465}