{"stats":{"minecraft:crafted":{"minecraft:oak_door":3,"minecraft:oak_planks":48,"comforts:sleeping_bag_white":1,"minecraft:furnace":4,"minecraft:bone_meal":369,"immersive_armors:wooden_chestplate":1,"regions_unexplored:mauve_planks":24,"minecraft:stone_pickaxe":1,"minecraft:chest":2,"packedup:basicbackpack":1,"immersive_armors:wooden_helmet":1,"minecraft:stone_hoe":1,"regions_unexplored:magnolia_planks":212,"regions_unexplored:mauve_trapdoor":2,"minecraft:cooked_rabbit":4,"minecraft:red_dye":21,"iceandfire:silver_ingot":3,"minecraft:crafting_table":2,"minecraft:wooden_pickaxe":1,"immersive_armors:wooden_leggings":1,"minecraft:red_wool":16,"minecraft:stone_axe":1,"minecraft:bread":6,"minecraft:air":0,"immersive_armors:wooden_boots":1,"minecraft:stick":12,"minecraft:stone_sword":2,"minecraft:shears":1},"minecraft:picked_up":{"minecraft:crafting_table":3,"minecraft:wheat":29,"minecraft:chicken":2,"minecraft:ladder":6,"regions_unexplored:magnolia_log":53,"minecraft:stone_slab":1,"minecraft:cooked_rabbit":1,"minecraft:raw_copper":32,"minecraft:string":4,"minecraft:red_bed":1,"minecraft:stone_stairs":1,"minecraft:smooth_stone_slab":3,"minecraft:shroomlight":4,"minecraft:cracked_stone_bricks":5,"minecraft:gold_nugget":2,"touhou_little_maid:smart_slab_init":2,"comforts:sleeping_bag_white":1,"minecraft:beef":27,"crittersandcompanions:koi_fish":1,"minecraft:poppy":3,"minecraft:melon_slice":7,"minecraft:sugar_cane":2,"minecraft:chest":2,"minecraft:furnace":1,"vegandelight:soybean":6,"minecraft:raw_iron":2,"minecraft:stick":30,"regions_unexplored:mauve_trapdoor":1,"minecraft:bowl":2,"minecraft:porkchop":13,"regions_unexplored:daisy":5,"minecraft:arrow":5,"regions_unexplored:mauve_sapling":8,"regions_unexplored:mauve_log":6,"touhou_little_maid:smart_slab_has_maid":3,"minecraft:mutton":12,"regions_unexplored:magnolia_sapling":5,"minecraft:white_wool":24,"alexsmobs:flying_fish":1,"minecraft:bone_block":26,"minecraft:cobblestone":68,"born_in_chaos_v1:fused_bone":2,"minecraft:mossy_cobblestone_slab":1,"minecraft:feather":2,"minecraft:leather":8,"minecraft:red_mushroom":2,"minecraft:filled_map":1,"doggytalents:rice_grains":7,"touhou_little_maid:power_point":1,"minecraft:oak_log":35,"minecraft:dirt":7,"regions_unexplored:waratah":18,"minecraft:cooked_mutton":7,"minecraft:bone":4,"minecraft:apple":3,"minecraft:stone_bricks":6,"minecraft:wheat_seeds":10,"minecraft:rabbit_hide":3,"minecraft:rabbit":6,"minecraft:oak_planks":19,"regions_unexplored:white_magnolia_sapling":5,"minecraft:pumpkin":10,"minecraft:chiseled_stone_bricks":1,"regions_unexplored:blue_bioshroom_block":9,"alexsmobs:animal_dictionary":1,"regions_unexplored:hyssop":10,"minecraft:sugar":2,"minecraft:slime_ball":7,"born_in_chaos_v1:fire_dust":3,"regions_unexplored:fireweed":5,"minecraft:crossbow":1,"minecraft:emerald":3,"minecraft:bread":14,"minecraft:oak_sapling":17,"minecraft:dark_oak_fence":2,"iceandfire:raw_silver":4},"minecraft:killed":{"alexsmobs:hummingbird":1,"minecraft:witch":2,"minecraft:slime":4,"born_in_chaos_v1:siamese_skeletonsright":1,"minecraft:horse":4,"minecraft:skeleton":5,"player_companions:rooster":1,"minecraft:chicken":1,"alexsmobs:bison":1,"born_in_chaos_v1:firelight_not_despawn":3,"alexsmobs:flying_fish":1,"touhou_little_maid:fairy":1,"minecraft:pig":6,"minecraft:rabbit":6,"minecraft:bat":3,"minecraft:sheep":8,"minecraft:pillager":3,"minecraft:zombie":1,"crittersandcompanions:koi_fish":2,"minecraft:cow":8},"minecraft:used":{"minecraft:stone_sword":95,"minecraft:ladder":6,"minecraft:chest":3,"minecraft:iron_sword":95,"doggytalents:rice_grains":7,"minecraft:stone_hoe":62,"minecraft:oak_door":3,"touhou_little_maid:smart_slab_init":2,"minecraft:dirt":7,"regions_unexplored:magnolia_sapling":5,"minecraft:stone_stairs":1,"touhou_little_maid:power_point":6,"minecraft:lantern":8,"minecraft:mossy_cobblestone_slab":1,"minecraft:stone_bricks":6,"minecraft:furnace":5,"minecraft:oak_sapling":18,"comforts:sleeping_bag_white":1,"minecraft:wheat_seeds":10,"minecraft:cooked_mutton":6,"vegandelight:soybean":6,"minecraft:stone_pickaxe":128,"minecraft:oak_planks":45,"minecraft:wooden_pickaxe":7,"minecraft:cracked_stone_bricks":5,"minecraft:crafting_table":5,"minecraft:red_bed":1,"regions_unexplored:magnolia_planks":110,"regions_unexplored:white_magnolia_sapling":5,"minecraft:bread":18,"touhou_little_maid:smart_slab_has_maid":8,"minecraft:stone_axe":110,"minecraft:chiseled_stone_bricks":1,"minecraft:cooked_rabbit":5,"regions_unexplored:mauve_trapdoor":3,"minecraft:experience_bottle":1},"minecraft:mined":{"iceandfire:silver_ore":4,"regions_unexplored:magnolia_log":1,"minecraft:ladder":3,"minecraft:granite":3,"minecraft:dark_oak_fence":2,"minecraft:grass_block":3,"regions_unexplored:mauve_trapdoor":1,"regions_unexplored:blue_bioshroom_block":9,"minecraft:chiseled_stone_bricks":1,"minecraft:mossy_cobblestone_slab":1,"minecraft:furnace":1,"minecraft:iron_ore":2,"regions_unexplored:waratah":18,"minecraft:pumpkin":10,"treechop:chopped_log":8,"vegandelight:wild_soybean":7,"minecraft:shroomlight":4,"minecraft:vine":1,"regions_unexplored:medium_grass":19,"minecraft:stone":71,"minecraft:bone_block":26,"minecraft:red_bed":1,"minecraft:crafting_table":3,"minecraft:poppy":3,"minecraft:melon":1,"minecraft:chest":2,"minecraft:mushroom_stem":2,"minecraft:stone_slab":1,"minecraft:copper_ore":9,"minecraft:tall_grass":1,"minecraft:cobblestone":2,"regions_unexplored:daisy":5,"minecraft:sugar_cane":1,"minecraft:oak_planks":19,"minecraft:stone_stairs":1,"regions_unexplored:hyssop":11,"minecraft:smooth_stone_slab":3,"minecraft:grass":99,"minecraft:dirt":5,"minecraft:cobweb":2,"minecraft:cracked_stone_bricks":3,"minecraft:stone_bricks":2,"regions_unexplored:fireweed":5,"minecraft:fern":1},"minecraft:dropped":{"minecraft:wheat_seeds":1,"minecraft:gold_nugget":2,"minecraft:string":4,"minecraft:white_wool":5,"born_in_chaos_v1:fire_dust":1,"minecraft:stone_sword":1,"alexsmobs:animal_dictionary":1,"minecraft:wheat":17,"touhou_little_maid:smart_slab_init":2,"touhou_little_maid:smart_slab_has_maid":3,"minecraft:wooden_pickaxe":1},"minecraft:custom":{"minecraft:mob_kills":74,"minecraft:interact_with_crafting_table":18,"minecraft:interact_with_campfire":8,"minecraft:time_since_death":43603,"minecraft:climb_one_cm":29813,"minecraft:sprint_one_cm":298804,"minecraft:walk_one_cm":272603,"minecraft:drop":15,"minecraft:play_time":99867,"minecraft:deaths":1,"minecraft:sneak_time":1801,"minecraft:walk_under_water_one_cm":6697,"minecraft:jump":1684,"minecraft:walk_on_water_one_cm":5970,"minecraft:total_world_time":99867,"minecraft:interact_with_furnace":3,"minecraft:sleep_in_bed":4,"minecraft:time_since_rest":14030,"minecraft:waystone_activated":1,"minecraft:damage_taken":1213,"minecraft:trigger_trapped_chest":1,"minecraft:damage_dealt":7845,"minecraft:swim_one_cm":23068,"minecraft:fly_one_cm":472654,"minecraft:open_chest":49,"minecraft:crouch_one_cm":4576,"minecraft:interact_with_smoker":4,"minecraft:fall_one_cm":45284}},"DataVersion":3465}