{"stats":{"minecraft:custom":{"minecraft:animals_bred":3,"minecraft:interact_with_crafting_table":69,"minecraft:open_barrel":1,"minecraft:bell_ring":1,"minecraft:leave_game":24,"minecraft:time_since_death":16533,"minecraft:damage_resisted":336,"minecraft:sprint_one_cm":1000608,"minecraft:drop":375,"minecraft:play_noteblock":212,"minecraft:play_time":561815,"minecraft:deaths":113,"minecraft:jump":7792,"minecraft:walk_on_water_one_cm":62548,"minecraft:interact_with_furnace":65,"minecraft:sleep_in_bed":26,"minecraft:waystone_activated":2,"minecraft:damage_dealt":19820,"minecraft:player_kills":4,"minecraft:crouch_one_cm":124372,"minecraft:mob_kills":108,"minecraft:damage_dealt_resisted":1019,"minecraft:climb_one_cm":61135,"minecraft:walk_one_cm":1159827,"minecraft:sneak_time":45280,"minecraft:walk_under_water_one_cm":61248,"minecraft:boat_one_cm":62955,"minecraft:total_world_time":561815,"minecraft:tune_noteblock":476,"minecraft:raid_trigger":10,"minecraft:time_since_rest":16558,"minecraft:damage_taken":30136156,"minecraft:swim_one_cm":135069,"minecraft:fly_one_cm":1311557,"minecraft:open_chest":145,"minecraft:fall_one_cm":296115},"minecraft:picked_up":{"minecraft:wooden_axe":1,"minecraft:wheat":9,"minecraft:oak_stairs":5,"minecraft:wither_rose":3,"minecraft:brewing_stand":1,"iceandfire:manuscript":2,"minecraft:string":12,"minecraft:soul_soil":3,"minecraft:pufferfish":3,"cfm:jungle_chair":1,"minecraft:oak_sign":4,"minecraft:gold_nugget":394,"alexsmobs:banana":5,"minecraft:spruce_planks":9,"minecraft:melon_slice":86,"iceandfire:dragonscales_red":21,"minecraft:furnace":3,"minecraft:stick":70,"born_in_chaos_v1:shattered_skull":2,"minecraft:torch":38,"minecraft:acacia_log":7,"minecraft:spruce_stairs":17,"minecraft:rotten_flesh":51,"biomesoplenty:mahogany_sapling":3,"minecraft:polished_basalt":6,"iceandfire:fire_dragon_heart":1,"alexsmobs:emu_egg":1,"minecraft:mangrove_roots":2,"antlers:jerkey":2,"minecraft:obsidian":10,"undead_revamp2:arapholia":2,"minecraft:cobblestone":270,"minecraft:nautilus_shell":2,"minecraft:magma_block":78,"minecraft:leather_chestplate":1,"minecraft:feather":2,"minecraft:jungle_log":312,"minecraft:golden_leggings":1,"alexsmobs:bison_fur":2,"minecraft:flint":3,"minecraft:dirt":62,"minecraft:bone":48,"minecraft:acacia_planks":3,"minecraft:wheat_seeds":59,"minecraft:deepslate_brick_slab":1,"minecraft:raw_gold":3,"minecraft:bamboo":37,"minecraft:moss_block":1,"minecraft:oak_planks":149,"biomesoplenty:mahogany_planks":2,"biomesoplenty:jacaranda_boat":4,"iceandfire:dragon_skull_fire":2,"minecraft:sand":111,"minecraft:jungle_planks":289,"minecraft:acacia_stairs":1,"minecraft:jungle_slab":5,"minecraft:dark_oak_log":13,"alexsmobs:animal_dictionary":1,"minecraft:mossy_cobblestone":2,"iceandfire:chared_cobblestone":4,"alexsmobs:kangaroo_hide":2,"born_in_chaos_v1:fire_dust":2,"biomesoplenty:willow_log":17,"minecraft:diamond":4,"minecraft:granite":2,"minecraft:bone_meal":13,"minecraft:oak_sapling":43,"born_in_chaos_v1:rotten_fish":1,"iceandfire:raw_silver":3,"iceandfire:dragon_skull_lightning":1,"minecraft:cocoa_beans":15,"minecraft:crafting_table":12,"minecolonies:blockhuttownhall":2,"minecraft:chicken":3,"minecraft:ladder":7,"born_in_chaos_v1:seedof_chaos":1,"iceandfire:fire_lily":4,"minecraft:brown_mushroom":11,"minecraft:wooden_pickaxe":1,"biomesoplenty:jacaranda_sapling":2,"minecraft:chain":20,"gravestone:obituary":136,"minecraft:moss_carpet":2,"minecraft:red_bed":2,"minecraft:acacia_door":2,"biomesoplenty:willow_planks":6,"minecraft:beef":14,"born_in_chaos_v1:gnawed_bones":1,"graveyard:dark_oak_coffin":3,"minecraft:jungle_sapling":18,"minecraft:spruce_slab":2,"minecraft:lectern":1,"minecraft:sugar_cane":3,"minecraft:chest":13,"minecraft:egg":1,"minecraft:dark_oak_sapling":4,"minecraft:raw_iron":25,"iceandfire:dragonbone":33,"minecraft:oak_door":3,"iceandfire:chared_grass":2,"minecraft:note_block":2,"born_in_chaos_v1:pieceofdarkmetal":1,"minecraft:stone_shovel":1,"minecraft:arrow":4,"biomesoplenty:jacaranda_log":3,"minecraft:jungle_stairs":72,"minecraft:peony":1,"biomesoplenty:willow_sapling":10,"iceandfire:chared_dirt":9,"minecraft:hay_block":12,"minecraft:gold_ingot":10,"minecraft:mutton":3,"minecraft:skeleton_skull":1,"alexsmobs:kangaroo_meat":4,"minecraft:white_wool":2,"born_in_chaos_v1:fused_bone":4,"iceandfire:silver_axe":1,"born_in_chaos_v1:corpse_maggot":15,"minecraft:basalt":64,"born_in_chaos_v1:monster_flesh":1,"minecraft:leather":13,"minecraft:red_mushroom":5,"minecraft:oak_log":165,"minecraft:yellow_bed":1,"minecraft:apple":2,"minecraft:kelp":5,"minecraft:rabbit_hide":3,"minecraft:iron_ingot":43,"minecraft:stone_pickaxe":2,"minecraft:cobweb":7,"iceandfire:fire_dragon_flesh":1,"minecraft:acacia_sapling":1,"minecraft:book":1,"iceandfire:copper_nugget":2,"minecraft:smooth_basalt":189,"minecraft:pumpkin":1,"iceandfire:ash":2,"born_in_chaos_v1:ethereal_spirit":7,"minecraft:gravel":30,"minecraft:white_bed":2,"minecraft:spruce_log":116,"biomesoplenty:mahogany_log":21,"minecraft:slime_ball":6,"minecraft:stone_axe":5,"minecraft:coal":23},"minecraft:broken":{"minecraft:stone_pickaxe":4,"minecraft:stone_axe":4,"minecraft:wooden_axe":1,"minecraft:stone_shovel":1,"minecraft:stone_sword":1,"minecraft:leather_boots":1,"minecraft:iron_helmet":1},"minecraft:dropped":{"iceandfire:raw_silver":1,"minecraft:oak_log":40,"iceandfire:silver_axe":1,"biomesoplenty:willow_sapling":1,"biomesoplenty:mahogany_planks":1,"minecraft:leather":13,"minecraft:jungle_planks":15,"biomesoplenty:willow_log":1,"minecraft:red_mushroom":5,"minecraft:dirt":12,"minecraft:jungle_sapling":1,"gravestone:obituary":251,"minecraft:gold_nugget":2,"minecraft:wooden_sword":1,"minecraft:acacia_door":2,"minecraft:bone":1,"minecraft:oak_door":2,"minecraft:stone_axe":5,"minecraft:mangrove_roots":1,"minecraft:wheat":1,"born_in_chaos_v1:ethereal_spirit":2,"minecraft:rotten_flesh":8,"minecraft:oak_planks":11,"minecraft:white_bed":1,"minecraft:acacia_stairs":1,"born_in_chaos_v1:corpse_maggot":7,"minecraft:spruce_slab":2,"alexsmobs:banana":1,"minecraft:iron_ingot":3,"biomesoplenty:jacaranda_sapling":1,"minecraft:wheat_seeds":6,"minecraft:mossy_cobblestone":1,"minecraft:cobblestone":10,"antlers:jerkey":2,"minecraft:spruce_stairs":8,"minecraft:stick":2,"minecraft:pufferfish":9,"minecraft:cobweb":1,"minecraft:wooden_axe":2,"minecraft:oak_stairs":1,"minecraft:wither_rose":2,"minecraft:acacia_planks":3,"minecraft:moss_carpet":1,"minecraft:kelp":5,"graveyard:dark_oak_coffin":1,"minecraft:oak_sign":4,"minecraft:filled_map":1,"minecraft:spruce_planks":7,"minecraft:iron_chestplate":1,"minecraft:golden_leggings":1,"minecraft:bamboo":1,"minecraft:stone_pickaxe":1,"minecraft:wooden_pickaxe":1,"minecraft:nautilus_shell":1},"minecraft:killed_by":{"undead_revamp2:sucker":1,"undead_revamp2:the_moonflower":4,"iceandfire:cyclops":10,"minecraft:creeper":1,"minecraft:pillager":2,"endofherobrine:sheep":1,"iceandfire:stymphalian_bird":3,"iceandfire:sea_serpent":3,"bwrtherain:vapor":3,"bwrtherain:spider_skull":1,"man:managgresive":3,"born_in_chaos_v1:scarlet_persecutor":2,"antlers:wendigomad":1,"born_in_chaos_v1:firelight_not_despawn":1,"iceandfire:fire_dragon":25,"minecraft:player":3,"born_in_chaos_v1:restless_spirit":2,"alexsmobs:bison":1,"minecraft:bee":1,"undead_revamp2:thehunter":2,"arphex:blood_worm":1,"apollyon:the_damned":2,"undead_revamp2:therod":1,"minecraft:skeleton":2,"antlers:wendigo":26,"smile:happy_chase":2},"minecraft:crafted":{"minecraft:oak_planks":468,"minecolonies:supplycampdeployer":1,"minecraft:glass":71,"minecraft:bow":1,"minecraft:iron_boots":1,"minecraft:polished_basalt":32,"minecraft:chest":9,"minecraft:jungle_stairs":220,"minecraft:soul_soil":2,"sophisticatedbackpacks:backpack":1,"biomesoplenty:jacaranda_planks":12,"minecraft:crafting_table":9,"minecraft:spruce_planks":16,"minecraft:wooden_pickaxe":3,"minecraft:iron_chestplate":1,"minecraft:wooden_hoe":1,"minecraft:stick":191,"minecraft:iron_ingot":17,"minecraft:iron_pickaxe":1,"minecraft:stone_sword":1,"minecraft:gold_ingot":51,"minecraft:wooden_sword":1,"minecraft:stone_shovel":1,"minecraft:fishing_rod":1,"biomesoplenty:mahogany_planks":4,"minecraft:furnace":3,"minecraft:bone_meal":18,"antlers:jerkey":21,"minecraft:iron_axe":1,"minecraft:ladder":54,"born_in_chaos_v1:fried_maggot":1,"minecraft:stone_pickaxe":3,"minecraft:wheat":108,"minecraft:cooked_beef":10,"biomesoplenty:jacaranda_boat":1,"alexsmobs:cooked_kangaroo_meat":1,"minecraft:iron_sword":1,"minecraft:bucket":1,"biomesoplenty:willow_planks":56,"minecraft:stone_axe":13,"minecraft:jungle_slab":6,"minecraft:bread":36,"minecraft:air":0,"minecraft:jungle_planks":988,"minecraft:white_wool":6,"minecraft:wooden_axe":2,"minecraft:iron_leggings":1,"minecraft:white_bed":2,"minecraft:torch":120},"minecraft:killed":{"endofherobrine:silverfish":1,"born_in_chaos_v1:mr_pumpkin":15,"born_in_chaos_v1:restless_spirit":1,"undead_revamp2:axestrom":3,"undead_revamp2:theswarmer":1,"minecraft:skeleton":3,"minecraft:chicken":3,"undead_revamp2:thepregnant":1,"born_in_chaos_v1:firelight_not_despawn":2,"alexsmobs:kangaroo":3,"undead_revamp2:thespitter":2,"minecraft:pig":1,"naturalist:firefly":1,"bwrtherain:spider_skull":4,"minecraft:sheep":2,"minecraft:zombie":10,"born_in_chaos_v1:dread_hound":2,"born_in_chaos_v1:corpse_fly":7,"apollyon:the_damned":1,"minecraft:cow":4,"undead_revamp2:thehunter":2,"born_in_chaos_v1:zombie_bruiser":1,"born_in_chaos_v1:maggot":4,"arphex:hornet_harbinger":1,"undead_revamp2:thebidy":2,"alexsmobs:bison":1,"minecraft:drowned":1,"born_in_chaos_v1:corpse_fish":1,"undead_revamp2:sucker":8,"born_in_chaos_v1:spiritof_chaos":2,"undead_revamp2:the_moonflower":2,"born_in_chaos_v1:decrepit_skeleton":1,"alexsmobs:catfish":1,"born_in_chaos_v1:bloody_gadfly":2,"iceandfire:ghost":2,"alexsmobs:gazelle":2,"endofherobrine:sheep":2},"minecraft:used":{"minecraft:peony":1,"minecraft:moss_block":1,"minecraft:moss_carpet":1,"minecraft:ladder":54,"minecraft:polished_basalt":38,"minecraft:chest":12,"minecraft:iron_sword":8,"minecraft:jungle_planks":531,"minecraft:jungle_slab":10,"minecraft:obsidian":1,"minecraft:glass":64,"minecraft:bow":5,"minecraft:mangrove_roots":1,"minecraft:furnace":6,"minecraft:egg":1,"biomesoplenty:willow_log":2,"minecraft:stone_pickaxe":526,"minecraft:oak_planks":328,"biomesoplenty:willow_planks":42,"minecraft:wooden_pickaxe":55,"minecraft:sand":7,"minecraft:note_block":2,"biomesoplenty:jacaranda_planks":3,"antlers:jerkey":9,"minecraft:melon_slice":38,"minecraft:bread":41,"biomesoplenty:jacaranda_boat":3,"minecraft:wooden_sword":8,"born_in_chaos_v1:rotten_fish":1,"iceandfire:dragon_skull_fire":2,"minecraft:bone_meal":18,"minecraft:cobweb":11,"biomesoplenty:mahogany_planks":4,"minecraft:stone_sword":127,"minecraft:stone_shovel":133,"graveyard:dark_oak_coffin":1,"minecraft:spruce_planks":18,"born_in_chaos_v1:fried_maggot":1,"minecraft:torch":137,"minecraft:dirt":32,"minecraft:spruce_stairs":2,"alexsmobs:cooked_kangaroo_meat":1,"minecraft:granite":2,"minecraft:wooden_axe":32,"minecraft:iron_axe":144,"minecraft:oak_stairs":1,"minecraft:jungle_log":1,"minecraft:smooth_basalt":148,"minecraft:basalt":8,"minecraft:golden_carrot":4,"minecraft:soul_soil":3,"alexsmobs:banana":4,"minecraft:cooked_beef":10,"minecraft:wheat_seeds":35,"minecraft:cooked_mutton":1,"minecraft:water_bucket":5,"iceandfire:chared_dirt":9,"minecraft:crafting_table":20,"minecraft:red_bed":2,"minecraft:white_bed":3,"minecolonies:supplychestdeployer":1,"minecraft:oak_log":9,"minecraft:wooden_hoe":31,"minecraft:apple":1,"minecraft:iron_pickaxe":45,"minecraft:map":1,"minecraft:jungle_stairs":228,"iceandfire:ash":2,"minecraft:stone_axe":844,"minecraft:fishing_rod":14,"minecraft:cobblestone":91,"minecraft:bucket":5,"minecraft:yellow_bed":1,"alexsmobs:animal_dictionary":2,"structurize:sceptergold":3,"alexsmobs:emu_egg":1},"minecraft:mined":{"biomesoplenty:spanish_moss":23,"minecraft:spruce_planks":9,"minecraft:white_bed":2,"minecraft:farmland":1,"minecraft:jungle_slab":6,"minecraft:brewing_stand":1,"cctvcraft:aluminum_ore":2,"minecraft:granite":2,"minecraft:grass_block":21,"minecraft:jungle_log":3,"biomesoplenty:flowering_oak_leaves":1,"minecraft:soul_soil":3,"minecraft:magma_block":92,"minecraft:iron_ore":25,"minecraft:fire":9,"minecraft:moss_carpet":1,"minecraft:pumpkin":1,"minecraft:oak_sign":4,"iceandfire:gold_pile":25,"minecraft:oak_stairs":5,"minecraft:spruce_slab":2,"iceandfire:chared_cobblestone":4,"biomesoplenty:jacaranda_leaves":20,"minecraft:red_bed":2,"minecraft:kelp_plant":1,"minecraft:torch":8,"minecraft:note_block":2,"minecraft:jungle_stairs":41,"minecraft:melon":11,"minecraft:chest":15,"minecraft:white_stained_glass_pane":1,"iceandfire:fire_lily":4,"minecraft:glass":1,"minecraft:cobblestone":54,"minecraft:oak_planks":127,"minecraft:sugar_cane":2,"minecraft:wall_torch":17,"biomesoplenty:spanish_moss_plant":6,"minecraft:wheat":9,"minecraft:lilac":2,"graveyard:dark_oak_coffin":1,"minecraft:yellow_stained_glass_pane":1,"minecraft:grass":111,"biomesoplenty:clover":1,"minecraft:oak_log":24,"minecraft:sand":113,"minecraft:dirt":29,"minecraft:smooth_basalt":175,"born_in_chaos_v1:infernal_evil_pumpkin_s":1,"minecraft:oak_leaves":23,"iceandfire:silver_ore":2,"minecolonies:blockhuttownhall":2,"minecraft:mangrove_roots":2,"minecraft:glow_lichen":2,"minecraft:ladder":4,"gravestone:gravestone":110,"biomesoplenty:bush":1,"minecraft:allium":1,"minecraft:jungle_planks":191,"iceandfire:chared_dirt":9,"minecraft:moss_block":1,"minecraft:kelp":1,"biomesoplenty:willow_planks":6,"iceandfire:chared_grass":1,"minecraft:large_fern":1,"minecraft:hay_block":13,"minecraft:deepslate_brick_slab":1,"biomesoplenty:jacaranda_log":3,"minecraft:furnace":3,"graveyard:tg_moss_block":1,"minecraft:polished_basalt":6,"minecraft:acacia_stairs":1,"treechop:chopped_log":21,"minecraft:peony":1,"minecraft:vine":2,"minecraft:bamboo":5,"minecraft:stone":100,"minecraft:glass_pane":1,"minecraft:basalt":68,"minecraft:crafting_table":12,"biomesoplenty:mahogany_planks":2,"minecraft:lectern":1,"minecraft:tall_grass":30,"minecraft:deepslate_coal_ore":1,"biomesoplenty:willow_log":4,"endofherobrine:mossy_stone_bricks":1,"minecraft:sculk":11,"minecraft:spruce_stairs":10,"minecraft:spruce_log":12,"iceandfire:ash":2,"minecraft:yellow_bed":1,"minecraft:coal_ore":21,"minecraft:cocoa":5,"minecraft:gravel":29,"minecraft:cobweb":13,"minecraft:acacia_planks":3,"minecraft:gold_ore":3,"minecraft:fern":14,"undead_revamp2:arapholia":2}},"DataVersion":3465}