{"stats":{"minecraft:crafted":{"minecraft:wooden_sword":1,"minecraft:oak_planks":4,"minecraft:crafting_table":2,"minecraft:spruce_planks":36,"minecraft:wooden_pickaxe":1,"minecraft:stone_axe":2,"minecraft:stick":4,"minecraft:stone_pickaxe":1,"minecraft:wooden_axe":2,"minecraft:spruce_boat":1},"minecraft:picked_up":{"minecraft:birch_log":64,"born_in_chaos_v1:corpse_maggot":4,"minecraft:crafting_table":8,"minecraft:salmon":4,"gnumus:gnumus_claw":6,"minecraft:potato":6,"gnumus:gnumus_pouch":1,"minecraft:oak_log":159,"minecraft:gunpowder":6,"minecraft:dirt":2,"minecraft:lantern":1,"minecraft:wooden_sword":1,"minecraft:bone":3,"minecraft:apple":9,"minecraft:wheat_seeds":13,"minecraft:spruce_planks":38,"minecraft:stone_pickaxe":2,"minecraft:sugar_cane":5,"minecraft:birch_sapling":31,"minecraft:stick":98,"minecraft:raw_iron":6,"minecraft:sweet_berries":4,"patchouli:guide_book":4,"born_in_chaos_v1:ethereal_spirit":3,"minecraft:spruce_sapling":70,"minecraft:carrot":4,"minecraft:spruce_log":346,"alexsmobs:animal_dictionary":2,"minecraft:pumpkin_seeds":18,"minecraft:rotten_flesh":7,"regions_unexplored:maple_sapling":8,"minecraft:stone_axe":2,"gnumus:gnumus_clay":15,"touhou_little_maid:smart_slab_has_maid":2,"regions_unexplored:maple_log":14,"minecraft:oak_sapling":74,"minecraft:cobblestone":63},"minecraft:broken":{"minecraft:stone_axe":1},"minecraft:killed":{"mca:male_zombie_villager":1,"hordes:zombie_player":4,"born_in_chaos_v1:restless_spirit":1,"born_in_chaos_v1:skeleton_demoman":1,"born_in_chaos_v1:door_knight_not_despawn":1,"minecraft:salmon":5,"born_in_chaos_v1:maggot":2,"minecraft:zombie":1,"gnumus:gnumus_hunter":1},"minecraft:used":{"minecraft:spruce_planks":19,"minecraft:wooden_pickaxe":27,"touhou_little_maid:smart_slab_init":1,"minecraft:salmon":4,"minecraft:dirt":2,"minecraft:crafting_table":6,"minecraft:carrot":6,"minecraft:spruce_boat":1,"minecraft:oak_log":3,"minecraft:wooden_axe":53,"minecraft:apple":9,"minecraft:lantern":1,"minecraft:stone_axe":145,"minecraft:wooden_sword":30,"minecraft:sweet_berries":4},"minecraft:mined":{"minecraft:spruce_planks":14,"minecraft:crafting_table":6,"minecraft:grass_block":1,"minecraft:tall_grass":1,"minecraft:spruce_leaves":3,"minecraft:sugar_cane":2,"minecraft:coarse_dirt":1,"minecraft:sweet_berry_bush":4,"treechop:chopped_log":25,"minecraft:grass":3,"minecraft:oak_log":3,"minecraft:dirt":1,"regions_unexplored:medium_grass":1,"minecraft:stone":26,"minecraft:oak_leaves":7,"minecraft:fern":3},"minecraft:dropped":{"minecraft:rotten_flesh":3,"minecraft:wooden_axe":1,"minecraft:wooden_pickaxe":1},"minecraft:custom":{"minecraft:mob_kills":17,"minecraft:interact_with_crafting_table":8,"minecraft:open_barrel":4,"minecraft:leave_game":4,"minecraft:time_since_death":9439,"minecraft:time_since_rest":9464,"minecraft:sprint_one_cm":88829,"minecraft:damage_taken":1320,"minecraft:walk_one_cm":70590,"minecraft:drop":3,"minecraft:damage_dealt":2575,"minecraft:swim_one_cm":13642,"minecraft:fly_one_cm":66327,"minecraft:open_chest":1,"minecraft:crouch_one_cm":489,"minecraft:play_time":44291,"minecraft:deaths":4,"minecraft:sneak_time":139,"minecraft:walk_under_water_one_cm":1787,"minecraft:boat_one_cm":76019,"minecraft:jump":404,"minecraft:walk_on_water_one_cm":4706,"minecraft:total_world_time":44291,"minecraft:fall_one_cm":11647}},"DataVersion":3465}