{"stats":{"minecraft:crafted":{"minecraft:crafting_table":1,"minecraft:spruce_planks":28,"minecraft:stick":4,"minecraft:wooden_pickaxe":1,"minecraft:stone_pickaxe":1,"minecraft:wooden_axe":1,"minecraft:stone_axe":1},"minecraft:picked_up":{"minecraft:birch_log":12,"minecraft:raw_iron":2,"minecraft:stick":11,"minecraft:crafting_table":2,"minecraft:sweet_berries":4,"gnumus:gnumus_claw":2,"born_in_chaos_v1:ethereal_spirit":1,"gnumus:gnumus_pouch":1,"minecraft:spruce_sapling":20,"minecraft:gunpowder":2,"minecraft:spruce_log":116,"minecraft:dirt":1,"minecraft:bone":1,"minecraft:rotten_flesh":1,"minecraft:apple":1,"gnumus:gnumus_clay":5,"minecraft:birch_sapling":5,"minecraft:cobblestone":26},"minecraft:killed":{"minecraft:zombie":1,"born_in_chaos_v1:restless_spirit":1,"born_in_chaos_v1:skeleton_demoman":1,"gnumus:gnumus_hunter":1},"minecraft:used":{"minecraft:wooden_axe":48,"minecraft:apple":1,"minecraft:spruce_planks":6,"minecraft:wooden_pickaxe":27,"minecraft:stone_axe":18,"touhou_little_maid:smart_slab_init":1,"minecraft:dirt":1,"minecraft:crafting_table":2,"minecraft:sweet_berries":4,"minecraft:carrot":6},"minecraft:mined":{"minecraft:sweet_berry_bush":4,"treechop:chopped_log":7,"minecraft:crafting_table":2,"minecraft:grass":1,"minecraft:grass_block":1,"minecraft:spruce_leaves":3,"minecraft:stone":26,"minecraft:fern":2},"minecraft:dropped":{"minecraft:wooden_axe":1,"minecraft:wooden_pickaxe":1},"minecraft:custom":{"minecraft:time_since_rest":16269,"minecraft:sprint_one_cm":30993,"minecraft:damage_taken":270,"minecraft:walk_one_cm":16491,"minecraft:mob_kills":4,"minecraft:drop":2,"minecraft:damage_dealt":941,"minecraft:open_barrel":2,"minecraft:swim_one_cm":370,"minecraft:interact_with_crafting_table":4,"minecraft:fly_one_cm":18395,"minecraft:open_chest":1,"minecraft:play_time":16269,"minecraft:walk_under_water_one_cm":87,"minecraft:jump":114,"minecraft:leave_game":1,"minecraft:time_since_death":16269,"minecraft:walk_on_water_one_cm":2340,"minecraft:total_world_time":16269,"minecraft:fall_one_cm":4194}},"DataVersion":3465}