{"stats":{"minecraft:killed_by":{"minecraft:player":1,"undead_revamp2:the_moonflower":1,"born_in_chaos_v1:nightmare_stalker":9,"minecraft:iron_golem":1,"born_in_chaos_v1:corpse_fly":1,"man:managgresive":1,"apollyon:the_damned":2,"undead_revamp2:therod":1,"antlers:wendigo":36,"antlers:wendigomad":1},"minecraft:mined":{"undead_revamp2:arapholia":1,"minecraft:spruce_planks":4,"graveyard:tg_coarse_dirt":1,"minecraft:candle":1,"minecraft:cobbled_deepslate_stairs":1,"graveyard:acacia_coffin":2,"minecraft:jungle_leaves":1,"minecraft:brewing_stand":1,"minecraft:granite":3,"biomesoplenty:burning_blossom":3,"cctvcraft:aluminum_ore":14,"biomesoplenty:bramble":8,"minecraft:acacia_log":28,"minecraft:grass_block":35,"biomesoplenty:rose_quartz_block":4,"minecraft:jungle_log":5,"minecraft:soul_soil":31,"minecraft:spruce_leaves":1,"biomesoplenty:dead_grass":2,"biomesoplenty:dune_grass":18,"biomesoplenty:bramble_leaves":1,"minecraft:large_fern":5,"minecraft:hay_block":19,"minecraft:tall_seagrass":2,"minecraft:magma_block":20,"minecraft:furnace":3,"minecraft:iron_ore":22,"biomesoplenty:lavender":1,"minecraft:acacia_stairs":3,"minecraft:andesite":20,"biomesoplenty:willow_vine":1,"biomesoplenty:sea_oats":66,"minecraft:dirt_path":3,"minecraft:rail":32,"minecraft:oak_stairs":3,"minecraft:deepslate_brick_stairs":3,"minecraft:stone":205,"minecraft:redstone_wall_torch":3,"minecraft:acacia_leaves":24,"minecraft:brown_mushroom":8,"minecraft:soul_sand":3,"minecraft:melon_stem":2,"minecraft:smoker":1,"minecraft:crimson_nylium":1,"minecraft:crafting_table":12,"minecraft:blast_furnace":1,"minecraft:melon":12,"minecraft:rose_bush":2,"minecraft:nether_quartz_ore":20,"minecraft:tall_grass":10,"minecraft:cobblestone":3,"biomesoplenty:sprout":1,"minecraft:sugar_cane":16,"minecraft:oak_planks":7,"minecraft:wall_torch":5,"mca:cross_headstone":1,"biomesoplenty:mahogany_log":1,"minecraft:wheat":3,"minecraft:spruce_log":21,"biomesoplenty:large_rose_quartz_bud":1,"minecraft:grass":194,"minecraft:oak_log":16,"minecraft:coal_ore":17,"minecraft:cocoa":2,"minecraft:dirt":90,"minecraft:cobweb":21,"minecraft:acacia_planks":7,"minecraft:netherrack":78,"the_knocker:deadcow":1,"minecraft:oak_leaves":13,"minecraft:fern":178},"minecraft:crafted":{"minecraft:wooden_sword":2,"minecraft:oak_planks":60,"minecraft:stone_shovel":1,"minecraft:fishing_rod":1,"biomesoplenty:mahogany_planks":4,"minecraft:furnace":3,"minecraft:bone_meal":3,"minecraft:cooked_mutton":4,"minecraft:bow":1,"minecraft:iron_axe":1,"minecraft:stone_pickaxe":5,"minecraft:wheat":153,"minecraft:cooked_beef":8,"minecraft:crafting_table":6,"minecraft:spruce_planks":60,"minecraft:wooden_pickaxe":3,"minecraft:leather_helmet":1,"minecraft:bucket":1,"minecraft:stone_axe":3,"minecraft:jungle_planks":20,"minecraft:air":0,"minecraft:bread":51,"minecraft:oak_boat":1,"minecraft:charcoal":17,"minecraft:stick":52,"minecraft:iron_ingot":21,"minecraft:leather_chestplate":1,"minecraft:stone_sword":3,"minecraft:acacia_planks":36,"minecraft:torch":40},"minecraft:used":{"biomesoplenty:mahogany_planks":4,"minecraft:moss_carpet":3,"minecraft:stone_sword":121,"minecraft:rose_bush":2,"minecraft:stone_shovel":34,"minecraft:poppy":1,"minecraft:spruce_planks":39,"minecraft:rotten_flesh":1,"graveyard:acacia_coffin":1,"minecraft:netherrack":73,"minecraft:torch":32,"minecraft:dirt":86,"minecraft:granite":3,"born_in_chaos_v1:corpse_maggot":1,"minecraft:lava_bucket":26,"minecraft:iron_axe":58,"minecraft:furnace":4,"minecraft:cooked_beef":5,"minecraft:acacia_planks":35,"minecraft:wheat_seeds":4,"minecraft:cooked_mutton":4,"minecraft:water_bucket":3,"minecraft:leather_leggings":1,"minecraft:stone_pickaxe":445,"minecraft:oak_planks":11,"minecraft:wooden_pickaxe":45,"minecraft:leather_chestplate":1,"minecraft:glow_berries":6,"minecraft:crafting_table":15,"minecraft:deepslate_brick_stairs":3,"minecraft:spruce_log":6,"minecraft:acacia_stairs":3,"minecraft:bread":22,"minecraft:melon_slice":18,"minecraft:stone_axe":130,"minecraft:fire_charge":1,"minecraft:wooden_sword":19,"minecraft:cobblestone":33,"minecraft:cooked_porkchop":3,"minecraft:andesite":10,"minecraft:bucket":30,"minecraft:oak_boat":4,"minecraft:cobweb":11,"minecraft:candle":3},"minecraft:picked_up":{"minecraft:charcoal":8,"minecraft:coarse_dirt":1,"biomesoplenty:burning_blossom":4,"minecraft:cocoa_beans":4,"minecraft:crafting_table":23,"graveyard:acacia_coffin":2,"minecraft:chicken":5,"minecraft:chest_minecart":33,"minecraft:oak_stairs":42,"minecraft:brown_mushroom":7,"minecraft:wooden_pickaxe":7,"minecraft:enchanted_book":42,"minecraft:brewing_stand":1,"minecraft:iron_axe":20,"minecraft:string":59,"minecraft:moss_carpet":3,"minecraft:soul_soil":31,"minecraft:wooden_sword":1,"minecraft:candle":3,"minecraft:detector_rail":12,"minecraft:spruce_planks":68,"minecraft:beef":8,"minecraft:oak_boat":4,"minecraft:rose_bush":2,"minecraft:redstone_torch":60,"minecraft:poppy":3,"minecraft:melon_slice":63,"minecraft:sugar_cane":32,"minecraft:furnace":14,"minecraft:egg":2,"minecraft:stick":65,"minecraft:raw_iron":44,"minecraft:torch":22,"minecraft:acacia_log":26,"born_in_chaos_v1:nightmare_claw":1,"born_in_chaos_v1:pieceofdarkmetal":8,"minecraft:stone_sword":13,"minecraft:arrow":2,"minecraft:rotten_flesh":72,"biomesoplenty:rose_quartz_chunk":2,"minecraft:hay_block":18,"born_in_chaos_v1:spiny_shell":3,"minecraft:gold_ingot":72,"minecraft:deepslate_brick_stairs":3,"minecraft:mutton":4,"minecraft:cobblestone":317,"undead_revamp2:arapholia":7,"minecraft:rail":1184,"minecraft:white_wool":3,"born_in_chaos_v1:corpse_maggot":1,"minecraft:magma_block":19,"minecraft:feather":9,"born_in_chaos_v1:monster_flesh":2,"minecraft:andesite":19,"minecraft:jungle_log":5,"minecraft:leather":7,"minecraft:smoker":2,"minecraft:oak_log":17,"minecraft:cobbled_deepslate_stairs":1,"mca:book_romance":7,"minecraft:dirt":123,"minecraft:paper":2,"man:cassette_1safetyinstructions":2,"minecraft:cooked_mutton":4,"minecraft:bone":9,"minecraft:acacia_planks":7,"undead_revamp2:blacpetalblock":1,"minecraft:wheat_seeds":176,"minecraft:stone_pickaxe":32,"minecraft:iron_ingot":482,"minecraft:cooked_chicken":3,"minecraft:acacia_sapling":8,"minecraft:oak_planks":94,"cctvcraft:raw_aluminum":18,"biomesoplenty:toadstool":1,"minecraft:cooked_porkchop":5,"born_in_chaos_v1:ethereal_spirit":3,"minecraft:quartz":20,"minecraft:blast_furnace":1,"minecraft:spruce_log":21,"minecraft:acacia_stairs":4,"biomesoplenty:mahogany_log":1,"minecraft:pumpkin_seeds":36,"biomesoplenty:bramble":8,"born_in_chaos_v1:fire_dust":3,"minecraft:stone_axe":8,"minecraft:granite":3,"minecraft:bone_meal":6,"minecraft:bread":683,"born_in_chaos_v1:rotten_fish":2,"minecraft:netherrack":73,"minecraft:melon_seeds":5,"minecraft:coal":52,"minecraft:crimson_roots":1,"minecraft:wheat":9},"minecraft:dropped":{"minecraft:bread":11,"minecraft:candle":3,"minecraft:cobbled_deepslate_stairs":1,"minecraft:cobblestone":13,"biomesoplenty:rose_quartz_chunk":2,"minecraft:dirt":15,"minecraft:crimson_roots":1,"biomesoplenty:toadstool":1,"biomesoplenty:bramble":8,"minecraft:cocoa_beans":2,"undead_revamp2:arapholia":1,"minecraft:rotten_flesh":3,"minecraft:andesite":9,"minecraft:acacia_sapling":8,"minecraft:leather_leggings":1,"minecraft:wooden_pickaxe":1},"minecraft:broken":{"minecraft:stone_pickaxe":2},"minecraft:killed":{"mca:female_zombie_villager":1,"minecraft:cave_spider":1,"born_in_chaos_v1:skeleton_demoman":1,"undead_revamp2:thesmoker":1,"born_in_chaos_v1:thornshell_crab":1,"born_in_chaos_v1:maggot":1,"minecraft:skeleton":1,"minecraft:horse":3,"minecraft:chicken":5,"antlers:wendigo":1,"born_in_chaos_v1:firelight_not_despawn":2,"minecraft:parrot":1,"undead_revamp2:the_moonflower":3,"born_in_chaos_v1:decrepit_skeleton":1,"arphex:centipede_evictor_larvae":1,"minecraft:sheep":3,"undead_revamp2:thesomnolence":1,"minecraft:zombie":1,"born_in_chaos_v1:corpse_fly":1,"mca:male_villager":1,"minecraft:cow":3},"minecraft:custom":{"minecraft:mob_kills":35,"minecraft:interact_with_crafting_table":39,"minecraft:open_barrel":2,"minecraft:bell_ring":110,"minecraft:damage_dealt_resisted":12,"minecraft:leave_game":3,"minecraft:time_since_death":2608,"minecraft:climb_one_cm":70,"minecraft:sprint_one_cm":375120,"minecraft:walk_one_cm":446236,"minecraft:drop":31,"minecraft:talked_to_villager":1,"minecraft:play_time":165324,"minecraft:deaths":55,"minecraft:sneak_time":6406,"minecraft:walk_under_water_one_cm":14268,"minecraft:boat_one_cm":85027,"minecraft:jump":2710,"minecraft:walk_on_water_one_cm":38973,"minecraft:total_world_time":165324,"minecraft:interact_with_furnace":22,"minecraft:interact_with_cartography_table":2,"minecraft:sleep_in_bed":3,"minecraft:time_since_rest":2632,"minecraft:damage_taken":10016836,"minecraft:damage_dealt":10038,"minecraft:swim_one_cm":25796,"minecraft:fly_one_cm":518847,"minecraft:player_kills":1,"minecraft:open_chest":7,"minecraft:crouch_one_cm":12239,"minecraft:fall_one_cm":70098,"minecraft:horse_one_cm":2303}},"DataVersion":3465}