{"stats":{"minecraft:picked_up":{"born_in_chaos_v1:corpse_maggot":4,"minecraft:cocoa_beans":3,"minecraft:crafting_table":5,"minecraft:magma_block":34,"minecraft:feather":2,"minecraft:basalt":26,"minecraft:chicken":3,"minecraft:ladder":6,"minecraft:jungle_log":190,"minecraft:leather":4,"minecraft:wither_rose":1,"gravestone:obituary":5,"minecraft:oak_log":53,"minecraft:dirt":5,"minecraft:apple":2,"minecraft:wheat_seeds":3,"alexsmobs:banana":3,"minecraft:beef":6,"minecraft:jungle_sapling":7,"minecraft:bamboo":20,"minecraft:melon_slice":47,"minecraft:oak_planks":47,"minecraft:stick":23,"minecraft:smooth_basalt":108,"born_in_chaos_v1:shattered_skull":1,"minecraft:oak_door":1,"minecraft:torch":6,"minecraft:jungle_planks":121,"minecraft:jungle_slab":3,"minecraft:rotten_flesh":8,"minecraft:jungle_stairs":8,"minecraft:hay_block":1,"minecraft:mangrove_roots":1,"minecraft:oak_sapling":17,"minecraft:coal":2,"minecraft:cobblestone":48},"minecraft:used":{"minecraft:stone_pickaxe":221,"minecraft:oak_planks":117,"minecraft:ladder":43,"minecraft:chest":6,"minecraft:wooden_pickaxe":42,"minecraft:torch":9,"minecraft:crafting_table":7,"minecraft:jungle_planks":275,"minecraft:jungle_slab":7,"minecraft:wooden_axe":23,"minecraft:apple":1,"minecraft:bread":2,"minecraft:melon_slice":17,"minecraft:jungle_log":1,"minecraft:jungle_stairs":87,"minecraft:smooth_basalt":70,"minecraft:stone_axe":308,"minecraft:basalt":7,"minecraft:cobblestone":12,"alexsmobs:animal_dictionary":1,"alexsmobs:banana":2},"minecraft:crafted":{"minecraft:oak_planks":152,"minecraft:crafting_table":2,"minecraft:wooden_pickaxe":2,"minecraft:stone_axe":3,"minecraft:jungle_slab":6,"minecraft:bread":3,"minecraft:jungle_planks":500,"minecraft:ladder":54,"minecraft:stick":138,"minecraft:stone_pickaxe":2,"minecraft:wooden_axe":1,"minecraft:chest":6,"minecraft:jungle_stairs":112,"minecraft:torch":8,"minecraft:wheat":9},"minecraft:custom":{"minecraft:mob_kills":17,"minecraft:interact_with_crafting_table":22,"minecraft:damage_dealt_resisted":26,"minecraft:leave_game":1,"minecraft:time_since_death":24336,"minecraft:climb_one_cm":18043,"minecraft:time_since_rest":24437,"minecraft:sprint_one_cm":108348,"minecraft:damage_taken":2798,"minecraft:walk_one_cm":223728,"minecraft:drop":31,"minecraft:damage_dealt":2508,"minecraft:swim_one_cm":2597,"minecraft:fly_one_cm":103028,"minecraft:player_kills":1,"minecraft:open_chest":29,"minecraft:crouch_one_cm":55526,"minecraft:play_time":93514,"minecraft:deaths":7,"minecraft:sneak_time":17498,"minecraft:walk_under_water_one_cm":230,"minecraft:jump":950,"minecraft:walk_on_water_one_cm":566,"minecraft:total_world_time":93514,"minecraft:fall_one_cm":24674},"minecraft:mined":{"minecraft:jungle_slab":4,"minecraft:basalt":28,"minecraft:mangrove_roots":1,"minecraft:crafting_table":5,"minecraft:torch":2,"gravestone:gravestone":9,"minecraft:ladder":4,"minecraft:jungle_stairs":8,"minecraft:melon":7,"minecraft:jungle_planks":128,"minecraft:jungle_log":3,"minecraft:cobblestone":23,"minecraft:oak_planks":51,"minecraft:wall_torch":1,"minecraft:hay_block":1,"minecraft:magma_block":48,"treechop:chopped_log":6,"minecraft:grass":13,"minecraft:oak_log":8,"minecraft:coal_ore":2,"minecraft:cocoa":1,"minecraft:vine":2,"minecraft:dirt":1,"minecraft:smooth_basalt":117,"minecraft:bamboo":3,"minecraft:stone":27,"minecraft:oak_leaves":6,"minecraft:fern":4},"minecraft:broken":{"minecraft:stone_pickaxe":1,"minecraft:stone_axe":2},"minecraft:dropped":{"minecraft:mangrove_roots":1,"minecraft:jungle_planks":15,"born_in_chaos_v1:corpse_maggot":4,"gravestone:obituary":12,"alexsmobs:banana":1},"minecraft:killed_by":{"undead_revamp2:thehunter":1,"apollyon:the_damned":1,"minecraft:skeleton":1,"antlers:wendigo":1,"smile:happy_chase":2},"minecraft:killed":{"minecraft:pig":1,"arphex:hornet_harbinger":1,"minecraft:chicken":3,"born_in_chaos_v1:corpse_fly":3,"undead_revamp2:sucker":4,"apollyon:the_damned":1,"minecraft:cow":3}},"DataVersion":3465}