{"stats":{"minecraft:crafted":{"minecraft:wooden_sword":1,"minecraft:oak_planks":412,"minecraft:stone_shovel":1,"minecraft:fishing_rod":1,"biomesoplenty:mahogany_planks":4,"minecraft:furnace":3,"minecraft:glass":71,"antlers:jerkey":11,"minecraft:ladder":54,"born_in_chaos_v1:fried_maggot":1,"minecraft:stone_pickaxe":2,"minecraft:polished_basalt":32,"minecraft:chest":9,"minecraft:jungle_stairs":220,"minecraft:wheat":9,"minecraft:soul_soil":2,"minecraft:cooked_beef":10,"sophisticatedbackpacks:backpack":1,"minecraft:crafting_table":5,"minecraft:wooden_pickaxe":2,"alexsmobs:cooked_kangaroo_meat":1,"biomesoplenty:willow_planks":48,"minecraft:stone_axe":12,"minecraft:air":0,"minecraft:jungle_slab":6,"minecraft:bread":3,"minecraft:jungle_planks":756,"minecraft:white_wool":6,"minecraft:stick":147,"minecraft:wooden_axe":1,"minecraft:gold_ingot":51,"minecraft:white_bed":2,"minecraft:torch":36},"minecraft:used":{"alexsmobs:emu_egg":1,"minecraft:peony":1,"biomesoplenty:mahogany_planks":4,"minecraft:moss_carpet":1,"graveyard:dark_oak_coffin":1,"minecraft:ladder":53,"minecraft:stone_shovel":133,"minecraft:polished_basalt":38,"minecraft:chest":10,"born_in_chaos_v1:fried_maggot":1,"minecraft:torch":43,"minecraft:dirt":17,"minecraft:jungle_planks":373,"alexsmobs:cooked_kangaroo_meat":1,"minecraft:jungle_slab":10,"minecraft:glass":64,"minecraft:wooden_axe":25,"minecraft:jungle_log":1,"minecraft:smooth_basalt":148,"minecraft:basalt":8,"minecraft:mangrove_roots":1,"minecraft:soul_soil":3,"minecraft:furnace":3,"alexsmobs:banana":4,"minecraft:cooked_beef":10,"minecraft:cooked_mutton":1,"biomesoplenty:willow_log":1,"minecraft:stone_pickaxe":429,"minecraft:oak_planks":225,"biomesoplenty:willow_planks":28,"minecraft:wooden_pickaxe":42,"iceandfire:chared_dirt":9,"minecraft:crafting_table":11,"minecraft:white_bed":3,"minecraft:note_block":2,"minecraft:oak_log":7,"antlers:jerkey":6,"minecraft:apple":1,"minecraft:melon_slice":38,"minecraft:bread":2,"minecraft:jungle_stairs":228,"iceandfire:ash":2,"minecraft:stone_axe":684,"minecraft:wooden_sword":8,"born_in_chaos_v1:rotten_fish":1,"minecraft:fishing_rod":14,"iceandfire:dragon_skull_fire":2,"minecraft:cobblestone":13,"alexsmobs:animal_dictionary":2,"minecraft:cobweb":8},"minecraft:dropped":{"minecraft:wheat_seeds":3,"minecraft:oak_log":33,"iceandfire:silver_axe":1,"biomesoplenty:willow_sapling":1,"minecraft:leather":13,"minecraft:jungle_planks":15,"antlers:jerkey":2,"minecraft:pufferfish":8,"minecraft:dirt":11,"minecraft:jungle_sapling":1,"gravestone:obituary":144,"minecraft:wooden_sword":1,"minecraft:oak_door":2,"minecraft:stone_axe":3,"minecraft:moss_carpet":1,"minecraft:mangrove_roots":1,"minecraft:rotten_flesh":5,"minecraft:iron_chestplate":1,"born_in_chaos_v1:corpse_maggot":4,"minecraft:golden_leggings":1,"minecraft:bamboo":1,"minecraft:stone_pickaxe":1,"alexsmobs:banana":1},"minecraft:killed":{"endofherobrine:silverfish":1,"undead_revamp2:thehunter":2,"arphex:hornet_harbinger":1,"minecraft:chicken":3,"alexsmobs:bison":1,"born_in_chaos_v1:corpse_fish":1,"undead_revamp2:sucker":6,"alexsmobs:kangaroo":3,"born_in_chaos_v1:spiritof_chaos":1,"minecraft:pig":1,"undead_revamp2:the_moonflower":1,"bwrtherain:spider_skull":2,"born_in_chaos_v1:decrepit_skeleton":1,"minecraft:sheep":2,"alexsmobs:catfish":1,"iceandfire:ghost":2,"born_in_chaos_v1:corpse_fly":6,"alexsmobs:gazelle":2,"endofherobrine:sheep":2,"apollyon:the_damned":1,"minecraft:cow":4},"minecraft:broken":{"minecraft:stone_pickaxe":3,"minecraft:stone_axe":4,"minecraft:wooden_axe":1,"minecraft:stone_shovel":1},"minecraft:picked_up":{"minecraft:cocoa_beans":15,"minecraft:crafting_table":7,"minecraft:chicken":3,"minecraft:ladder":6,"born_in_chaos_v1:seedof_chaos":1,"iceandfire:fire_lily":4,"minecraft:wither_rose":1,"minecraft:chain":19,"gravestone:obituary":77,"iceandfire:manuscript":2,"minecraft:string":8,"minecraft:moss_carpet":2,"minecraft:soul_soil":3,"minecraft:pufferfish":3,"cfm:jungle_chair":1,"minecraft:oak_sign":4,"minecraft:gold_nugget":394,"alexsmobs:banana":5,"minecraft:beef":14,"graveyard:dark_oak_coffin":3,"minecraft:jungle_sapling":18,"minecraft:lectern":1,"minecraft:melon_slice":86,"minecraft:chest":13,"iceandfire:dragonscales_red":21,"minecraft:furnace":1,"minecraft:dark_oak_sapling":4,"minecraft:stick":59,"iceandfire:dragonbone":9,"born_in_chaos_v1:shattered_skull":2,"minecraft:oak_door":3,"iceandfire:chared_grass":2,"minecraft:torch":25,"minecraft:acacia_log":7,"minecraft:note_block":2,"minecraft:stone_shovel":1,"minecraft:rotten_flesh":20,"minecraft:peony":1,"minecraft:jungle_stairs":72,"biomesoplenty:willow_sapling":10,"biomesoplenty:mahogany_sapling":3,"iceandfire:chared_dirt":9,"minecraft:polished_basalt":6,"minecraft:hay_block":1,"iceandfire:fire_dragon_heart":1,"alexsmobs:emu_egg":1,"minecraft:mangrove_roots":2,"minecraft:gold_ingot":10,"antlers:jerkey":2,"minecraft:obsidian":10,"minecraft:mutton":3,"minecraft:skeleton_skull":1,"alexsmobs:kangaroo_meat":4,"minecraft:white_wool":2,"minecraft:cobblestone":173,"iceandfire:silver_axe":1,"born_in_chaos_v1:corpse_maggot":7,"minecraft:magma_block":78,"minecraft:leather_chestplate":1,"minecraft:feather":2,"minecraft:basalt":64,"minecraft:jungle_log":312,"minecraft:leather":13,"minecraft:golden_leggings":1,"alexsmobs:bison_fur":2,"minecraft:flint":1,"minecraft:oak_log":119,"minecraft:dirt":36,"minecraft:bone":39,"minecraft:apple":2,"minecraft:wheat_seeds":14,"minecraft:rabbit_hide":3,"minecraft:iron_ingot":38,"minecraft:stone_pickaxe":2,"minecraft:cobweb":6,"minecraft:bamboo":37,"iceandfire:fire_dragon_flesh":1,"minecraft:oak_planks":118,"minecraft:acacia_sapling":1,"biomesoplenty:mahogany_planks":2,"minecraft:book":1,"iceandfire:copper_nugget":2,"minecraft:smooth_basalt":189,"minecraft:pumpkin":1,"iceandfire:ash":2,"born_in_chaos_v1:ethereal_spirit":3,"minecraft:gravel":20,"iceandfire:dragon_skull_fire":2,"minecraft:sand":110,"minecraft:jungle_planks":263,"minecraft:dark_oak_log":13,"minecraft:white_bed":1,"minecraft:jungle_slab":5,"alexsmobs:animal_dictionary":1,"iceandfire:chared_cobblestone":4,"biomesoplenty:mahogany_log":21,"alexsmobs:kangaroo_hide":2,"biomesoplenty:willow_log":16,"minecraft:diamond":4,"minecraft:stone_axe":3,"minecraft:oak_sapling":37,"born_in_chaos_v1:rotten_fish":1,"minecraft:coal":2},"minecraft:custom":{"minecraft:mob_kills":45,"minecraft:interact_with_crafting_table":46,"minecraft:open_barrel":1,"minecraft:damage_dealt_resisted":364,"minecraft:leave_game":5,"minecraft:time_since_death":19919,"minecraft:climb_one_cm":56730,"minecraft:sprint_one_cm":560257,"minecraft:walk_one_cm":725599,"minecraft:drop":207,"minecraft:play_noteblock":212,"minecraft:play_time":349559,"minecraft:sneak_time":38348,"minecraft:deaths":63,"minecraft:walk_under_water_one_cm":26321,"minecraft:jump":4893,"minecraft:walk_on_water_one_cm":32127,"minecraft:total_world_time":349559,"minecraft:interact_with_furnace":51,"minecraft:tune_noteblock":476,"minecraft:sleep_in_bed":15,"minecraft:time_since_rest":10263,"minecraft:damage_taken":10019379,"minecraft:damage_dealt":8497,"minecraft:swim_one_cm":92280,"minecraft:player_kills":4,"minecraft:fly_one_cm":778323,"minecraft:open_chest":116,"minecraft:crouch_one_cm":112276,"minecraft:fall_one_cm":179058},"minecraft:mined":{"biomesoplenty:spanish_moss":23,"minecraft:white_bed":1,"minecraft:jungle_slab":6,"minecraft:mangrove_roots":2,"minecraft:glow_lichen":2,"minecraft:ladder":4,"gravestone:gravestone":65,"minecraft:grass_block":9,"minecraft:jungle_planks":164,"minecraft:jungle_log":3,"minecraft:soul_soil":3,"iceandfire:chared_dirt":9,"iceandfire:chared_grass":1,"minecraft:large_fern":1,"minecraft:hay_block":1,"minecraft:magma_block":92,"minecraft:furnace":1,"minecraft:polished_basalt":6,"minecraft:fire":9,"minecraft:moss_carpet":1,"minecraft:pumpkin":1,"treechop:chopped_log":16,"minecraft:peony":1,"minecraft:vine":2,"minecraft:oak_sign":4,"iceandfire:gold_pile":25,"minecraft:bamboo":5,"minecraft:stone":45,"iceandfire:chared_cobblestone":4,"minecraft:basalt":68,"minecraft:crafting_table":7,"minecraft:torch":4,"minecraft:note_block":2,"minecraft:jungle_stairs":41,"biomesoplenty:mahogany_planks":2,"minecraft:melon":11,"minecraft:chest":15,"minecraft:lectern":1,"iceandfire:fire_lily":4,"minecraft:tall_grass":4,"minecraft:glass":1,"minecraft:cobblestone":26,"biomesoplenty:willow_log":3,"endofherobrine:mossy_stone_bricks":1,"minecraft:oak_planks":97,"minecraft:wall_torch":12,"biomesoplenty:spanish_moss_plant":6,"iceandfire:ash":2,"graveyard:dark_oak_coffin":1,"minecraft:grass":35,"minecraft:coal_ore":2,"minecraft:oak_log":16,"minecraft:cocoa":5,"minecraft:gravel":21,"minecraft:sand":112,"minecraft:dirt":13,"minecraft:cobweb":8,"minecraft:smooth_basalt":175,"minecraft:oak_leaves":11,"minecraft:fern":14},"minecraft:killed_by":{"undead_revamp2:sucker":1,"minecraft:player":2,"undead_revamp2:the_moonflower":4,"born_in_chaos_v1:restless_spirit":2,"alexsmobs:bison":1,"endofherobrine:sheep":1,"iceandfire:stymphalian_bird":3,"bwrtherain:vapor":1,"minecraft:bee":1,"undead_revamp2:thehunter":2,"man:managgresive":2,"apollyon:the_damned":2,"undead_revamp2:therod":1,"minecraft:skeleton":2,"antlers:wendigo":5,"iceandfire:fire_dragon":25,"smile:happy_chase":2}},"DataVersion":3465}