{"stats":{"minecraft:picked_up":{"minecraft:stick":2,"minecraft:crafting_table":1,"minecraft:jungle_log":1,"minecraft:hay_block":1,"minecraft:oak_log":15,"minecraft:oak_sapling":6,"minecraft:oak_planks":2},"minecraft:used":{"minecraft:crafting_table":1,"minecraft:oak_planks":14},"minecraft:crafted":{"minecraft:oak_planks":12},"minecraft:custom":{"minecraft:time_since_rest":2771,"minecraft:crouch_one_cm":1411,"minecraft:play_time":10822,"minecraft:sprint_one_cm":4994,"minecraft:walk_one_cm":27305,"minecraft:damage_taken":355,"minecraft:deaths":1,"minecraft:sneak_time":617,"minecraft:damage_dealt_resisted":15,"minecraft:jump":38,"minecraft:damage_dealt":23,"minecraft:time_since_death":2744,"minecraft:total_world_time":10822,"minecraft:climb_one_cm":3836,"minecraft:fall_one_cm":932,"minecraft:fly_one_cm":1469},"minecraft:mined":{"minecraft:ladder":3,"minecraft:hay_block":1,"minecraft:oak_log":5,"minecraft:jungle_log":1,"minecraft:oak_planks":2,"treechop:chopped_log":1,"minecraft:oak_leaves":3,"minecraft:crafting_table":1},"minecraft:killed_by":{"antlers:wendigo":1}},"DataVersion":3465}