{"stats":{"minecraft:killed_by":{"undead_revamp2:the_moonflower":1,"minecraft:iron_golem":1,"man:managgresive":1,"antlers:wendigo":2},"minecraft:custom":{"minecraft:mob_kills":23,"minecraft:interact_with_crafting_table":21,"minecraft:open_barrel":2,"minecraft:bell_ring":86,"minecraft:damage_dealt_resisted":2,"minecraft:time_since_death":59659,"minecraft:climb_one_cm":70,"minecraft:sprint_one_cm":196061,"minecraft:walk_one_cm":222920,"minecraft:drop":25,"minecraft:play_time":101424,"minecraft:deaths":5,"minecraft:sneak_time":2726,"minecraft:walk_under_water_one_cm":9216,"minecraft:boat_one_cm":85027,"minecraft:jump":1459,"minecraft:walk_on_water_one_cm":21388,"minecraft:total_world_time":101424,"minecraft:interact_with_furnace":14,"minecraft:interact_with_cartography_table":2,"minecraft:time_since_rest":59730,"minecraft:damage_taken":2988,"minecraft:damage_dealt":3418,"minecraft:swim_one_cm":18628,"minecraft:fly_one_cm":292218,"minecraft:player_kills":1,"minecraft:open_chest":5,"minecraft:crouch_one_cm":4620,"minecraft:fall_one_cm":37526,"minecraft:horse_one_cm":2303},"minecraft:dropped":{"minecraft:bread":11,"minecraft:candle":3,"minecraft:cobbled_deepslate_stairs":1,"minecraft:cobblestone":4,"minecraft:crimson_roots":1,"biomesoplenty:toadstool":1,"minecraft:cocoa_beans":2,"undead_revamp2:arapholia":1,"minecraft:rotten_flesh":3,"minecraft:andesite":9,"minecraft:acacia_sapling":8,"minecraft:wooden_pickaxe":1},"minecraft:picked_up":{"minecraft:charcoal":8,"minecraft:coarse_dirt":1,"graveyard:acacia_coffin":2,"minecraft:cocoa_beans":4,"minecraft:crafting_table":6,"minecraft:chicken":5,"minecraft:string":14,"minecraft:moss_carpet":3,"minecraft:wooden_sword":1,"minecraft:candle":3,"minecraft:spruce_planks":66,"minecraft:beef":8,"minecraft:oak_boat":4,"minecraft:rose_bush":2,"minecraft:melon_slice":63,"minecraft:sugar_cane":32,"minecraft:egg":2,"minecraft:furnace":2,"minecraft:stick":8,"minecraft:torch":6,"minecraft:acacia_log":26,"minecraft:rotten_flesh":8,"minecraft:hay_block":18,"born_in_chaos_v1:spiny_shell":3,"minecraft:deepslate_brick_stairs":3,"minecraft:mutton":4,"undead_revamp2:arapholia":1,"minecraft:cobblestone":175,"minecraft:white_wool":3,"minecraft:magma_block":19,"minecraft:feather":9,"minecraft:jungle_log":5,"minecraft:andesite":9,"minecraft:leather":7,"minecraft:oak_log":12,"minecraft:cobbled_deepslate_stairs":1,"mca:book_romance":7,"minecraft:dirt":118,"minecraft:paper":2,"man:cassette_1safetyinstructions":2,"minecraft:bone":4,"minecraft:acacia_planks":7,"minecraft:wheat_seeds":140,"minecraft:iron_ingot":1,"minecraft:cooked_chicken":3,"cctvcraft:raw_aluminum":18,"minecraft:acacia_sapling":8,"biomesoplenty:toadstool":1,"minecraft:cooked_porkchop":5,"minecraft:blast_furnace":1,"minecraft:spruce_log":19,"minecraft:acacia_stairs":4,"biomesoplenty:mahogany_log":1,"born_in_chaos_v1:fire_dust":3,"minecraft:bread":23,"born_in_chaos_v1:rotten_fish":2,"minecraft:melon_seeds":5,"minecraft:netherrack":1,"minecraft:coal":21,"minecraft:crimson_roots":1},"minecraft:crafted":{"minecraft:wooden_sword":2,"minecraft:oak_planks":48,"minecraft:stone_shovel":1,"minecraft:fishing_rod":1,"biomesoplenty:mahogany_planks":4,"minecraft:furnace":2,"minecraft:cooked_mutton":4,"minecraft:bow":1,"minecraft:stone_pickaxe":3,"minecraft:wheat":153,"minecraft:cooked_beef":8,"minecraft:crafting_table":5,"minecraft:spruce_planks":52,"minecraft:wooden_pickaxe":2,"minecraft:leather_helmet":1,"minecraft:bucket":1,"minecraft:stone_axe":2,"minecraft:bread":51,"minecraft:air":0,"minecraft:jungle_planks":20,"minecraft:oak_boat":1,"minecraft:charcoal":17,"minecraft:stick":36,"minecraft:leather_chestplate":1,"minecraft:stone_sword":2,"minecraft:acacia_planks":36,"minecraft:torch":40},"minecraft:mined":{"undead_revamp2:arapholia":1,"graveyard:tg_coarse_dirt":1,"minecraft:spruce_planks":4,"minecraft:candle":1,"minecraft:cobbled_deepslate_stairs":1,"graveyard:acacia_coffin":2,"minecraft:jungle_leaves":1,"cctvcraft:aluminum_ore":14,"minecraft:acacia_log":28,"minecraft:grass_block":32,"minecraft:jungle_log":5,"biomesoplenty:dune_grass":13,"minecraft:large_fern":5,"minecraft:hay_block":19,"minecraft:tall_seagrass":2,"minecraft:magma_block":20,"minecraft:furnace":2,"biomesoplenty:lavender":1,"minecraft:acacia_stairs":3,"minecraft:andesite":9,"biomesoplenty:sea_oats":59,"minecraft:dirt_path":3,"minecraft:deepslate_brick_stairs":3,"minecraft:stone":160,"minecraft:acacia_leaves":24,"minecraft:melon_stem":2,"minecraft:crimson_nylium":1,"minecraft:crafting_table":6,"minecraft:blast_furnace":1,"minecraft:melon":12,"minecraft:rose_bush":2,"minecraft:tall_grass":7,"minecraft:cobblestone":1,"minecraft:sugar_cane":16,"minecraft:wall_torch":5,"biomesoplenty:mahogany_log":1,"minecraft:spruce_log":19,"minecraft:grass":148,"minecraft:oak_log":11,"minecraft:coal_ore":16,"minecraft:cocoa":2,"minecraft:dirt":89,"minecraft:cobweb":12,"minecraft:acacia_planks":7,"minecraft:netherrack":2,"minecraft:oak_leaves":2,"minecraft:fern":178},"minecraft:broken":{"minecraft:stone_pickaxe":1},"minecraft:used":{"biomesoplenty:mahogany_planks":4,"minecraft:moss_carpet":3,"minecraft:rose_bush":2,"minecraft:stone_sword":30,"minecraft:spruce_planks":39,"minecraft:netherrack":1,"graveyard:acacia_coffin":1,"minecraft:torch":29,"minecraft:dirt":83,"minecraft:lava_bucket":12,"minecraft:furnace":3,"minecraft:cooked_beef":1,"minecraft:acacia_planks":35,"minecraft:cooked_mutton":4,"minecraft:water_bucket":1,"minecraft:leather_leggings":1,"minecraft:stone_pickaxe":217,"minecraft:leather_chestplate":1,"minecraft:wooden_pickaxe":33,"minecraft:crafting_table":9,"minecraft:spruce_log":6,"minecraft:deepslate_brick_stairs":3,"minecraft:acacia_stairs":3,"minecraft:bread":15,"minecraft:melon_slice":18,"minecraft:stone_axe":99,"minecraft:wooden_sword":19,"minecraft:cobblestone":17,"minecraft:cooked_porkchop":3,"minecraft:bucket":13,"minecraft:oak_boat":4,"minecraft:candle":3,"minecraft:cobweb":11},"minecraft:killed":{"undead_revamp2:thesmoker":1,"born_in_chaos_v1:thornshell_crab":1,"minecraft:horse":3,"minecraft:chicken":5,"born_in_chaos_v1:firelight_not_despawn":2,"minecraft:parrot":1,"undead_revamp2:the_moonflower":1,"born_in_chaos_v1:decrepit_skeleton":1,"minecraft:sheep":3,"undead_revamp2:thesomnolence":1,"minecraft:cow":3}},"DataVersion":3465}