{"stats":{"minecraft:crafted":{"minecraft:red_dye":21,"minecraft:oak_door":3,"minecraft:oak_planks":28,"minecraft:crafting_table":1,"minecraft:stick":12,"minecraft:wooden_pickaxe":1,"minecraft:stone_pickaxe":1,"minecraft:stone_sword":2,"minecraft:cooked_rabbit":4,"minecraft:air":0,"minecraft:bread":6},"minecraft:picked_up":{"minecraft:stick":3,"minecraft:crafting_table":1,"minecraft:cooked_rabbit":1,"minecraft:porkchop":10,"minecraft:oak_log":11,"minecraft:dirt":1,"regions_unexplored:waratah":18,"minecraft:cooked_mutton":7,"minecraft:arrow":1,"born_in_chaos_v1:fire_dust":1,"minecraft:slime_ball":7,"touhou_little_maid:smart_slab_init":2,"minecraft:rabbit_hide":3,"touhou_little_maid:smart_slab_has_maid":2,"minecraft:poppy":3,"minecraft:rabbit":5,"minecraft:oak_sapling":4,"minecraft:melon_slice":7,"minecraft:mutton":9,"minecraft:white_wool":6,"alexsmobs:flying_fish":1,"minecraft:cobblestone":4},"minecraft:killed":{"minecraft:sheep":6,"minecraft:skeleton":3,"player_companions:rooster":1,"minecraft:zombie":1,"minecraft:pig":5,"minecraft:rabbit":5,"born_in_chaos_v1:firelight_not_despawn":1,"minecraft:slime":4,"alexsmobs:flying_fish":1},"minecraft:used":{"minecraft:stone_sword":62,"minecraft:bread":6,"minecraft:oak_planks":7,"minecraft:wooden_pickaxe":7,"touhou_little_maid:smart_slab_has_maid":8,"minecraft:oak_door":3,"touhou_little_maid:smart_slab_init":2,"minecraft:dirt":1,"minecraft:crafting_table":1,"minecraft:cooked_rabbit":1},"minecraft:mined":{"regions_unexplored:waratah":18,"treechop:chopped_log":2,"minecraft:crafting_table":1,"minecraft:grass":8,"minecraft:grass_block":2,"minecraft:poppy":3,"minecraft:melon":1,"minecraft:stone":7},"minecraft:dropped":{"minecraft:wheat_seeds":1,"minecraft:stone_sword":1,"touhou_little_maid:smart_slab_has_maid":2,"touhou_little_maid:smart_slab_init":2},"minecraft:custom":{"minecraft:time_since_rest":10977,"minecraft:sprint_one_cm":75843,"minecraft:damage_taken":180,"minecraft:walk_one_cm":71241,"minecraft:mob_kills":34,"minecraft:drop":6,"minecraft:damage_dealt":2234,"minecraft:interact_with_crafting_table":5,"minecraft:swim_one_cm":9354,"minecraft:fly_one_cm":106040,"minecraft:open_chest":1,"minecraft:crouch_one_cm":346,"minecraft:play_time":27867,"minecraft:interact_with_campfire":8,"minecraft:sneak_time":94,"minecraft:walk_under_water_one_cm":536,"minecraft:jump":377,"minecraft:sleep_in_bed":2,"minecraft:time_since_death":27867,"minecraft:walk_on_water_one_cm":3615,"minecraft:interact_with_smoker":4,"minecraft:total_world_time":27867,"minecraft:fall_one_cm":9292}},"DataVersion":3465}