{"stats":{"minecraft:killed_by":{"undead_revamp2:the_moonflower":1,"minecraft:iron_golem":1,"man:managgresive":1,"apollyon:the_damned":1,"undead_revamp2:therod":1,"antlers:wendigo":2},"minecraft:mined":{"undead_revamp2:arapholia":1,"minecraft:spruce_planks":4,"graveyard:tg_coarse_dirt":1,"minecraft:candle":1,"minecraft:cobbled_deepslate_stairs":1,"graveyard:acacia_coffin":2,"minecraft:jungle_leaves":1,"minecraft:brewing_stand":1,"biomesoplenty:burning_blossom":3,"cctvcraft:aluminum_ore":14,"biomesoplenty:bramble":8,"minecraft:acacia_log":28,"minecraft:grass_block":35,"biomesoplenty:rose_quartz_block":4,"minecraft:jungle_log":5,"minecraft:soul_soil":31,"minecraft:spruce_leaves":1,"biomesoplenty:dead_grass":2,"biomesoplenty:dune_grass":13,"minecraft:large_fern":5,"minecraft:hay_block":19,"biomesoplenty:bramble_leaves":1,"minecraft:tall_seagrass":2,"minecraft:magma_block":20,"minecraft:furnace":2,"minecraft:iron_ore":21,"biomesoplenty:lavender":1,"minecraft:acacia_stairs":3,"minecraft:andesite":12,"biomesoplenty:willow_vine":1,"biomesoplenty:sea_oats":59,"minecraft:dirt_path":3,"minecraft:rail":24,"minecraft:deepslate_brick_stairs":3,"minecraft:stone":197,"minecraft:redstone_wall_torch":3,"minecraft:acacia_leaves":24,"minecraft:brown_mushroom":8,"minecraft:soul_sand":3,"minecraft:melon_stem":2,"minecraft:crimson_nylium":1,"minecraft:crafting_table":10,"minecraft:blast_furnace":1,"minecraft:melon":12,"minecraft:rose_bush":2,"minecraft:nether_quartz_ore":20,"minecraft:tall_grass":9,"minecraft:cobblestone":1,"biomesoplenty:sprout":1,"minecraft:oak_planks":1,"minecraft:sugar_cane":16,"minecraft:wall_torch":5,"biomesoplenty:mahogany_log":1,"minecraft:spruce_log":21,"biomesoplenty:large_rose_quartz_bud":1,"minecraft:grass":185,"minecraft:oak_log":16,"minecraft:coal_ore":17,"minecraft:cocoa":2,"minecraft:dirt":90,"minecraft:cobweb":19,"minecraft:acacia_planks":7,"minecraft:netherrack":78,"minecraft:oak_leaves":13,"minecraft:fern":178},"minecraft:crafted":{"minecraft:wooden_sword":2,"minecraft:oak_planks":60,"minecraft:stone_shovel":1,"minecraft:fishing_rod":1,"biomesoplenty:mahogany_planks":4,"minecraft:furnace":3,"minecraft:cooked_mutton":4,"minecraft:bow":1,"minecraft:stone_pickaxe":5,"minecraft:wheat":153,"minecraft:cooked_beef":8,"minecraft:crafting_table":6,"minecraft:spruce_planks":60,"minecraft:wooden_pickaxe":3,"minecraft:leather_helmet":1,"minecraft:bucket":1,"minecraft:stone_axe":3,"minecraft:air":0,"minecraft:bread":51,"minecraft:jungle_planks":20,"minecraft:oak_boat":1,"minecraft:charcoal":17,"minecraft:stick":48,"minecraft:iron_ingot":1,"minecraft:leather_chestplate":1,"minecraft:stone_sword":3,"minecraft:acacia_planks":36,"minecraft:torch":40},"minecraft:used":{"biomesoplenty:mahogany_planks":4,"minecraft:moss_carpet":3,"minecraft:stone_sword":57,"minecraft:rose_bush":2,"minecraft:stone_shovel":34,"minecraft:spruce_planks":39,"graveyard:acacia_coffin":1,"minecraft:netherrack":73,"minecraft:torch":32,"minecraft:dirt":84,"minecraft:lava_bucket":26,"minecraft:furnace":4,"minecraft:cooked_beef":5,"minecraft:acacia_planks":35,"minecraft:cooked_mutton":4,"minecraft:water_bucket":3,"minecraft:leather_leggings":1,"minecraft:stone_pickaxe":410,"minecraft:oak_planks":5,"minecraft:wooden_pickaxe":43,"minecraft:leather_chestplate":1,"minecraft:glow_berries":6,"minecraft:crafting_table":14,"minecraft:deepslate_brick_stairs":3,"minecraft:spruce_log":6,"minecraft:acacia_stairs":3,"minecraft:bread":21,"minecraft:melon_slice":18,"minecraft:stone_axe":121,"minecraft:fire_charge":1,"minecraft:wooden_sword":19,"minecraft:cobblestone":28,"minecraft:cooked_porkchop":3,"minecraft:bucket":30,"minecraft:oak_boat":4,"minecraft:cobweb":11,"minecraft:candle":3},"minecraft:picked_up":{"minecraft:charcoal":8,"minecraft:coarse_dirt":1,"biomesoplenty:burning_blossom":4,"minecraft:cocoa_beans":4,"minecraft:crafting_table":9,"graveyard:acacia_coffin":2,"minecraft:chicken":5,"minecraft:chest_minecart":2,"minecraft:brown_mushroom":7,"minecraft:brewing_stand":1,"minecraft:string":21,"minecraft:moss_carpet":3,"minecraft:soul_soil":31,"minecraft:wooden_sword":1,"minecraft:candle":3,"minecraft:spruce_planks":66,"minecraft:beef":8,"minecraft:oak_boat":4,"minecraft:rose_bush":2,"minecraft:redstone_torch":3,"minecraft:melon_slice":63,"minecraft:sugar_cane":32,"minecraft:furnace":2,"minecraft:egg":2,"minecraft:stick":8,"minecraft:raw_iron":21,"minecraft:torch":7,"minecraft:acacia_log":26,"minecraft:arrow":2,"minecraft:rotten_flesh":8,"biomesoplenty:rose_quartz_chunk":2,"minecraft:hay_block":18,"born_in_chaos_v1:spiny_shell":3,"minecraft:deepslate_brick_stairs":3,"minecraft:mutton":4,"minecraft:rail":24,"undead_revamp2:arapholia":1,"minecraft:cobblestone":212,"minecraft:white_wool":3,"minecraft:magma_block":19,"minecraft:feather":9,"minecraft:andesite":12,"minecraft:jungle_log":5,"minecraft:leather":7,"minecraft:oak_log":17,"minecraft:cobbled_deepslate_stairs":1,"mca:book_romance":7,"minecraft:dirt":121,"minecraft:paper":2,"man:cassette_1safetyinstructions":2,"minecraft:bone":8,"minecraft:acacia_planks":7,"minecraft:wheat_seeds":141,"minecraft:iron_ingot":1,"minecraft:cooked_chicken":3,"minecraft:oak_planks":1,"minecraft:acacia_sapling":8,"cctvcraft:raw_aluminum":18,"biomesoplenty:toadstool":1,"minecraft:cooked_porkchop":5,"minecraft:quartz":20,"minecraft:blast_furnace":1,"minecraft:spruce_log":21,"minecraft:acacia_stairs":4,"biomesoplenty:mahogany_log":1,"biomesoplenty:bramble":8,"born_in_chaos_v1:fire_dust":3,"minecraft:bread":23,"born_in_chaos_v1:rotten_fish":2,"minecraft:netherrack":73,"minecraft:melon_seeds":5,"minecraft:coal":22,"minecraft:crimson_roots":1},"minecraft:dropped":{"minecraft:bread":11,"minecraft:candle":3,"minecraft:cobbled_deepslate_stairs":1,"minecraft:cobblestone":4,"biomesoplenty:rose_quartz_chunk":2,"minecraft:dirt":15,"minecraft:crimson_roots":1,"biomesoplenty:toadstool":1,"biomesoplenty:bramble":8,"minecraft:cocoa_beans":2,"undead_revamp2:arapholia":1,"minecraft:rotten_flesh":3,"minecraft:andesite":9,"minecraft:acacia_sapling":8,"minecraft:leather_leggings":1,"minecraft:wooden_pickaxe":1},"minecraft:broken":{"minecraft:stone_pickaxe":2},"minecraft:killed":{"minecraft:cave_spider":1,"born_in_chaos_v1:skeleton_demoman":1,"undead_revamp2:thesmoker":1,"born_in_chaos_v1:thornshell_crab":1,"minecraft:skeleton":1,"minecraft:horse":3,"minecraft:chicken":5,"born_in_chaos_v1:firelight_not_despawn":2,"minecraft:parrot":1,"undead_revamp2:the_moonflower":1,"born_in_chaos_v1:decrepit_skeleton":1,"arphex:centipede_evictor_larvae":1,"minecraft:sheep":3,"undead_revamp2:thesomnolence":1,"minecraft:cow":3},"minecraft:custom":{"minecraft:mob_kills":27,"minecraft:interact_with_crafting_table":38,"minecraft:open_barrel":2,"minecraft:bell_ring":95,"minecraft:damage_dealt_resisted":2,"minecraft:leave_game":2,"minecraft:time_since_death":11444,"minecraft:climb_one_cm":70,"minecraft:sprint_one_cm":273626,"minecraft:walk_one_cm":340425,"minecraft:drop":29,"minecraft:talked_to_villager":1,"minecraft:play_time":130516,"minecraft:deaths":7,"minecraft:sneak_time":3664,"minecraft:walk_under_water_one_cm":9738,"minecraft:boat_one_cm":85027,"minecraft:jump":2171,"minecraft:walk_on_water_one_cm":22799,"minecraft:total_world_time":130516,"minecraft:interact_with_furnace":17,"minecraft:interact_with_cartography_table":2,"minecraft:time_since_rest":11502,"minecraft:damage_taken":4247,"minecraft:damage_dealt":4311,"minecraft:swim_one_cm":20774,"minecraft:fly_one_cm":443702,"minecraft:player_kills":1,"minecraft:open_chest":6,"minecraft:crouch_one_cm":7458,"minecraft:fall_one_cm":58045,"minecraft:horse_one_cm":2303}},"DataVersion":3465}