{"stats":{"minecraft:killed_by":{"man:managgresive":1,"undead_revamp2:the_moonflower":1,"antlers:wendigo":2,"minecraft:iron_golem":1},"minecraft:custom":{"minecraft:interact_with_furnace":4,"minecraft:mob_kills":6,"minecraft:interact_with_crafting_table":16,"minecraft:interact_with_cartography_table":2,"minecraft:open_barrel":2,"minecraft:bell_ring":86,"minecraft:damage_dealt_resisted":2,"minecraft:time_since_death":35659,"minecraft:climb_one_cm":70,"minecraft:time_since_rest":35730,"minecraft:sprint_one_cm":148239,"minecraft:damage_taken":2496,"minecraft:walk_one_cm":181163,"minecraft:drop":12,"minecraft:damage_dealt":1586,"minecraft:swim_one_cm":13049,"minecraft:fly_one_cm":199906,"minecraft:player_kills":1,"minecraft:open_chest":2,"minecraft:crouch_one_cm":4476,"minecraft:play_time":77424,"minecraft:deaths":5,"minecraft:sneak_time":2267,"minecraft:walk_under_water_one_cm":8002,"minecraft:boat_one_cm":85027,"minecraft:jump":1065,"minecraft:walk_on_water_one_cm":14703,"minecraft:total_world_time":77424,"minecraft:fall_one_cm":27633,"minecraft:horse_one_cm":2303},"minecraft:dropped":{"minecraft:bread":11,"minecraft:cobblestone":4},"minecraft:picked_up":{"minecraft:andesite":9,"minecraft:cocoa_beans":2,"minecraft:crafting_table":3,"minecraft:feather":2,"minecraft:chicken":2,"minecraft:jungle_log":5,"minecraft:oak_log":6,"mca:book_romance":7,"minecraft:dirt":93,"minecraft:string":1,"minecraft:paper":2,"minecraft:moss_carpet":3,"man:cassette_1safetyinstructions":2,"minecraft:wooden_sword":1,"minecraft:bone":4,"minecraft:acacia_planks":7,"minecraft:wheat_seeds":140,"minecraft:spruce_planks":66,"minecraft:iron_ingot":1,"minecraft:oak_boat":4,"minecraft:rose_bush":2,"minecraft:acacia_sapling":4,"minecraft:melon_slice":63,"minecraft:sugar_cane":32,"cctvcraft:raw_aluminum":18,"minecraft:egg":1,"biomesoplenty:toadstool":1,"minecraft:stick":8,"minecraft:torch":4,"minecraft:acacia_log":26,"minecraft:blast_furnace":1,"minecraft:spruce_log":19,"minecraft:acacia_stairs":4,"biomesoplenty:mahogany_log":1,"minecraft:rotten_flesh":6,"minecraft:hay_block":18,"born_in_chaos_v1:spiny_shell":3,"minecraft:bread":22,"born_in_chaos_v1:rotten_fish":2,"minecraft:melon_seeds":5,"undead_revamp2:arapholia":1,"minecraft:coal":16,"minecraft:cobblestone":174},"minecraft:crafted":{"minecraft:wooden_sword":2,"minecraft:oak_planks":20,"minecraft:stone_shovel":1,"minecraft:crafting_table":5,"minecraft:spruce_planks":52,"biomesoplenty:mahogany_planks":4,"minecraft:wooden_pickaxe":2,"minecraft:furnace":1,"minecraft:stone_axe":2,"minecraft:air":0,"minecraft:jungle_planks":20,"minecraft:bread":51,"minecraft:oak_boat":1,"minecraft:charcoal":17,"minecraft:stick":28,"minecraft:stone_pickaxe":3,"minecraft:stone_sword":2,"minecraft:acacia_planks":36,"minecraft:torch":20,"minecraft:wheat":153},"minecraft:mined":{"undead_revamp2:arapholia":1,"minecraft:acacia_leaves":24,"minecraft:spruce_planks":4,"minecraft:melon_stem":2,"minecraft:jungle_leaves":1,"cctvcraft:aluminum_ore":14,"minecraft:crafting_table":3,"minecraft:acacia_log":28,"minecraft:blast_furnace":1,"minecraft:grass_block":29,"minecraft:melon":12,"minecraft:jungle_log":5,"minecraft:rose_bush":2,"minecraft:tall_grass":6,"minecraft:sugar_cane":16,"biomesoplenty:dune_grass":13,"minecraft:wall_torch":3,"minecraft:large_fern":5,"minecraft:hay_block":19,"minecraft:tall_seagrass":2,"biomesoplenty:mahogany_log":1,"biomesoplenty:lavender":1,"minecraft:spruce_log":19,"minecraft:acacia_stairs":3,"minecraft:andesite":9,"biomesoplenty:sea_oats":59,"minecraft:grass":138,"minecraft:coal_ore":16,"minecraft:oak_log":5,"minecraft:cocoa":2,"minecraft:dirt_path":3,"minecraft:dirt":65,"minecraft:acacia_planks":7,"minecraft:stone":160,"minecraft:oak_leaves":2,"minecraft:fern":178},"minecraft:broken":{"minecraft:stone_pickaxe":1},"minecraft:used":{"biomesoplenty:mahogany_planks":4,"minecraft:moss_carpet":3,"minecraft:rose_bush":2,"minecraft:stone_sword":10,"minecraft:stone_pickaxe":183,"minecraft:spruce_planks":39,"minecraft:wooden_pickaxe":31,"minecraft:torch":20,"minecraft:dirt":73,"minecraft:crafting_table":6,"minecraft:spruce_log":6,"minecraft:acacia_stairs":3,"minecraft:melon_slice":18,"minecraft:bread":15,"minecraft:stone_axe":55,"minecraft:wooden_sword":19,"minecraft:furnace":1,"minecraft:oak_boat":4,"minecraft:acacia_planks":35},"minecraft:killed":{"undead_revamp2:the_moonflower":1,"born_in_chaos_v1:thornshell_crab":1,"born_in_chaos_v1:decrepit_skeleton":1,"undead_revamp2:thesomnolence":1,"minecraft:chicken":2}},"DataVersion":3465}