{
  "touhou_little_maid:grant_book_on_first_join": {
    "criteria": {
      "tick": "2024-07-13 23:49:40 +0000"
    },
    "done": true
  },
  "corail_woodcutter:recipes/from_acacia_planks": {
    "criteria": {
      "has_ingredient": "2024-07-13 23:49:40 +0000"
    },
    "done": true
  },
  "corail_woodcutter:recipes/from_dark_oak_planks": {
    "criteria": {
      "has_ingredient": "2024-07-13 23:49:40 +0000"
    },
    "done": true
  },
  "corail_woodcutter:recipes/from_jungle_planks": {
    "criteria": {
      "has_ingredient": "2024-07-13 23:49:40 +0000"
    },
    "done": true
  },
  "corail_woodcutter:recipes/from_bamboo_mosaic": {
    "criteria": {
      "has_ingredient": "2024-07-13 23:49:40 +0000"
    },
    "done": true
  },
  "corail_woodcutter:recipes/from_mangrove_planks": {
    "criteria": {
      "has_ingredient": "2024-07-13 23:49:40 +0000"
    },
    "done": true
  },
  "corail_woodcutter:recipes/from_cherry_planks": {
    "criteria": {
      "has_ingredient": "2024-07-13 23:49:40 +0000"
    },
    "done": true
  },
  "corail_woodcutter:recipes/from_oak_planks": {
    "criteria": {
      "has_ingredient": "2024-07-13 23:49:40 +0000"
    },
    "done": true
  },
  "totw_modded:root": {
    "criteria": {
      "sample_trigger": "2024-07-13 23:49:40 +0000"
    },
    "done": true
  },
  "corail_woodcutter:recipes/from_warped_planks": {
    "criteria": {
      "has_ingredient": "2024-07-13 23:49:40 +0000"
    },
    "done": true
  },
  "farmersdelight:main/root": {
    "criteria": {
      "seeds": "2024-07-13 23:49:40 +0000"
    },
    "done": true
  },
  "corail_woodcutter:recipes/from_crimson_planks": {
    "criteria": {
      "has_ingredient": "2024-07-13 23:49:40 +0000"
    },
    "done": true
  },
  "touhou_little_maid:give_smart_slab": {
    "criteria": {
      "tick": "2024-07-13 23:49:40 +0000"
    },
    "done": true
  },
  "corail_woodcutter:recipes/from_birch_planks": {
    "criteria": {
      "has_ingredient": "2024-07-13 23:49:40 +0000"
    },
    "done": true
  },
  "corail_woodcutter:recipes/from_spruce_planks": {
    "criteria": {
      "has_ingredient": "2024-07-13 23:49:40 +0000"
    },
    "done": true
  },
  "corail_woodcutter:recipes/from_bamboo_planks": {
    "criteria": {
      "has_ingredient": "2024-07-13 23:49:40 +0000"
    },
    "done": true
  },
  "repurposed_structures:root": {
    "criteria": {
      "always": "2024-07-13 23:49:41 +0000"
    },
    "done": true
  },
  "minecraft:recipes/decorations/crafting_table": {
    "criteria": {
      "unlock_right_away": "2024-07-13 23:49:41 +0000"
    },
    "done": true
  },
  "mowziesmobs:root": {
    "criteria": {
      "custom_test_name": "2024-07-13 23:49:41 +0000"
    },
    "done": true
  },
  "iceandfire:iceandfire/root": {
    "criteria": {
      "tick": "2024-07-13 23:49:41 +0000"
    },
    "done": true
  },
  "born_in_chaos_v1:bornin_chaos": {
    "criteria": {
      "bornin_chaos_0": "2024-07-13 23:49:41 +0000"
    },
    "done": true
  },
  "player_companions:grant_book_on_first_join": {
    "criteria": {
      "tick": "2024-07-13 23:49:41 +0000"
    },
    "done": true
  },
  "regions_unexplored:parent": {
    "criteria": {
      "load_in_world": "2024-07-13 23:49:44 +0000"
    },
    "done": true
  },
  "minecraft:adventure/adventuring_time": {
    "criteria": {
      "minecraft:sunflower_plains": "2024-07-13 23:53:19 +0000",
      "minecraft:river": "2024-07-14 00:09:47 +0000",
      "minecraft:stony_shore": "2024-07-14 00:09:23 +0000",
      "minecraft:savanna": "2024-07-14 00:00:38 +0000",
      "minecraft:plains": "2024-07-13 23:49:44 +0000"
    },
    "done": false
  },
  "doggytalents:recipes/food/uncooked_rice_bowl": {
    "criteria": {
      "has_dtn_rice_grains": "2024-07-13 23:56:31 +0000"
    },
    "done": true
  },
  "doggytalents:recipes/food/training_treat": {
    "criteria": {
      "has_dtn_rice_grains": "2024-07-13 23:56:31 +0000"
    },
    "done": true
  },
  "minecraft:husbandry/tame_an_animal": {
    "criteria": {
      "tamed_animal": "2024-07-13 23:56:34 +0000"
    },
    "done": true
  },
  "minecraft:recipes/decorations/ladder": {
    "criteria": {
      "has_stick": "2024-07-13 23:59:11 +0000"
    },
    "done": true
  },
  "doggytalents:recipes/decorations/sunglasses": {
    "criteria": {
      "has_stick": "2024-07-13 23:59:11 +0000"
    },
    "done": true
  },
  "minecraft:recipes/tools/wooden_axe": {
    "criteria": {
      "has_stick": "2024-07-13 23:59:11 +0000"
    },
    "done": true
  },
  "doggytalents:recipes/decorations/giant_stick": {
    "criteria": {
      "has_stick": "2024-07-13 23:59:11 +0000"
    },
    "done": true
  },
  "domum_ornamentum:recipes/tools/architectscutter": {
    "criteria": {
      "has_log": "2024-07-13 23:59:11 +0000"
    },
    "done": true
  },
  "minecraft:recipes/decorations/campfire": {
    "criteria": {
      "has_stick": "2024-07-13 23:59:11 +0000"
    },
    "done": true
  },
  "minecraft:recipes/tools/wooden_hoe": {
    "criteria": {
      "has_stick": "2024-07-13 23:59:11 +0000"
    },
    "done": true
  },
  "minecraft:recipes/misc/charcoal": {
    "criteria": {
      "has_log": "2024-07-13 23:59:11 +0000"
    },
    "done": true
  },
  "regions_unexplored:recipes/decorations/oak_branch_from_oak_log": {
    "criteria": {
      "has_log": "2024-07-13 23:59:11 +0000"
    },
    "done": true
  },
  "minecraft:recipes/tools/wooden_shovel": {
    "criteria": {
      "has_stick": "2024-07-13 23:59:11 +0000"
    },
    "done": true
  },
  "paraglider:recipes/misc/paraglider": {
    "criteria": {
      "has_stick": "2024-07-13 23:59:11 +0000"
    },
    "done": true
  },
  "minecraft:recipes/combat/wooden_sword": {
    "criteria": {
      "has_stick": "2024-07-13 23:59:11 +0000"
    },
    "done": true
  },
  "minecraft:recipes/building_blocks/oak_planks": {
    "criteria": {
      "has_logs": "2024-07-13 23:59:11 +0000"
    },
    "done": true
  },
  "minecraft:recipes/building_blocks/oak_wood": {
    "criteria": {
      "has_log": "2024-07-13 23:59:11 +0000"
    },
    "done": true
  },
  "mca:recipes/misc/family_tree": {
    "criteria": {
      "has_item": "2024-07-13 23:59:11 +0000"
    },
    "done": true
  },
  "regions_unexplored:recipes/decorations/oak_shrub": {
    "criteria": {
      "has_oak_sapling": "2024-07-13 23:59:11 +0000"
    },
    "done": true
  },
  "farmersdelight:recipes/combat/flint_knife": {
    "criteria": {
      "has_stick": "2024-07-13 23:59:11 +0000"
    },
    "done": true
  },
  "minecolonies:recipes/misc/shapetool": {
    "criteria": {
      "has_stick": "2024-07-13 23:59:11 +0000"
    },
    "done": true
  },
  "immersive_armors:recipes/misc/wooden": {
    "criteria": {
      "has_item": "2024-07-13 23:59:11 +0000"
    },
    "done": true
  },
  "domum_ornamentum:recipes/building_blocks/blockbarreldeco_onside": {
    "criteria": {
      "has_stick": "2024-07-13 23:59:11 +0000"
    },
    "done": true
  },
  "minecraft:recipes/tools/wooden_pickaxe": {
    "criteria": {
      "has_stick": "2024-07-13 23:59:11 +0000"
    },
    "done": true
  },
  "domum_ornamentum:recipes/building_blocks/blockbarreldeco_standing": {
    "criteria": {
      "has_stick": "2024-07-13 23:59:11 +0000"
    },
    "done": true
  },
  "farmersdelight:recipes/decorations/cutting_board": {
    "criteria": {
      "has_stick": "2024-07-13 23:59:11 +0000"
    },
    "done": true
  },
  "regions_unexplored:recipes/transportation/maple_boat": {
    "criteria": {
      "in_water": "2024-07-14 00:00:45 +0000"
    },
    "done": true
  },
  "regions_unexplored:recipes/transportation/magnolia_boat": {
    "criteria": {
      "in_water": "2024-07-14 00:00:45 +0000"
    },
    "done": true
  },
  "minecraft:recipes/transportation/cherry_boat": {
    "criteria": {
      "in_water": "2024-07-14 00:00:45 +0000"
    },
    "done": true
  },
  "minecraft:recipes/transportation/bamboo_raft": {
    "criteria": {
      "in_water": "2024-07-14 00:00:45 +0000"
    },
    "done": true
  },
  "regions_unexplored:recipes/transportation/kapok_boat": {
    "criteria": {
      "in_water": "2024-07-14 00:00:45 +0000"
    },
    "done": true
  },
  "regions_unexplored:recipes/transportation/cypress_boat": {
    "criteria": {
      "in_water": "2024-07-14 00:00:45 +0000"
    },
    "done": true
  },
  "regions_unexplored:recipes/transportation/larch_boat": {
    "criteria": {
      "in_water": "2024-07-14 00:00:45 +0000"
    },
    "done": true
  },
  "minecraft:recipes/transportation/acacia_boat": {
    "criteria": {
      "in_water": "2024-07-14 00:00:45 +0000"
    },
    "done": true
  },
  "minecraft:recipes/transportation/jungle_boat": {
    "criteria": {
      "in_water": "2024-07-14 00:00:45 +0000"
    },
    "done": true
  },
  "regions_unexplored:recipes/transportation/blackwood_boat": {
    "criteria": {
      "in_water": "2024-07-14 00:00:45 +0000"
    },
    "done": true
  },
  "regions_unexplored:recipes/transportation/pine_boat": {
    "criteria": {
      "in_water": "2024-07-14 00:00:45 +0000"
    },
    "done": true
  },
  "regions_unexplored:recipes/transportation/eucalyptus_boat": {
    "criteria": {
      "in_water": "2024-07-14 00:00:45 +0000"
    },
    "done": true
  },
  "regions_unexplored:recipes/transportation/palm_boat": {
    "criteria": {
      "in_water": "2024-07-14 00:00:45 +0000"
    },
    "done": true
  },
  "regions_unexplored:recipes/transportation/socotra_boat": {
    "criteria": {
      "in_water": "2024-07-14 00:00:45 +0000"
    },
    "done": true
  },
  "minecraft:recipes/transportation/spruce_boat": {
    "criteria": {
      "in_water": "2024-07-14 00:00:45 +0000"
    },
    "done": true
  },
  "minecraft:recipes/transportation/birch_boat": {
    "criteria": {
      "in_water": "2024-07-14 00:00:45 +0000"
    },
    "done": true
  },
  "regions_unexplored:recipes/transportation/dead_boat": {
    "criteria": {
      "in_water": "2024-07-14 00:00:45 +0000"
    },
    "done": true
  },
  "minecraft:recipes/transportation/oak_boat": {
    "criteria": {
      "in_water": "2024-07-14 00:00:45 +0000"
    },
    "done": true
  },
  "minecraft:recipes/transportation/mangrove_boat": {
    "criteria": {
      "in_water": "2024-07-14 00:00:45 +0000"
    },
    "done": true
  },
  "regions_unexplored:recipes/transportation/mauve_boat": {
    "criteria": {
      "in_water": "2024-07-14 00:00:45 +0000"
    },
    "done": true
  },
  "regions_unexplored:recipes/transportation/redwood_boat": {
    "criteria": {
      "in_water": "2024-07-14 00:00:45 +0000"
    },
    "done": true
  },
  "regions_unexplored:recipes/transportation/baobab_boat": {
    "criteria": {
      "in_water": "2024-07-14 00:00:45 +0000"
    },
    "done": true
  },
  "regions_unexplored:recipes/transportation/willow_boat": {
    "criteria": {
      "in_water": "2024-07-14 00:00:45 +0000"
    },
    "done": true
  },
  "regions_unexplored:recipes/transportation/joshua_boat": {
    "criteria": {
      "in_water": "2024-07-14 00:00:45 +0000"
    },
    "done": true
  },
  "minecraft:recipes/transportation/dark_oak_boat": {
    "criteria": {
      "in_water": "2024-07-14 00:00:45 +0000"
    },
    "done": true
  },
  "minecraft:recipes/decorations/chest": {
    "criteria": {
      "has_lots_of_items": "2024-07-14 00:06:13 +0000"
    },
    "done": true
  },
  "player_companions:recipes/tame_bone_from_bone": {
    "criteria": {
      "has_bone": "2024-07-14 00:06:13 +0000"
    },
    "done": true
  },
  "doggytalents:recipes/tools/throw_bone": {
    "criteria": {
      "has_bone": "2024-07-14 00:06:13 +0000"
    },
    "done": true
  },
  "minecraft:recipes/misc/bone_meal": {
    "criteria": {
      "has_bone": "2024-07-14 00:06:13 +0000"
    },
    "done": true
  },
  "farmersdelight:recipes/cooking/bone_broth": {
    "criteria": {
      "has_bone": "2024-07-14 00:06:13 +0000"
    },
    "done": true
  },
  "immersive_armors:recipes/misc/bone": {
    "criteria": {
      "has_item": "2024-07-14 00:06:13 +0000"
    },
    "done": true
  },
  "doggytalents:recipes/tools/conducting_bone": {
    "criteria": {
      "has_bone": "2024-07-14 00:06:13 +0000"
    },
    "done": true
  },
  "minecraft:recipes/redstone/dispenser": {
    "criteria": {
      "has_bow": "2024-07-14 00:06:14 +0000"
    },
    "done": true
  },
  "alexsmobs:alexsmobs/root": {
    "criteria": {
      "useitem": "2024-07-14 00:06:18 +0000"
    },
    "done": true
  },
  "minecraft:husbandry/root": {
    "criteria": {
      "consumed_item": "2024-07-14 00:06:18 +0000"
    },
    "done": true
  },
  "minecraft:recipes/misc/white_dye": {
    "criteria": {
      "has_bone_meal": "2024-07-14 00:09:14 +0000"
    },
    "done": true
  },
  "regions_unexplored:recipes/misc/overgrown_bone_block": {
    "criteria": {
      "has_bone_meal": "2024-07-14 00:09:14 +0000"
    },
    "done": true
  },
  "minecraft:recipes/building_blocks/bone_block": {
    "criteria": {
      "has_bone_meal": "2024-07-14 00:09:14 +0000"
    },
    "done": true
  },
  "farmersdelight:recipes/cooking/dog_food": {
    "criteria": {
      "has_any_ingredient": "2024-07-14 00:09:14 +0000"
    },
    "done": true
  },
  "regions_unexplored:regions_explored": {
    "criteria": {
      "silver_birch_forest": "2024-07-14 00:12:03 +0000",
      "pine_taiga": "2024-07-14 03:16:25 +0000",
      "willow_forest": "2024-07-14 00:23:58 +0000",
      "poppy_fields": "2024-07-14 00:12:37 +0000",
      "rocky_meadow": "2024-07-14 00:09:28 +0000",
      "flower_fields": "2024-07-14 00:09:20 +0000",
      "maple_forest": "2024-07-14 00:23:56 +0000",
      "magnolia_highlands": "2024-07-14 02:31:38 +0000",
      "deciduous_forest": "2024-07-14 03:31:12 +0000",
      "boreal_forest": "2024-07-14 02:38:36 +0000",
      "temperate_grove": "2024-07-14 03:17:08 +0000",
      "cold_river": "2024-07-14 00:12:18 +0000",
      "grassland": "2024-07-14 03:17:10 +0000",
      "prairie": "2024-07-14 03:33:45 +0000",
      "redwoods": "2024-07-14 03:17:12 +0000",
      "lupine_plains": "2024-07-14 02:39:13 +0000"
    },
    "done": false
  },
  "regions_unexplored:pioneer": {
    "criteria": {
      "silver_birch_forest": "2024-07-14 00:12:03 +0000",
      "pine_taiga": "2024-07-14 03:16:25 +0000",
      "willow_forest": "2024-07-14 00:23:58 +0000",
      "poppy_fields": "2024-07-14 00:12:37 +0000",
      "rocky_meadow": "2024-07-14 00:09:28 +0000",
      "flower_fields": "2024-07-14 00:09:20 +0000",
      "maple_forest": "2024-07-14 00:23:56 +0000",
      "magnolia_highlands": "2024-07-14 02:31:38 +0000",
      "deciduous_forest": "2024-07-14 03:31:12 +0000",
      "boreal_forest": "2024-07-14 02:38:36 +0000",
      "temperate_grove": "2024-07-14 03:17:08 +0000",
      "cold_river": "2024-07-14 00:12:18 +0000",
      "grassland": "2024-07-14 03:17:10 +0000",
      "prairie": "2024-07-14 03:33:45 +0000",
      "redwoods": "2024-07-14 03:17:12 +0000",
      "lupine_plains": "2024-07-14 02:39:13 +0000"
    },
    "done": false
  },
  "regions_unexplored:recipes/building_blocks/lime_painted_planks": {
    "criteria": {
      "has_planks": "2024-07-14 00:10:41 +0000"
    },
    "done": true
  },
  "handcrafted:recipes/misc/oak_nightstand": {
    "criteria": {
      "has_oak_nightstand": "2024-07-14 00:10:41 +0000"
    },
    "done": true
  },
  "paraglider:root": {
    "criteria": {
      "crafting_table": "2024-07-14 00:10:41 +0000"
    },
    "done": true
  },
  "minecraft:recipes/decorations/oak_sign": {
    "criteria": {
      "has_planks": "2024-07-14 00:10:41 +0000"
    },
    "done": true
  },
  "handcrafted:recipes/misc/oak_fancy_bed": {
    "criteria": {
      "has_oak_fancy_bed": "2024-07-14 00:10:41 +0000"
    },
    "done": true
  },
  "regions_unexplored:recipes/building_blocks/brown_painted_planks": {
    "criteria": {
      "has_planks": "2024-07-14 00:10:41 +0000"
    },
    "done": true
  },
  "minecraft:recipes/misc/stick": {
    "criteria": {
      "has_planks": "2024-07-14 00:10:41 +0000"
    },
    "done": true
  },
  "handcrafted:recipes/misc/oak_table": {
    "criteria": {
      "has_oak_table": "2024-07-14 00:10:41 +0000"
    },
    "done": true
  },
  "handcrafted:recipes/misc/oak_corner_trim": {
    "criteria": {
      "has_oak_corner_trim": "2024-07-14 00:10:41 +0000"
    },
    "done": true
  },
  "handcrafted:recipes/misc/oak_drawer": {
    "criteria": {
      "has_oak_drawer": "2024-07-14 00:10:41 +0000"
    },
    "done": true
  },
  "regions_unexplored:recipes/building_blocks/black_painted_planks": {
    "criteria": {
      "has_planks": "2024-07-14 00:10:41 +0000"
    },
    "done": true
  },
  "handcrafted:recipes/misc/salmon_trophy": {
    "criteria": {
      "has_salmon_trophy": "2024-07-14 00:10:41 +0000"
    },
    "done": true
  },
  "handcrafted:recipes/misc/silverfish_trophy": {
    "criteria": {
      "has_silverfish_trophy": "2024-07-14 00:10:41 +0000"
    },
    "done": true
  },
  "regions_unexplored:recipes/building_blocks/cyan_painted_planks": {
    "criteria": {
      "has_planks": "2024-07-14 00:10:41 +0000"
    },
    "done": true
  },
  "handcrafted:recipes/misc/oak_shelf": {
    "criteria": {
      "has_oak_shelf": "2024-07-14 00:10:41 +0000"
    },
    "done": true
  },
  "handcrafted:recipes/misc/bear_trophy": {
    "criteria": {
      "has_bear_trophy": "2024-07-14 00:10:41 +0000"
    },
    "done": true
  },
  "minecraft:recipes/building_blocks/oak_slab": {
    "criteria": {
      "has_planks": "2024-07-14 00:10:41 +0000"
    },
    "done": true
  },
  "handcrafted:recipes/misc/oak_dining_bench": {
    "criteria": {
      "has_oak_dining_bench": "2024-07-14 00:10:41 +0000"
    },
    "done": true
  },
  "minecraft:recipes/redstone/oak_fence_gate": {
    "criteria": {
      "has_planks": "2024-07-14 00:10:41 +0000"
    },
    "done": true
  },
  "handcrafted:recipes/misc/oak_desk": {
    "criteria": {
      "has_oak_desk": "2024-07-14 00:10:41 +0000"
    },
    "done": true
  },
  "regions_unexplored:recipes/building_blocks/blue_painted_planks": {
    "criteria": {
      "has_planks": "2024-07-14 00:10:41 +0000"
    },
    "done": true
  },
  "minecraft:recipes/redstone/oak_door": {
    "criteria": {
      "has_planks": "2024-07-14 00:10:41 +0000"
    },
    "done": true
  },
  "handcrafted:recipes/misc/goat_trophy": {
    "criteria": {
      "has_goat_trophy": "2024-07-14 00:10:41 +0000"
    },
    "done": true
  },
  "minecraft:recipes/decorations/barrel": {
    "criteria": {
      "has_planks": "2024-07-14 00:10:41 +0000"
    },
    "done": true
  },
  "player_companions:crafting/root": {
    "criteria": {
      "crafting_table": "2024-07-14 00:10:41 +0000"
    },
    "done": true
  },
  "regions_unexplored:recipes/building_blocks/orange_painted_planks": {
    "criteria": {
      "has_planks": "2024-07-14 00:10:41 +0000"
    },
    "done": true
  },
  "handcrafted:recipes/misc/blaze_trophy": {
    "criteria": {
      "has_blaze_trophy": "2024-07-14 00:10:41 +0000"
    },
    "done": true
  },
  "handcrafted:recipes/misc/oak_counter": {
    "criteria": {
      "has_oak_counter": "2024-07-14 00:10:41 +0000"
    },
    "done": true
  },
  "regions_unexplored:recipes/building_blocks/gray_painted_planks": {
    "criteria": {
      "has_planks": "2024-07-14 00:10:41 +0000"
    },
    "done": true
  },
  "handcrafted:recipes/misc/wolf_trophy": {
    "criteria": {
      "has_wolf_trophy": "2024-07-14 00:10:41 +0000"
    },
    "done": true
  },
  "regions_unexplored:recipes/building_blocks/red_painted_planks": {
    "criteria": {
      "has_planks": "2024-07-14 00:10:41 +0000"
    },
    "done": true
  },
  "minecraft:recipes/redstone/oak_trapdoor": {
    "criteria": {
      "has_planks": "2024-07-14 00:10:41 +0000"
    },
    "done": true
  },
  "regions_unexplored:recipes/building_blocks/green_painted_planks": {
    "criteria": {
      "has_planks": "2024-07-14 00:10:41 +0000"
    },
    "done": true
  },
  "regions_unexplored:recipes/building_blocks/white_painted_planks": {
    "criteria": {
      "has_planks": "2024-07-14 00:10:41 +0000"
    },
    "done": true
  },
  "player_companions:crafting/craft_lead": {
    "criteria": {
      "crafting_table": "2024-07-14 00:10:41 +0000"
    },
    "done": true
  },
  "regions_unexplored:recipes/building_blocks/light_gray_painted_planks": {
    "criteria": {
      "has_planks": "2024-07-14 00:10:41 +0000"
    },
    "done": true
  },
  "minecraft:recipes/building_blocks/oak_stairs": {
    "criteria": {
      "has_planks": "2024-07-14 00:10:41 +0000"
    },
    "done": true
  },
  "handcrafted:recipes/misc/oak_bench": {
    "criteria": {
      "has_oak_bench": "2024-07-14 00:10:41 +0000"
    },
    "done": true
  },
  "minecraft:recipes/decorations/oak_fence": {
    "criteria": {
      "has_planks": "2024-07-14 00:10:41 +0000"
    },
    "done": true
  },
  "regions_unexplored:recipes/building_blocks/light_blue_painted_planks": {
    "criteria": {
      "has_planks": "2024-07-14 00:10:41 +0000"
    },
    "done": true
  },
  "iceandfire:recipes/misc/earplugs": {
    "criteria": {
      "has_item": "2024-07-14 00:10:41 +0000"
    },
    "done": true
  },
  "regions_unexplored:recipes/building_blocks/yellow_painted_planks": {
    "criteria": {
      "has_planks": "2024-07-14 00:10:41 +0000"
    },
    "done": true
  },
  "handcrafted:recipes/misc/fox_trophy": {
    "criteria": {
      "has_fox_trophy": "2024-07-14 00:10:41 +0000"
    },
    "done": true
  },
  "regions_unexplored:recipes/building_blocks/purple_painted_planks": {
    "criteria": {
      "has_planks": "2024-07-14 00:10:41 +0000"
    },
    "done": true
  },
  "handcrafted:recipes/misc/tropical_fish_trophy": {
    "criteria": {
      "has_tropical_fish_trophy": "2024-07-14 00:10:41 +0000"
    },
    "done": true
  },
  "handcrafted:recipes/misc/oak_couch": {
    "criteria": {
      "has_oak_couch": "2024-07-14 00:10:41 +0000"
    },
    "done": true
  },
  "minecraft:recipes/redstone/oak_button": {
    "criteria": {
      "has_planks": "2024-07-14 00:10:41 +0000"
    },
    "done": true
  },
  "handcrafted:recipes/misc/spider_trophy": {
    "criteria": {
      "has_spider_trophy": "2024-07-14 00:10:41 +0000"
    },
    "done": true
  },
  "handcrafted:recipes/misc/oak_pillar_trim": {
    "criteria": {
      "has_oak_pillar_trim": "2024-07-14 00:10:41 +0000"
    },
    "done": true
  },
  "handcrafted:recipes/misc/oak_chair": {
    "criteria": {
      "has_oak_chair": "2024-07-14 00:10:41 +0000"
    },
    "done": true
  },
  "regions_unexplored:recipes/building_blocks/pink_painted_planks": {
    "criteria": {
      "has_planks": "2024-07-14 00:10:41 +0000"
    },
    "done": true
  },
  "handcrafted:recipes/misc/pufferfish_trophy": {
    "criteria": {
      "has_pufferfish_trophy": "2024-07-14 00:10:41 +0000"
    },
    "done": true
  },
  "regions_unexplored:recipes/building_blocks/magenta_painted_planks": {
    "criteria": {
      "has_planks": "2024-07-14 00:10:41 +0000"
    },
    "done": true
  },
  "minecraft:recipes/redstone/oak_pressure_plate": {
    "criteria": {
      "has_planks": "2024-07-14 00:10:41 +0000"
    },
    "done": true
  },
  "handcrafted:recipes/misc/oak_cupboard": {
    "criteria": {
      "has_oak_cupboard": "2024-07-14 00:10:41 +0000"
    },
    "done": true
  },
  "handcrafted:recipes/misc/oak_side_table": {
    "criteria": {
      "has_oak_side_table": "2024-07-14 00:10:41 +0000"
    },
    "done": true
  },
  "handcrafted:recipes/misc/skeleton_horse_trophy": {
    "criteria": {
      "has_skeleton_horse_trophy": "2024-07-14 00:10:41 +0000"
    },
    "done": true
  },
  "minecraft:story/root": {
    "criteria": {
      "crafting_table": "2024-07-14 00:10:41 +0000"
    },
    "done": true
  },
  "handcrafted:recipes/misc/wither_skeleton_trophy": {
    "criteria": {
      "has_wither_skeleton_trophy": "2024-07-14 00:10:41 +0000"
    },
    "done": true
  },
  "minecraft:adventure/root": {
    "criteria": {
      "killed_something": "2024-07-14 00:11:02 +0000"
    },
    "done": true
  },
  "minecraft:recipes/food/cooked_mutton_from_smoking": {
    "criteria": {
      "has_mutton": "2024-07-14 00:11:03 +0000"
    },
    "done": true
  },
  "handcrafted:recipes/misc/white_sheet": {
    "criteria": {
      "has_white_sheet": "2024-07-14 00:11:03 +0000"
    },
    "done": true
  },
  "comforts:sleeping_bag_white": {
    "criteria": {
      "has_white_wool": "2024-07-14 00:11:03 +0000"
    },
    "done": true
  },
  "doggytalents:recipes/decorations/conan_suit": {
    "criteria": {
      "has_wool": "2024-07-14 00:11:03 +0000"
    },
    "done": true
  },
  "minecraft:recipes/decorations/white_bed": {
    "criteria": {
      "has_white_wool": "2024-07-14 00:11:03 +0000"
    },
    "done": true
  },
  "doggytalents:recipes/decorations/dog_plushie_toy_item": {
    "criteria": {
      "has_white_wool": "2024-07-14 00:11:03 +0000"
    },
    "done": true
  },
  "player_companions:recipes/tame_raw_mutton_from_raw_mutton": {
    "criteria": {
      "has_mutton": "2024-07-14 00:11:03 +0000"
    },
    "done": true
  },
  "iceandfire:recipes/misc/dragon_meal": {
    "criteria": {
      "has_item": "2024-07-14 00:11:03 +0000"
    },
    "done": true
  },
  "minecraft:recipes/decorations/painting": {
    "criteria": {
      "has_wool": "2024-07-14 00:11:03 +0000"
    },
    "done": true
  },
  "doggytalents:recipes/decorations/lab_coat": {
    "criteria": {
      "has_wool": "2024-07-14 00:11:03 +0000"
    },
    "done": true
  },
  "minecolonies:recipes/misc/blockconstructiontape": {
    "criteria": {
      "has_wool": "2024-07-14 00:11:03 +0000"
    },
    "done": true
  },
  "handcrafted:recipes/misc/white_cushion": {
    "criteria": {
      "has_white_cushion": "2024-07-14 00:11:03 +0000"
    },
    "done": true
  },
  "minecraft:recipes/decorations/white_carpet": {
    "criteria": {
      "has_white_wool": "2024-07-14 00:11:03 +0000"
    },
    "done": true
  },
  "doggytalents:recipes/decorations/beastars_uniform_male": {
    "criteria": {
      "has_wool": "2024-07-14 00:11:03 +0000"
    },
    "done": true
  },
  "immersive_armors:recipes/misc/robe": {
    "criteria": {
      "has_item": "2024-07-14 00:11:03 +0000"
    },
    "done": true
  },
  "minecraft:recipes/food/cooked_mutton": {
    "criteria": {
      "has_mutton": "2024-07-14 00:11:03 +0000"
    },
    "done": true
  },
  "minecraft:recipes/decorations/white_banner": {
    "criteria": {
      "has_white_wool": "2024-07-14 00:11:03 +0000"
    },
    "done": true
  },
  "minecraft:recipes/food/cooked_mutton_from_campfire_cooking": {
    "criteria": {
      "has_mutton": "2024-07-14 00:11:03 +0000"
    },
    "done": true
  },
  "farmersdelight:recipes/cooking/pasta_with_mutton_chop": {
    "criteria": {
      "has_any_ingredient": "2024-07-14 00:11:03 +0000"
    },
    "done": true
  },
  "comforts:hammock_white": {
    "criteria": {
      "has_white_wool": "2024-07-14 00:11:03 +0000"
    },
    "done": true
  },
  "doggytalents:recipes/building_blocks/dog_bed_def": {
    "criteria": {
      "has_wool": "2024-07-14 00:11:03 +0000"
    },
    "done": true
  },
  "doggytalents:recipes/decorations/beastars_uniform_female": {
    "criteria": {
      "has_wool": "2024-07-14 00:11:03 +0000"
    },
    "done": true
  },
  "minecraft:recipes/food/cooked_porkchop": {
    "criteria": {
      "has_porkchop": "2024-07-14 00:11:37 +0000"
    },
    "done": true
  },
  "minecraft:recipes/food/cooked_porkchop_from_smoking": {
    "criteria": {
      "has_porkchop": "2024-07-14 00:11:37 +0000"
    },
    "done": true
  },
  "farmersdelight:recipes/cooking/noodle_soup": {
    "criteria": {
      "has_any_ingredient": "2024-07-14 00:11:37 +0000"
    },
    "done": true
  },
  "minecraft:recipes/food/cooked_porkchop_from_campfire_cooking": {
    "criteria": {
      "has_porkchop": "2024-07-14 00:11:37 +0000"
    },
    "done": true
  },
  "farmersdelight:recipes/cooking/pumpkin_soup": {
    "criteria": {
      "has_any_ingredient": "2024-07-14 00:11:37 +0000"
    },
    "done": true
  },
  "farmersdelight:recipes/cooking/stuffed_pumpkin_block": {
    "criteria": {
      "has_pumpkin": "2024-07-14 00:12:07 +0000"
    },
    "done": true
  },
  "minecraft:recipes/food/pumpkin_pie": {
    "criteria": {
      "has_pumpkin": "2024-07-14 00:12:07 +0000"
    },
    "done": true
  },
  "minecraft:recipes/misc/pumpkin_seeds": {
    "criteria": {
      "has_pumpkin": "2024-07-14 00:12:07 +0000"
    },
    "done": true
  },
  "minecraft:story/mine_stone": {
    "criteria": {
      "get_stone": "2024-07-14 00:12:54 +0000"
    },
    "done": true
  },
  "minecraft:recipes/decorations/furnace": {
    "criteria": {
      "has_cobblestone": "2024-07-14 00:12:54 +0000"
    },
    "done": true
  },
  "minecraft:recipes/building_blocks/cobblestone_slab_from_cobblestone_stonecutting": {
    "criteria": {
      "has_cobblestone": "2024-07-14 00:12:54 +0000"
    },
    "done": true
  },
  "minecraft:recipes/building_blocks/stone": {
    "criteria": {
      "has_cobblestone": "2024-07-14 00:12:54 +0000"
    },
    "done": true
  },
  "minecraft:recipes/tools/stone_pickaxe": {
    "criteria": {
      "has_cobblestone": "2024-07-14 00:12:54 +0000"
    },
    "done": true
  },
  "domum_ornamentum:recipes/tools/cobblestone_extra": {
    "criteria": {
      "has_material": "2024-07-14 00:12:54 +0000"
    },
    "done": true
  },
  "minecraft:recipes/building_blocks/cobblestone_slab": {
    "criteria": {
      "has_cobblestone": "2024-07-14 00:12:54 +0000"
    },
    "done": true
  },
  "mca:recipes/building_blocks/headstones": {
    "criteria": {
      "has_ingredients": "2024-07-14 00:12:54 +0000"
    },
    "done": true
  },
  "minecraft:recipes/decorations/cobblestone_wall_from_cobblestone_stonecutting": {
    "criteria": {
      "has_cobblestone": "2024-07-14 00:12:54 +0000"
    },
    "done": true
  },
  "minecraft:recipes/building_blocks/cobblestone_stairs": {
    "criteria": {
      "has_cobblestone": "2024-07-14 00:12:54 +0000"
    },
    "done": true
  },
  "minecraft:recipes/tools/stone_shovel": {
    "criteria": {
      "has_cobblestone": "2024-07-14 00:12:54 +0000"
    },
    "done": true
  },
  "minecraft:recipes/redstone/lever": {
    "criteria": {
      "has_cobblestone": "2024-07-14 00:12:54 +0000"
    },
    "done": true
  },
  "domum_ornamentum:recipes/tools/blue_cobblestone_extra": {
    "criteria": {
      "has_material": "2024-07-14 00:12:54 +0000"
    },
    "done": true
  },
  "minecraft:recipes/combat/stone_sword": {
    "criteria": {
      "has_cobblestone": "2024-07-14 00:12:54 +0000"
    },
    "done": true
  },
  "minecraft:recipes/decorations/cobblestone_wall": {
    "criteria": {
      "has_cobblestone": "2024-07-14 00:12:54 +0000"
    },
    "done": true
  },
  "minecraft:recipes/tools/stone_axe": {
    "criteria": {
      "has_cobblestone": "2024-07-14 00:12:54 +0000"
    },
    "done": true
  },
  "domum_ornamentum:recipes/tools/green_cobblestone_extra": {
    "criteria": {
      "has_material": "2024-07-14 00:12:54 +0000"
    },
    "done": true
  },
  "minecraft:recipes/building_blocks/cobblestone_stairs_from_cobblestone_stonecutting": {
    "criteria": {
      "has_cobblestone": "2024-07-14 00:12:54 +0000"
    },
    "done": true
  },
  "minecraft:recipes/tools/stone_hoe": {
    "criteria": {
      "has_cobblestone": "2024-07-14 00:12:54 +0000"
    },
    "done": true
  },
  "domum_ornamentum:recipes/tools/purple_cobblestone_extra": {
    "criteria": {
      "has_material": "2024-07-14 00:12:54 +0000"
    },
    "done": true
  },
  "minecraft:recipes/decorations/smoker": {
    "criteria": {
      "has_furnace": "2024-07-14 00:13:28 +0000"
    },
    "done": true
  },
  "mca:recipes/misc/bouquet": {
    "criteria": {
      "has_item": "2024-07-14 00:13:40 +0000"
    },
    "done": true
  },
  "regions_unexplored:recipes/misc/magenta_dye_from_fireweed": {
    "criteria": {
      "has_fireweed": "2024-07-14 00:13:40 +0000"
    },
    "done": true
  },
  "regions_unexplored:recipes/decorations/silver_birch_branch_from_silver_birch_log": {
    "criteria": {
      "has_log": "2024-07-14 00:14:09 +0000"
    },
    "done": true
  },
  "minecraft:recipes/building_blocks/birch_planks": {
    "criteria": {
      "has_logs": "2024-07-14 00:14:09 +0000"
    },
    "done": true
  },
  "regions_unexplored:got_wood": {
    "criteria": {
      "willow_log": "2024-07-14 01:04:27 +0000",
      "pine_log": "2024-07-14 03:16:54 +0000",
      "silver_birch_log": "2024-07-14 00:14:09 +0000",
      "small_oak_log": "2024-07-14 02:53:00 +0000"
    },
    "done": false
  },
  "regions_unexplored:recipes/building_blocks/silver_birch_wood": {
    "criteria": {
      "has_log": "2024-07-14 00:14:09 +0000"
    },
    "done": true
  },
  "regions_unexplored:recipes/decorations/silver_birch_shrub": {
    "criteria": {
      "has_silver_birch_sapling": "2024-07-14 00:14:12 +0000"
    },
    "done": true
  },
  "farmersdelight:recipes/food/roasted_mutton_chops": {
    "criteria": {
      "has_mutton": "2024-07-14 00:14:49 +0000"
    },
    "done": true
  },
  "farmersdelight:recipes/food/shepherds_pie_block": {
    "criteria": {
      "has_cooked_mutton": "2024-07-14 00:14:49 +0000"
    },
    "done": true
  },
  "farmersdelight:recipes/food/mutton_wrap": {
    "criteria": {
      "has_mutton": "2024-07-14 00:14:49 +0000"
    },
    "done": true
  },
  "minecraft:recipes/redstone/birch_button": {
    "criteria": {
      "has_planks": "2024-07-14 00:15:04 +0000"
    },
    "done": true
  },
  "minecraft:recipes/redstone/birch_door": {
    "criteria": {
      "has_planks": "2024-07-14 00:15:04 +0000"
    },
    "done": true
  },
  "minecraft:recipes/decorations/birch_fence": {
    "criteria": {
      "has_planks": "2024-07-14 00:15:04 +0000"
    },
    "done": true
  },
  "handcrafted:recipes/misc/birch_shelf": {
    "criteria": {
      "has_birch_shelf": "2024-07-14 00:15:04 +0000"
    },
    "done": true
  },
  "minecraft:recipes/decorations/birch_sign": {
    "criteria": {
      "has_planks": "2024-07-14 00:15:04 +0000"
    },
    "done": true
  },
  "handcrafted:recipes/misc/birch_nightstand": {
    "criteria": {
      "has_birch_nightstand": "2024-07-14 00:15:04 +0000"
    },
    "done": true
  },
  "minecraft:recipes/redstone/birch_fence_gate": {
    "criteria": {
      "has_planks": "2024-07-14 00:15:04 +0000"
    },
    "done": true
  },
  "handcrafted:recipes/misc/birch_table": {
    "criteria": {
      "has_birch_table": "2024-07-14 00:15:04 +0000"
    },
    "done": true
  },
  "minecraft:recipes/building_blocks/birch_slab": {
    "criteria": {
      "has_planks": "2024-07-14 00:15:04 +0000"
    },
    "done": true
  },
  "minecraft:recipes/building_blocks/birch_stairs": {
    "criteria": {
      "has_planks": "2024-07-14 00:15:04 +0000"
    },
    "done": true
  },
  "handcrafted:recipes/misc/birch_cupboard": {
    "criteria": {
      "has_birch_cupboard": "2024-07-14 00:15:04 +0000"
    },
    "done": true
  },
  "handcrafted:recipes/misc/birch_side_table": {
    "criteria": {
      "has_birch_side_table": "2024-07-14 00:15:04 +0000"
    },
    "done": true
  },
  "handcrafted:recipes/misc/birch_counter": {
    "criteria": {
      "has_birch_counter": "2024-07-14 00:15:04 +0000"
    },
    "done": true
  },
  "handcrafted:recipes/misc/birch_corner_trim": {
    "criteria": {
      "has_birch_corner_trim": "2024-07-14 00:15:04 +0000"
    },
    "done": true
  },
  "handcrafted:recipes/misc/birch_desk": {
    "criteria": {
      "has_birch_desk": "2024-07-14 00:15:04 +0000"
    },
    "done": true
  },
  "handcrafted:recipes/misc/birch_couch": {
    "criteria": {
      "has_birch_couch": "2024-07-14 00:15:04 +0000"
    },
    "done": true
  },
  "handcrafted:recipes/misc/birch_fancy_bed": {
    "criteria": {
      "has_birch_fancy_bed": "2024-07-14 00:15:04 +0000"
    },
    "done": true
  },
  "handcrafted:recipes/misc/birch_pillar_trim": {
    "criteria": {
      "has_birch_pillar_trim": "2024-07-14 00:15:04 +0000"
    },
    "done": true
  },
  "handcrafted:recipes/misc/birch_dining_bench": {
    "criteria": {
      "has_birch_dining_bench": "2024-07-14 00:15:04 +0000"
    },
    "done": true
  },
  "handcrafted:recipes/misc/birch_chair": {
    "criteria": {
      "has_birch_chair": "2024-07-14 00:15:04 +0000"
    },
    "done": true
  },
  "minecraft:recipes/redstone/birch_trapdoor": {
    "criteria": {
      "has_planks": "2024-07-14 00:15:04 +0000"
    },
    "done": true
  },
  "handcrafted:recipes/misc/birch_bench": {
    "criteria": {
      "has_birch_bench": "2024-07-14 00:15:04 +0000"
    },
    "done": true
  },
  "handcrafted:recipes/misc/birch_drawer": {
    "criteria": {
      "has_birch_drawer": "2024-07-14 00:15:04 +0000"
    },
    "done": true
  },
  "minecraft:recipes/redstone/birch_pressure_plate": {
    "criteria": {
      "has_planks": "2024-07-14 00:15:04 +0000"
    },
    "done": true
  },
  "minecraft:husbandry/balanced_diet": {
    "criteria": {
      "cooked_porkchop": "2024-07-14 00:40:28 +0000",
      "cooked_mutton": "2024-07-14 00:15:19 +0000",
      "bread": "2024-07-14 04:30:50 +0000",
      "rotten_flesh": "2024-07-14 02:32:08 +0000",
      "cooked_chicken": "2024-07-14 04:27:57 +0000"
    },
    "done": false
  },
  "doggytalents:recipes/food/breeding_bone": {
    "criteria": {
      "has_cooked_porkchop": "2024-07-14 00:17:49 +0000"
    },
    "done": true
  },
  "doggytalents:recipes/food/sausage": {
    "criteria": {
      "has_cooked_porkchop": "2024-07-14 00:17:49 +0000"
    },
    "done": true
  },
  "gnumus:fatty_demon": {
    "criteria": {
      "fatty_demon": "2024-07-14 00:18:32 +0000"
    },
    "done": true
  },
  "minecraft:recipes/building_blocks/coal_block": {
    "criteria": {
      "has_coal": "2024-07-14 00:21:00 +0000"
    },
    "done": true
  },
  "minecraft:recipes/decorations/torch": {
    "criteria": {
      "has_stone_pickaxe": "2024-07-14 00:22:16 +0000"
    },
    "done": true
  },
  "minecraft:story/upgrade_tools": {
    "criteria": {
      "stone_pickaxe": "2024-07-14 00:22:16 +0000"
    },
    "done": true
  },
  "iceandfire:iceandfire/rotten_egg": {
    "criteria": {
      "bestiary": "2024-07-14 00:24:03 +0000"
    },
    "done": true
  },
  "regions_unexplored:recipes/misc/purple_dye_from_hyssop": {
    "criteria": {
      "has_hyssop": "2024-07-14 00:24:48 +0000"
    },
    "done": true
  },
  "minecraft:adventure/kill_all_mobs": {
    "criteria": {
      "minecraft:pillager": "2024-07-14 00:26:00 +0000",
      "minecraft:husk": "2024-07-14 03:28:13 +0000",
      "minecraft:zombie": "2024-07-14 01:36:34 +0000",
      "minecraft:zombie_villager": "2024-07-14 02:44:12 +0000"
    },
    "done": false
  },
  "minecraft:adventure/kill_a_mob": {
    "criteria": {
      "minecraft:pillager": "2024-07-14 00:26:00 +0000"
    },
    "done": true
  },
  "minecraft:recipes/building_blocks/emerald_block": {
    "criteria": {
      "has_emerald": "2024-07-14 00:27:07 +0000"
    },
    "done": true
  },
  "minecraft:recipes/tools/golden_axe": {
    "criteria": {
      "has_gold_ingot": "2024-07-14 00:27:12 +0000"
    },
    "done": true
  },
  "minecraft:recipes/tools/golden_pickaxe": {
    "criteria": {
      "has_gold_ingot": "2024-07-14 00:27:12 +0000"
    },
    "done": true
  },
  "minecraft:recipes/misc/gold_nugget": {
    "criteria": {
      "has_gold_ingot": "2024-07-14 00:27:12 +0000"
    },
    "done": true
  },
  "minecraft:recipes/tools/golden_shovel": {
    "criteria": {
      "has_gold_ingot": "2024-07-14 00:27:12 +0000"
    },
    "done": true
  },
  "minecraft:recipes/food/golden_apple": {
    "criteria": {
      "has_gold_ingot": "2024-07-14 00:27:12 +0000"
    },
    "done": true
  },
  "minecraft:recipes/combat/golden_boots": {
    "criteria": {
      "has_gold_ingot": "2024-07-14 00:27:12 +0000"
    },
    "done": true
  },
  "minecraft:recipes/combat/golden_chestplate": {
    "criteria": {
      "has_gold_ingot": "2024-07-14 00:27:12 +0000"
    },
    "done": true
  },
  "farmersdelight:recipes/combat/golden_knife": {
    "criteria": {
      "has_gold_ingot": "2024-07-14 00:27:12 +0000"
    },
    "done": true
  },
  "farmersdelight:recipes/cooking/apple_cider": {
    "criteria": {
      "has_apple": "2024-07-14 00:27:12 +0000"
    },
    "done": true
  },
  "minecraft:recipes/redstone/light_weighted_pressure_plate": {
    "criteria": {
      "has_gold_ingot": "2024-07-14 00:27:12 +0000"
    },
    "done": true
  },
  "minecraft:recipes/combat/golden_sword": {
    "criteria": {
      "has_gold_ingot": "2024-07-14 00:27:12 +0000"
    },
    "done": true
  },
  "minecraft:recipes/building_blocks/gold_block": {
    "criteria": {
      "has_gold_ingot": "2024-07-14 00:27:12 +0000"
    },
    "done": true
  },
  "doggytalents:recipes/tools/shrinking_mallet": {
    "criteria": {
      "has_gold_ingot": "2024-07-14 00:27:12 +0000"
    },
    "done": true
  },
  "player_companions:recipes/tame_apple_from_apple": {
    "criteria": {
      "has_apple": "2024-07-14 00:27:12 +0000"
    },
    "done": true
  },
  "minecraft:recipes/combat/golden_helmet": {
    "criteria": {
      "has_gold_ingot": "2024-07-14 00:27:12 +0000"
    },
    "done": true
  },
  "doggytalents:recipes/tools/magnifying_bone": {
    "criteria": {
      "has_gold_ingot": "2024-07-14 00:27:12 +0000"
    },
    "done": true
  },
  "doggytalents:recipes/tools/canine_tracker": {
    "criteria": {
      "has_gold_ingot": "2024-07-14 00:27:12 +0000"
    },
    "done": true
  },
  "minecraft:recipes/tools/golden_hoe": {
    "criteria": {
      "has_gold_ingot": "2024-07-14 00:27:12 +0000"
    },
    "done": true
  },
  "minecraft:recipes/combat/golden_leggings": {
    "criteria": {
      "has_gold_ingot": "2024-07-14 00:27:12 +0000"
    },
    "done": true
  },
  "minecraft:recipes/redstone/target": {
    "criteria": {
      "has_hay_block": "2024-07-14 00:27:18 +0000"
    },
    "done": true
  },
  "minecraft:recipes/misc/wheat": {
    "criteria": {
      "has_hay_block": "2024-07-14 00:27:18 +0000"
    },
    "done": true
  },
  "minecraft:recipes/food/bread": {
    "criteria": {
      "has_wheat": "2024-07-14 00:27:58 +0000"
    },
    "done": true
  },
  "minecraft:recipes/building_blocks/hay_block": {
    "criteria": {
      "has_wheat": "2024-07-14 00:27:58 +0000"
    },
    "done": true
  },
  "domum_ornamentum:recipes/tools/wheat_extra": {
    "criteria": {
      "has_material": "2024-07-14 00:27:58 +0000"
    },
    "done": true
  },
  "player_companions:recipes/tame_wheat_seed_from_wheat_seed": {
    "criteria": {
      "has_wheat": "2024-07-14 00:27:58 +0000"
    },
    "done": true
  },
  "farmersdelight:recipes/food/pie_crust": {
    "criteria": {
      "has_wheat": "2024-07-14 00:27:58 +0000"
    },
    "done": true
  },
  "farmersdelight:recipes/food/wheat_dough_from_eggs": {
    "criteria": {
      "has_wheat": "2024-07-14 00:27:58 +0000"
    },
    "done": true
  },
  "farmersdelight:recipes/food/wheat_dough_from_water": {
    "criteria": {
      "has_wheat": "2024-07-14 00:27:58 +0000"
    },
    "done": true
  },
  "minecraft:husbandry/breed_an_animal": {
    "criteria": {
      "bred": "2024-07-14 00:31:58 +0000"
    },
    "done": true
  },
  "minecraft:husbandry/bred_all_animals": {
    "criteria": {
      "minecraft:sheep": "2024-07-14 00:31:58 +0000"
    },
    "done": false
  },
  "minecraft:adventure/sleep_in_bed": {
    "criteria": {
      "slept_in_bed": "2024-07-14 00:32:33 +0000"
    },
    "done": true
  },
  "regions_unexplored:recipes/misc/light_gray_dye_from_daisy": {
    "criteria": {
      "has_daisy": "2024-07-14 00:32:59 +0000"
    },
    "done": true
  },
  "regions_unexplored:recipes/misc/orange_dye_from_orange_coneflower": {
    "criteria": {
      "has_orange_coneflower": "2024-07-14 00:41:32 +0000"
    },
    "done": true
  },
  "regions_unexplored:recipes/misc/red_dye_from_poppy_bush": {
    "criteria": {
      "has_poppy_bush": "2024-07-14 00:42:14 +0000"
    },
    "done": true
  },
  "regions_unexplored:recipes/misc/pink_dye_from_salmon_poppy_bush": {
    "criteria": {
      "has_salmon_poppy_bush": "2024-07-14 00:42:23 +0000"
    },
    "done": true
  },
  "farmersdelight:recipes/building_blocks/organic_compost_from_rotten_flesh": {
    "criteria": {
      "has_rotten_flesh": "2024-07-14 00:47:54 +0000"
    },
    "done": true
  },
  "iceandfire:iceandfire/tame_cockatrice": {
    "criteria": {
      "tame_rat": "2024-07-14 00:57:55 +0000"
    },
    "done": true
  },
  "farmersdelight:recipes/decorations/stove": {
    "criteria": {
      "has_campfire": "2024-07-14 00:58:38 +0000"
    },
    "done": true
  },
  "farmersdelight:main/place_campfire": {
    "criteria": {
      "campfire": "2024-07-14 00:58:47 +0000"
    },
    "done": true
  },
  "minecolonies:recipes/misc/supplycampdeployer": {
    "criteria": {
      "has_chest": "2024-07-14 00:59:43 +0000"
    },
    "done": true
  },
  "littlelogistics:recipes/transportation/barge": {
    "criteria": {
      "has_item": "2024-07-14 00:59:43 +0000"
    },
    "done": true
  },
  "packedup:recipes/misc/basic_from_chest": {
    "criteria": {
      "recipe_condition": "2024-07-14 00:59:43 +0000"
    },
    "done": true
  },
  "minecraft:recipes/misc/paper": {
    "criteria": {
      "has_reeds": "2024-07-14 01:02:44 +0000"
    },
    "done": true
  },
  "minecraft:recipes/misc/sugar_from_sugar_cane": {
    "criteria": {
      "has_sugar_cane": "2024-07-14 01:02:44 +0000"
    },
    "done": true
  },
  "farmersdelight:main/plant_all_crops": {
    "criteria": {
      "sweet_berries": "2024-07-14 04:40:57 +0000",
      "beetroot": "2024-07-14 04:40:38 +0000",
      "sugar_cane": "2024-07-14 01:02:47 +0000",
      "potato": "2024-07-14 04:40:24 +0000",
      "wheat": "2024-07-14 02:21:24 +0000",
      "carrot": "2024-07-14 04:40:32 +0000"
    },
    "done": false
  },
  "regions_unexplored:recipes/decorations/willow_branch_from_willow_log": {
    "criteria": {
      "has_log": "2024-07-14 01:04:27 +0000"
    },
    "done": true
  },
  "regions_unexplored:recipes/building_blocks/willow_wood": {
    "criteria": {
      "has_log": "2024-07-14 01:04:27 +0000"
    },
    "done": true
  },
  "regions_unexplored:recipes/building_blocks/willow_planks": {
    "criteria": {
      "has_logs": "2024-07-14 01:04:27 +0000"
    },
    "done": true
  },
  "regions_unexplored:recipes/decorations/willow_shrub": {
    "criteria": {
      "has_willow_sapling": "2024-07-14 01:04:28 +0000"
    },
    "done": true
  },
  "regions_unexplored:recipes/misc/willow_sapling_from_willow_shrub": {
    "criteria": {
      "has_willow_shrub": "2024-07-14 01:05:18 +0000"
    },
    "done": true
  },
  "regions_unexplored:recipes/redstone/willow_trapdoor": {
    "criteria": {
      "has_willow_planks": "2024-07-14 01:06:24 +0000"
    },
    "done": true
  },
  "regions_unexplored:recipes/redstone/willow_button": {
    "criteria": {
      "has_willow_planks": "2024-07-14 01:06:24 +0000"
    },
    "done": true
  },
  "regions_unexplored:recipes/redstone/willow_door": {
    "criteria": {
      "has_willow_planks": "2024-07-14 01:06:24 +0000"
    },
    "done": true
  },
  "regions_unexplored:recipes/decorations/willow_sign": {
    "criteria": {
      "has_willow_planks": "2024-07-14 01:06:24 +0000"
    },
    "done": true
  },
  "regions_unexplored:recipes/redstone/willow_fence_gate": {
    "criteria": {
      "has_willow_planks": "2024-07-14 01:06:24 +0000"
    },
    "done": true
  },
  "regions_unexplored:recipes/redstone/willow_pressure_plate": {
    "criteria": {
      "has_willow_planks": "2024-07-14 01:06:24 +0000"
    },
    "done": true
  },
  "regions_unexplored:recipes/decorations/willow_fence": {
    "criteria": {
      "has_willow_planks": "2024-07-14 01:06:24 +0000"
    },
    "done": true
  },
  "regions_unexplored:recipes/building_blocks/willow_stairs": {
    "criteria": {
      "has_willow_planks": "2024-07-14 01:06:24 +0000"
    },
    "done": true
  },
  "regions_unexplored:recipes/building_blocks/willow_slab": {
    "criteria": {
      "has_willow_planks": "2024-07-14 01:06:24 +0000"
    },
    "done": true
  },
  "handcrafted:recipes/misc/wood_cup": {
    "criteria": {
      "has_wood_cup": "2024-07-14 01:06:49 +0000"
    },
    "done": true
  },
  "minecraft:recipes/decorations/composter": {
    "criteria": {
      "has_wood_slab": "2024-07-14 01:06:49 +0000"
    },
    "done": true
  },
  "handcrafted:recipes/misc/wood_bowl": {
    "criteria": {
      "has_wood_bowl": "2024-07-14 01:06:49 +0000"
    },
    "done": true
  },
  "handcrafted:recipes/misc/wood_plate": {
    "criteria": {
      "has_wood_plate": "2024-07-14 01:06:49 +0000"
    },
    "done": true
  },
  "doggytalents:recipes/decorations/baker_hat": {
    "criteria": {
      "has_bread": "2024-07-14 01:09:36 +0000"
    },
    "done": true
  },
  "doggytalents:recipes/decorations/hot_dog": {
    "criteria": {
      "has_bread": "2024-07-14 01:09:36 +0000"
    },
    "done": true
  },
  "minecraft:recipes/building_blocks/stone_bricks": {
    "criteria": {
      "has_stone": "2024-07-14 01:11:57 +0000"
    },
    "done": true
  },
  "regions_unexplored:recipes/building_blocks/prismoss": {
    "criteria": {
      "has_stone": "2024-07-14 01:11:57 +0000"
    },
    "done": true
  },
  "regions_unexplored:recipes/building_blocks/stone_grass_block": {
    "criteria": {
      "has_stone": "2024-07-14 01:11:57 +0000"
    },
    "done": true
  },
  "handcrafted:recipes/misc/creeper_trophy": {
    "criteria": {
      "has_creeper_trophy": "2024-07-14 01:11:57 +0000"
    },
    "done": true
  },
  "minecraft:recipes/building_blocks/stone_bricks_from_stone_stonecutting": {
    "criteria": {
      "has_stone": "2024-07-14 01:11:57 +0000"
    },
    "done": true
  },
  "minecraft:recipes/building_blocks/stone_slab": {
    "criteria": {
      "has_stone": "2024-07-14 01:11:57 +0000"
    },
    "done": true
  },
  "minecraft:recipes/building_blocks/stone_stairs_from_stone_stonecutting": {
    "criteria": {
      "has_stone": "2024-07-14 01:11:57 +0000"
    },
    "done": true
  },
  "minecraft:recipes/redstone/stone_button": {
    "criteria": {
      "has_stone": "2024-07-14 01:11:57 +0000"
    },
    "done": true
  },
  "minecraft:recipes/redstone/stone_pressure_plate": {
    "criteria": {
      "has_stone": "2024-07-14 01:11:57 +0000"
    },
    "done": true
  },
  "handcrafted:recipes/misc/vindicator_trophy": {
    "criteria": {
      "has_vindicator_trophy": "2024-07-14 01:11:57 +0000"
    },
    "done": true
  },
  "handcrafted:recipes/misc/evoker_trophy": {
    "criteria": {
      "has_evoker_trophy": "2024-07-14 01:11:57 +0000"
    },
    "done": true
  },
  "handcrafted:recipes/misc/pillager_trophy": {
    "criteria": {
      "has_pillager_trophy": "2024-07-14 01:11:57 +0000"
    },
    "done": true
  },
  "handcrafted:recipes/misc/skeleton_trophy": {
    "criteria": {
      "has_skeleton_trophy": "2024-07-14 01:11:57 +0000"
    },
    "done": true
  },
  "minecraft:recipes/building_blocks/stone_stairs": {
    "criteria": {
      "has_stone": "2024-07-14 01:11:57 +0000"
    },
    "done": true
  },
  "handcrafted:recipes/misc/stone_corner_trim": {
    "criteria": {
      "has_stone_corner_trim": "2024-07-14 01:11:57 +0000"
    },
    "done": true
  },
  "minecraft:recipes/decorations/stonecutter": {
    "criteria": {
      "has_stone": "2024-07-14 01:11:57 +0000"
    },
    "done": true
  },
  "minecraft:recipes/building_blocks/smooth_stone": {
    "criteria": {
      "has_stone": "2024-07-14 01:11:57 +0000"
    },
    "done": true
  },
  "minecraft:recipes/decorations/stone_brick_walls_from_stone_stonecutting": {
    "criteria": {
      "has_stone": "2024-07-14 01:11:57 +0000"
    },
    "done": true
  },
  "minecraft:recipes/building_blocks/stone_brick_slab_from_stone_stonecutting": {
    "criteria": {
      "has_stone": "2024-07-14 01:11:57 +0000"
    },
    "done": true
  },
  "minecraft:recipes/building_blocks/stone_brick_stairs_from_stone_stonecutting": {
    "criteria": {
      "has_stone": "2024-07-14 01:11:57 +0000"
    },
    "done": true
  },
  "minecraft:recipes/building_blocks/stone_slab_from_stone_stonecutting": {
    "criteria": {
      "has_stone": "2024-07-14 01:11:57 +0000"
    },
    "done": true
  },
  "handcrafted:recipes/misc/witch_trophy": {
    "criteria": {
      "has_witch_trophy": "2024-07-14 01:11:57 +0000"
    },
    "done": true
  },
  "regions_unexplored:recipes/building_blocks/viridescent_nylium": {
    "criteria": {
      "has_stone": "2024-07-14 01:11:57 +0000"
    },
    "done": true
  },
  "minecraft:recipes/building_blocks/chiseled_stone_bricks_stone_from_stonecutting": {
    "criteria": {
      "has_stone": "2024-07-14 01:11:57 +0000"
    },
    "done": true
  },
  "handcrafted:recipes/misc/stone_pillar_trim": {
    "criteria": {
      "has_stone_pillar_trim": "2024-07-14 01:11:57 +0000"
    },
    "done": true
  },
  "regions_unexplored:recipes/building_blocks/mossy_stone": {
    "criteria": {
      "has_stone": "2024-07-14 01:11:57 +0000"
    },
    "done": true
  },
  "regions_unexplored:recipes/misc/light_gray_dye_from_tassel": {
    "criteria": {
      "has_tassel": "2024-07-14 01:32:49 +0000"
    },
    "done": true
  },
  "born_in_chaos_v1:dark_metallurgy": {
    "criteria": {
      "dark_metallurgy_0": "2024-07-14 01:43:30 +0000"
    },
    "done": true
  },
  "minecraft:husbandry/plant_seed": {
    "criteria": {
      "wheat": "2024-07-14 02:21:24 +0000"
    },
    "done": true
  },
  "regions_unexplored:recipes/misc/light_blue_dye_from_aster": {
    "criteria": {
      "has_aster": "2024-07-14 02:22:35 +0000"
    },
    "done": true
  },
  "minecraft:recipes/misc/light_gray_dye_from_white_tulip": {
    "criteria": {
      "has_white_tulip": "2024-07-14 02:36:07 +0000"
    },
    "done": true
  },
  "regions_unexplored:recipes/misc/red_maple_sapling_from_red_maple_shrub": {
    "criteria": {
      "has_red_maple_shrub": "2024-07-14 02:38:34 +0000"
    },
    "done": true
  },
  "regions_unexplored:recipes/misc/pink_dye_from_pink_lupine": {
    "criteria": {
      "has_pink_lupine": "2024-07-14 02:49:02 +0000"
    },
    "done": true
  },
  "regions_unexplored:recipes/misc/purple_dye_from_purple_lupine": {
    "criteria": {
      "has_purple_lupine": "2024-07-14 02:49:02 +0000"
    },
    "done": true
  },
  "minecraft:recipes/food/cooked_chicken_from_campfire_cooking": {
    "criteria": {
      "has_chicken": "2024-07-14 02:52:09 +0000"
    },
    "done": true
  },
  "farmersdelight:recipes/cooking/chicken_soup": {
    "criteria": {
      "has_any_ingredient": "2024-07-14 02:52:09 +0000"
    },
    "done": true
  },
  "minecraft:recipes/food/cooked_chicken_from_smoking": {
    "criteria": {
      "has_chicken": "2024-07-14 02:52:09 +0000"
    },
    "done": true
  },
  "minecraft:recipes/food/cooked_chicken": {
    "criteria": {
      "has_chicken": "2024-07-14 02:52:09 +0000"
    },
    "done": true
  },
  "doggytalents:recipes/tools/feathered_mantle": {
    "criteria": {
      "has_feather": "2024-07-14 02:52:15 +0000"
    },
    "done": true
  },
  "minecraft:recipes/combat/arrow": {
    "criteria": {
      "has_feather": "2024-07-14 02:52:15 +0000"
    },
    "done": true
  },
  "regions_unexplored:recipes/misc/blue_magnolia_sapling_from_blue_magnolia_shrub": {
    "criteria": {
      "has_blue_magnolia_shrub": "2024-07-14 02:52:18 +0000"
    },
    "done": true
  },
  "doggytalents:recipes/misc/rice_mill": {
    "criteria": {
      "has_paddy_rice_dtn": "2024-07-14 02:58:45 +0000"
    },
    "done": true
  },
  "doggytalents:recipes/food/rice_grains": {
    "criteria": {
      "has_dtn_rice_wheat": "2024-07-14 02:58:45 +0000"
    },
    "done": true
  },
  "minecraft:recipes/decorations/brown_banner": {
    "criteria": {
      "has_brown_wool": "2024-07-14 03:18:14 +0000"
    },
    "done": true
  },
  "regions_unexplored:recipes/building_blocks/pine_planks": {
    "criteria": {
      "has_logs": "2024-07-14 03:16:54 +0000"
    },
    "done": true
  },
  "littlelogistics:recipes/transportation/seater_car": {
    "criteria": {
      "has_item": "2024-07-14 04:31:25 +0000"
    },
    "done": true
  },
  "minecraft:recipes/decorations/orange_bed": {
    "criteria": {
      "has_orange_wool": "2024-07-14 03:30:05 +0000"
    },
    "done": true
  },
  "minecraft:recipes/decorations/brown_bed": {
    "criteria": {
      "has_brown_wool": "2024-07-14 03:18:14 +0000"
    },
    "done": true
  },
  "farmersdelight:recipes/cooking/rabbit_stew": {
    "criteria": {
      "has_any_ingredient": "2024-07-14 03:18:29 +0000"
    },
    "done": true
  },
  "minecraft:recipes/decorations/orange_banner": {
    "criteria": {
      "has_orange_wool": "2024-07-14 03:30:05 +0000"
    },
    "done": true
  },
  "minecraft:recipes/food/cooked_cod_from_smoking": {
    "criteria": {
      "has_cod": "2024-07-14 03:34:45 +0000"
    },
    "done": true
  },
  "minecraft:recipes/building_blocks/raw_iron_block": {
    "criteria": {
      "has_raw_iron": "2024-07-14 03:36:23 +0000"
    },
    "done": true
  },
  "doggytalents:recipes/decorations/superdog_suit": {
    "criteria": {
      "has_iron_ingot": "2024-07-14 04:31:25 +0000"
    },
    "done": true
  },
  "doggytalents:recipes/combat/sussy_sickle": {
    "criteria": {
      "has_iron_ingot": "2024-07-14 04:31:25 +0000"
    },
    "done": true
  },
  "doggytalents:recipes/decorations/pianist_suit": {
    "criteria": {
      "has_string": "2024-07-14 03:32:34 +0000"
    },
    "done": true
  },
  "minecraft:recipes/combat/iron_helmet": {
    "criteria": {
      "has_iron_ingot": "2024-07-14 04:31:25 +0000"
    },
    "done": true
  },
  "doggytalents:recipes/decorations/bowtie": {
    "criteria": {
      "has_string": "2024-07-14 03:32:34 +0000"
    },
    "done": true
  },
  "farmersdelight:recipes/food/roast_chicken_block": {
    "criteria": {
      "has_cooked_chicken": "2024-07-14 04:27:51 +0000"
    },
    "done": true
  },
  "handcrafted:recipes/misc/hammer": {
    "criteria": {
      "has_hammer": "2024-07-14 04:31:25 +0000"
    },
    "done": true
  },
  "domum_ornamentum:recipes/decorations/gray_floating_carpet": {
    "criteria": {
      "has_string": "2024-07-14 03:32:34 +0000"
    },
    "done": true
  },
  "farmersdelight:main/get_fd_seed": {
    "criteria": {
      "onion": "2024-07-14 03:36:20 +0000"
    },
    "done": true
  },
  "doggytalents:recipes/tools/whistle": {
    "criteria": {
      "has_iron_ingot": "2024-07-14 04:31:25 +0000"
    },
    "done": true
  },
  "minecraft:recipes/food/cooked_rabbit": {
    "criteria": {
      "has_rabbit": "2024-07-14 03:30:16 +0000"
    },
    "done": true
  },
  "domum_ornamentum:recipes/tools/cactus_extra": {
    "criteria": {
      "has_material": "2024-07-14 03:32:19 +0000"
    },
    "done": true
  },
  "minecraft:recipes/tools/shears": {
    "criteria": {
      "has_iron_ingot": "2024-07-14 04:31:25 +0000"
    },
    "done": true
  },
  "doggytalents:recipes/decorations/propeller_hat": {
    "criteria": {
      "has_iron_ingot": "2024-07-14 04:31:25 +0000"
    },
    "done": true
  },
  "minecraft:recipes/brewing/golden_carrot": {
    "criteria": {
      "has_gold_nugget": "2024-07-14 03:19:52 +0000"
    },
    "done": true
  },
  "minecraft:recipes/redstone/lectern": {
    "criteria": {
      "has_book": "2024-07-14 03:20:44 +0000"
    },
    "done": true
  },
  "minecraft:recipes/misc/red_dye_from_rose_bush": {
    "criteria": {
      "has_rose_bush": "2024-07-14 03:36:21 +0000"
    },
    "done": true
  },
  "minecraft:recipes/food/cooked_rabbit_from_campfire_cooking": {
    "criteria": {
      "has_rabbit": "2024-07-14 03:30:16 +0000"
    },
    "done": true
  },
  "domum_ornamentum:recipes/decorations/green_floating_carpet": {
    "criteria": {
      "has_string": "2024-07-14 03:32:34 +0000"
    },
    "done": true
  },
  "handcrafted:recipes/misc/berry_jam_jar": {
    "criteria": {
      "has_berry_jam_jar": "2024-07-14 03:16:28 +0000"
    },
    "done": true
  },
  "minecraft:recipes/building_blocks/iron_block": {
    "criteria": {
      "has_iron_ingot": "2024-07-14 04:31:25 +0000"
    },
    "done": true
  },
  "minecraft:recipes/redstone/tripwire_hook": {
    "criteria": {
      "has_string": "2024-07-14 03:32:34 +0000"
    },
    "done": true
  },
  "comforts:sleeping_bag_brown": {
    "criteria": {
      "has_brown_wool": "2024-07-14 03:18:14 +0000"
    },
    "done": true
  },
  "farmersdelight:recipes/decorations/cooking_pot": {
    "criteria": {
      "has_iron_ingot": "2024-07-14 04:31:25 +0000"
    },
    "done": true
  },
  "domum_ornamentum:recipes/decorations/orange_floating_carpet": {
    "criteria": {
      "has_string": "2024-07-14 03:32:34 +0000"
    },
    "done": true
  },
  "doggytalents:recipes/decorations/wig": {
    "criteria": {
      "has_string": "2024-07-14 03:32:34 +0000"
    },
    "done": true
  },
  "comforts:hammock_brown": {
    "criteria": {
      "has_brown_wool": "2024-07-14 03:18:14 +0000"
    },
    "done": true
  },
  "iceandfire:iceandfire/lectern": {
    "criteria": {
      "bestiary": "2024-07-14 03:20:59 +0000"
    },
    "done": true
  },
  "farmersdelight:recipes/cooking/baked_cod_stew": {
    "criteria": {
      "has_any_ingredient": "2024-07-14 03:18:32 +0000"
    },
    "done": true
  },
  "minecraft:recipes/misc/writable_book": {
    "criteria": {
      "has_book": "2024-07-14 03:20:44 +0000"
    },
    "done": true
  },
  "minecraft:recipes/decorations/candle": {
    "criteria": {
      "has_string": "2024-07-14 03:32:34 +0000"
    },
    "done": true
  },
  "littlelogistics:recipes/transportation/spring": {
    "criteria": {
      "has_item": "2024-07-14 03:32:34 +0000"
    },
    "done": true
  },
  "minecolonies:recipes/misc/chainmailleggings": {
    "criteria": {
      "has_iron": "2024-07-14 04:31:25 +0000"
    },
    "done": true
  },
  "domum_ornamentum:recipes/decorations/cyan_floating_carpet": {
    "criteria": {
      "has_string": "2024-07-14 03:32:34 +0000"
    },
    "done": true
  },
  "doggytalents:recipes/decorations/locator_orb_shin": {
    "criteria": {
      "has_string": "2024-07-14 03:32:34 +0000"
    },
    "done": true
  },
  "minecraft:recipes/misc/flower_banner_pattern": {
    "criteria": {
      "has_oxeye_daisy": "2024-07-14 03:16:57 +0000"
    },
    "done": true
  },
  "doggytalents:recipes/decorations/bach_wig": {
    "criteria": {
      "has_string": "2024-07-14 03:32:34 +0000"
    },
    "done": true
  },
  "minecraft:recipes/redstone/hopper": {
    "criteria": {
      "has_iron_ingot": "2024-07-14 04:31:25 +0000"
    },
    "done": true
  },
  "doggytalents:recipes/decorations/doggy_contacts": {
    "criteria": {
      "has_dtn_koji": "2024-07-14 04:41:13 +0000"
    },
    "done": true
  },
  "modulargolems:recipes/combat/iron_golem_axe": {
    "criteria": {
      "has_iron_ingot": "2024-07-14 04:31:25 +0000"
    },
    "done": true
  },
  "minecraft:recipes/misc/leather": {
    "criteria": {
      "has_rabbit_hide": "2024-07-14 03:30:16 +0000"
    },
    "done": true
  },
  "mca:recipes/misc/comb": {
    "criteria": {
      "has_item": "2024-07-14 04:31:25 +0000"
    },
    "done": true
  },
  "minecraft:recipes/combat/iron_boots": {
    "criteria": {
      "has_iron_ingot": "2024-07-14 04:31:25 +0000"
    },
    "done": true
  },
  "minecraft:recipes/decorations/lantern": {
    "criteria": {
      "has_iron_ingot": "2024-07-14 04:31:25 +0000"
    },
    "done": true
  },
  "iceandfire:iceandfire/bestiary": {
    "criteria": {
      "bestiary": "2024-07-14 03:20:21 +0000"
    },
    "done": true
  },
  "farmersdelight:recipes/cooking/dumplings": {
    "criteria": {
      "has_any_ingredient": "2024-07-14 03:36:20 +0000"
    },
    "done": true
  },
  "minecraft:recipes/tools/iron_shovel": {
    "criteria": {
      "has_iron_ingot": "2024-07-14 04:31:25 +0000"
    },
    "done": true
  },
  "doggytalents:recipes/decorations/wool_collar": {
    "criteria": {
      "has_string": "2024-07-14 03:32:34 +0000"
    },
    "done": true
  },
  "doggytalents:recipes/misc/gender_bone": {
    "criteria": {
      "has_string": "2024-07-14 03:32:34 +0000"
    },
    "done": true
  },
  "domum_ornamentum:recipes/decorations/yellow_floating_carpet": {
    "criteria": {
      "has_string": "2024-07-14 03:32:34 +0000"
    },
    "done": true
  },
  "domum_ornamentum:recipes/tools/green_cactus_extra": {
    "criteria": {
      "has_material": "2024-07-14 03:32:19 +0000"
    },
    "done": true
  },
  "iceandfire:recipes/food/gold_pile": {
    "criteria": {
      "has_item": "2024-07-14 03:19:52 +0000"
    },
    "done": true
  },
  "minecolonies:recipes/misc/chainmailhelmet": {
    "criteria": {
      "has_iron": "2024-07-14 04:31:25 +0000"
    },
    "done": true
  },
  "domum_ornamentum:recipes/decorations/red_floating_carpet": {
    "criteria": {
      "has_string": "2024-07-14 03:32:34 +0000"
    },
    "done": true
  },
  "paraglider:recipes/misc/cosmetic/goddess_statue": {
    "criteria": {
      "has_goddess_statue": "2024-07-14 03:21:17 +0000"
    },
    "done": true
  },
  "minecraft:recipes/misc/yellow_dye_from_sunflower": {
    "criteria": {
      "has_sunflower": "2024-07-14 03:36:23 +0000"
    },
    "done": true
  },
  "handcrafted:recipes/misc/brown_sheet": {
    "criteria": {
      "has_brown_sheet": "2024-07-14 03:18:14 +0000"
    },
    "done": true
  },
  "comforts:sleeping_bag_orange": {
    "criteria": {
      "has_orange_wool": "2024-07-14 03:30:05 +0000"
    },
    "done": true
  },
  "minecraft:recipes/redstone/iron_trapdoor": {
    "criteria": {
      "has_iron_ingot": "2024-07-14 04:31:25 +0000"
    },
    "done": true
  },
  "mca:root": {
    "criteria": {
      "village_plains": "2024-07-14 03:17:15 +0000"
    },
    "done": true
  },
  "domum_ornamentum:recipes/decorations/brown_floating_carpet": {
    "criteria": {
      "has_carpet": "2024-07-14 03:31:45 +0000"
    },
    "done": true
  },
  "minecraft:recipes/misc/iron_ingot_from_blasting_raw_iron": {
    "criteria": {
      "has_raw_iron": "2024-07-14 03:36:23 +0000"
    },
    "done": true
  },
  "minecraft:recipes/misc/blue_dye_from_cornflower": {
    "criteria": {
      "has_cornflower": "2024-07-14 03:31:50 +0000"
    },
    "done": true
  },
  "handcrafted:recipes/misc/stackable_book": {
    "criteria": {
      "has_stackable_book": "2024-07-14 03:20:44 +0000"
    },
    "done": true
  },
  "minecraft:recipes/combat/crossbow": {
    "criteria": {
      "has_string": "2024-07-14 03:32:34 +0000"
    },
    "done": true
  },
  "farmersdelight:recipes/food/sweet_berry_cookie": {
    "criteria": {
      "has_sweet_berries": "2024-07-14 03:16:28 +0000"
    },
    "done": true
  },
  "modulargolems:recipes/combat/iron_golem_spear": {
    "criteria": {
      "has_iron_ingot": "2024-07-14 04:31:25 +0000"
    },
    "done": true
  },
  "farmersdelight:recipes/combat/iron_knife": {
    "criteria": {
      "has_iron_ingot": "2024-07-14 04:31:25 +0000"
    },
    "done": true
  },
  "minecraft:recipes/decorations/orange_carpet": {
    "criteria": {
      "has_orange_wool": "2024-07-14 03:30:05 +0000"
    },
    "done": true
  },
  "domum_ornamentum:recipes/decorations/black_floating_carpet": {
    "criteria": {
      "has_string": "2024-07-14 03:32:34 +0000"
    },
    "done": true
  },
  "domum_ornamentum:recipes/decorations/light_gray_floating_carpet": {
    "criteria": {
      "has_string": "2024-07-14 03:32:34 +0000"
    },
    "done": true
  },
  "littlelogistics:recipes/transportation/seater_barge": {
    "criteria": {
      "has_item": "2024-07-14 04:31:25 +0000"
    },
    "done": true
  },
  "minecraft:recipes/redstone/heavy_weighted_pressure_plate": {
    "criteria": {
      "has_iron_ingot": "2024-07-14 04:31:25 +0000"
    },
    "done": true
  },
  "comforts:hammock_orange": {
    "criteria": {
      "has_orange_wool": "2024-07-14 03:30:05 +0000"
    },
    "done": true
  },
  "doggytalents:recipes/decorations/locator_orb_dyable": {
    "criteria": {
      "has_string": "2024-07-14 03:32:34 +0000"
    },
    "done": true
  },
  "minecraft:recipes/combat/iron_leggings": {
    "criteria": {
      "has_iron_ingot": "2024-07-14 04:31:25 +0000"
    },
    "done": true
  },
  "farmersdelight:recipes/cooking/fish_stew": {
    "criteria": {
      "has_any_ingredient": "2024-07-14 03:34:45 +0000"
    },
    "done": true
  },
  "minecraft:recipes/food/baked_potato_from_campfire_cooking": {
    "criteria": {
      "has_potato": "2024-07-14 03:18:32 +0000"
    },
    "done": true
  },
  "minecraft:recipes/building_blocks/bookshelf": {
    "criteria": {
      "has_book": "2024-07-14 03:20:44 +0000"
    },
    "done": true
  },
  "minecraft:recipes/combat/iron_chestplate": {
    "criteria": {
      "has_iron_ingot": "2024-07-14 04:31:25 +0000"
    },
    "done": true
  },
  "domum_ornamentum:recipes/decorations/lime_floating_carpet": {
    "criteria": {
      "has_string": "2024-07-14 03:32:34 +0000"
    },
    "done": true
  },
  "minecraft:recipes/decorations/brown_carpet": {
    "criteria": {
      "has_brown_wool": "2024-07-14 03:18:14 +0000"
    },
    "done": true
  },
  "minecraft:recipes/misc/iron_nugget": {
    "criteria": {
      "has_iron_ingot": "2024-07-14 04:31:25 +0000"
    },
    "done": true
  },
  "modulargolems:recipes/combat/roman_guard_shinguard": {
    "criteria": {
      "has_iron_ingot": "2024-07-14 04:31:25 +0000"
    },
    "done": true
  },
  "minecraft:recipes/misc/bucket": {
    "criteria": {
      "has_iron_ingot": "2024-07-14 04:31:25 +0000"
    },
    "done": true
  },
  "domum_ornamentum:recipes/decorations/white_floating_carpet": {
    "criteria": {
      "has_string": "2024-07-14 03:32:34 +0000"
    },
    "done": true
  },
  "minecraft:recipes/combat/bow": {
    "criteria": {
      "has_string": "2024-07-14 03:32:34 +0000"
    },
    "done": true
  },
  "minecraft:recipes/transportation/minecart": {
    "criteria": {
      "has_iron_ingot": "2024-07-14 04:31:25 +0000"
    },
    "done": true
  },
  "minecraft:recipes/tools/iron_hoe": {
    "criteria": {
      "has_iron_ingot": "2024-07-14 04:31:25 +0000"
    },
    "done": true
  },
  "minecraft:recipes/food/baked_potato": {
    "criteria": {
      "has_potato": "2024-07-14 03:18:32 +0000"
    },
    "done": true
  },
  "minecraft:recipes/misc/gold_ingot_from_nuggets": {
    "criteria": {
      "has_gold_nugget": "2024-07-14 03:19:52 +0000"
    },
    "done": true
  },
  "modulargolems:recipes/combat/roman_guard_helmet": {
    "criteria": {
      "has_iron_ingot": "2024-07-14 04:31:25 +0000"
    },
    "done": true
  },
  "doggytalents:recipes/tools/bandaid": {
    "criteria": {
      "has_koji": "2024-07-14 04:41:13 +0000"
    },
    "done": true
  },
  "doggytalents:recipes/decorations/guard_suit": {
    "criteria": {
      "has_string": "2024-07-14 03:32:34 +0000"
    },
    "done": true
  },
  "farmersdelight:recipes/cooking/vegetable_noodles": {
    "criteria": {
      "has_any_ingredient": "2024-07-14 03:18:29 +0000"
    },
    "done": true
  },
  "regions_unexplored:recipes/decorations/pine_branch_from_pine_log": {
    "criteria": {
      "has_log": "2024-07-14 03:16:54 +0000"
    },
    "done": true
  },
  "minecraft:story/smelt_iron": {
    "criteria": {
      "iron": "2024-07-14 04:31:25 +0000"
    },
    "done": true
  },
  "minecraft:recipes/tools/fishing_rod": {
    "criteria": {
      "has_string": "2024-07-14 03:32:34 +0000"
    },
    "done": true
  },
  "minecraft:recipes/food/cooked_rabbit_from_smoking": {
    "criteria": {
      "has_rabbit": "2024-07-14 03:30:16 +0000"
    },
    "done": true
  },
  "regions_unexplored:recipes/misc/blue_dye_from_blue_lupine": {
    "criteria": {
      "has_blue_lupine": "2024-07-14 03:19:40 +0000"
    },
    "done": true
  },
  "minecraft:recipes/decorations/chain": {
    "criteria": {
      "has_iron_ingot": "2024-07-14 04:31:25 +0000"
    },
    "done": true
  },
  "minecraft:recipes/building_blocks/chiseled_bookshelf": {
    "criteria": {
      "has_book": "2024-07-14 03:20:44 +0000"
    },
    "done": true
  },
  "handcrafted:recipes/misc/orange_cushion": {
    "criteria": {
      "has_orange_cushion": "2024-07-14 03:30:05 +0000"
    },
    "done": true
  },
  "doggytalents:recipes/decorations/locator_orb_rei": {
    "criteria": {
      "has_string": "2024-07-14 03:32:34 +0000"
    },
    "done": true
  },
  "modulargolems:recipes/combat/roman_guard_chestplate": {
    "criteria": {
      "has_iron_ingot": "2024-07-14 04:31:25 +0000"
    },
    "done": true
  },
  "farmersdelight:recipes/food/barbecue_stick": {
    "criteria": {
      "has_onion": "2024-07-14 03:36:20 +0000"
    },
    "done": true
  },
  "minecraft:recipes/decorations/smithing_table": {
    "criteria": {
      "has_iron_ingot": "2024-07-14 04:31:25 +0000"
    },
    "done": true
  },
  "iceandfire:recipes/food/ambrosia": {
    "criteria": {
      "has_item": "2024-07-14 03:30:39 +0000"
    },
    "done": true
  },
  "mca:recipes/misc/needle_and_thread": {
    "criteria": {
      "has_item": "2024-07-14 03:32:34 +0000"
    },
    "done": true
  },
  "minecraft:recipes/misc/green_dye": {
    "criteria": {
      "has_cactus": "2024-07-14 03:32:19 +0000"
    },
    "done": true
  },
  "doggytalents:recipes/decorations/wool_collar_thicc": {
    "criteria": {
      "has_string": "2024-07-14 03:32:34 +0000"
    },
    "done": true
  },
  "iceandfire:recipes/misc/bestiary": {
    "criteria": {
      "has_item": "2024-07-14 03:30:38 +0000"
    },
    "done": true
  },
  "minecolonies:recipes/misc/chainmailchestplate": {
    "criteria": {
      "has_iron": "2024-07-14 04:31:25 +0000"
    },
    "done": true
  },
  "iceandfire:recipes/decorations/copper_pile": {
    "criteria": {
      "has_item": "2024-07-14 03:20:34 +0000"
    },
    "done": true
  },
  "farmersdelight:recipes/cooking/fried_rice": {
    "criteria": {
      "has_any_ingredient": "2024-07-14 03:18:29 +0000"
    },
    "done": true
  },
  "mca:recipes/misc/whistle": {
    "criteria": {
      "has_item": "2024-07-14 04:31:25 +0000"
    },
    "done": true
  },
  "player_companions:recipes/tame_carrot_from_carrot": {
    "criteria": {
      "has_carrot": "2024-07-14 03:18:29 +0000"
    },
    "done": true
  },
  "regions_unexplored:recipes/misc/redwood_sapling_from_redwood_shrub": {
    "criteria": {
      "has_redwood_shrub": "2024-07-14 04:30:13 +0000"
    },
    "done": true
  },
  "paraglider:recipes/misc/cosmetic/rito_goddess_statue": {
    "criteria": {
      "has_goddess_statue": "2024-07-14 03:21:17 +0000"
    },
    "done": true
  },
  "minecraft:recipes/combat/iron_sword": {
    "criteria": {
      "has_iron_ingot": "2024-07-14 04:31:25 +0000"
    },
    "done": true
  },
  "minecraft:recipes/tools/iron_pickaxe": {
    "criteria": {
      "has_iron_ingot": "2024-07-14 04:31:25 +0000"
    },
    "done": true
  },
  "doggytalents:recipes/tools/empty_locator_orb": {
    "criteria": {
      "has_string": "2024-07-14 03:32:34 +0000"
    },
    "done": true
  },
  "domum_ornamentum:recipes/decorations/pink_floating_carpet": {
    "criteria": {
      "has_string": "2024-07-14 03:32:34 +0000"
    },
    "done": true
  },
  "minecraft:recipes/combat/shield": {
    "criteria": {
      "has_iron_ingot": "2024-07-14 04:31:25 +0000"
    },
    "done": true
  },
  "iceandfire:recipes/misc/copper_nuggets_to_ingot": {
    "criteria": {
      "has_item": "2024-07-14 03:20:34 +0000"
    },
    "done": true
  },
  "minecolonies:recipes/misc/chainmailboots": {
    "criteria": {
      "has_iron": "2024-07-14 04:31:25 +0000"
    },
    "done": true
  },
  "minecraft:recipes/decorations/iron_bars": {
    "criteria": {
      "has_iron_ingot": "2024-07-14 04:31:25 +0000"
    },
    "done": true
  },
  "iceandfire:recipes/building_blocks/silver_nugget_to_silver_ingot": {
    "criteria": {
      "has_silver_nugget": "2024-07-14 03:19:49 +0000"
    },
    "done": true
  },
  "minecraft:recipes/misc/light_gray_dye_from_azure_bluet": {
    "criteria": {
      "has_azure_bluet": "2024-07-14 03:31:43 +0000"
    },
    "done": true
  },
  "domum_ornamentum:recipes/decorations/light_blue_floating_carpet": {
    "criteria": {
      "has_string": "2024-07-14 03:32:34 +0000"
    },
    "done": true
  },
  "doggytalents:recipes/decorations/tengu_mask": {
    "criteria": {
      "has_string": "2024-07-14 03:32:34 +0000"
    },
    "done": true
  },
  "minecraft:recipes/misc/iron_ingot_from_smelting_raw_iron": {
    "criteria": {
      "has_raw_iron": "2024-07-14 03:36:23 +0000"
    },
    "done": true
  },
  "farmersdelight:recipes/cooking/beef_stew": {
    "criteria": {
      "has_any_ingredient": "2024-07-14 03:18:29 +0000"
    },
    "done": true
  },
  "player_companions:recipes/tame_sweet_berries": {
    "criteria": {
      "has_sweet_berries": "2024-07-14 03:16:28 +0000"
    },
    "done": true
  },
  "doggytalents:recipes/decorations/locator_orb_jin": {
    "criteria": {
      "has_string": "2024-07-14 03:32:34 +0000"
    },
    "done": true
  },
  "handcrafted:recipes/misc/bench": {
    "criteria": {
      "has_bench": "2024-07-14 04:31:25 +0000"
    },
    "done": true
  },
  "minecraft:recipes/food/baked_potato_from_smoking": {
    "criteria": {
      "has_potato": "2024-07-14 03:18:32 +0000"
    },
    "done": true
  },
  "doggytalents:recipes/food/koji": {
    "criteria": {
      "has_dtn_koji": "2024-07-14 04:41:13 +0000"
    },
    "done": true
  },
  "doggytalents:recipes/decorations/kitsune_mask": {
    "criteria": {
      "has_string": "2024-07-14 03:32:34 +0000"
    },
    "done": true
  },
  "paraglider:recipes/misc/cosmetic/kakariko_goddess_statue": {
    "criteria": {
      "has_goddess_statue": "2024-07-14 03:21:17 +0000"
    },
    "done": true
  },
  "minecraft:recipes/transportation/carrot_on_a_stick": {
    "criteria": {
      "has_carrot": "2024-07-14 03:18:29 +0000"
    },
    "done": true
  },
  "farmersdelight:recipes/cooking/ratatouille": {
    "criteria": {
      "has_any_ingredient": "2024-07-14 03:36:20 +0000"
    },
    "done": true
  },
  "minecraft:recipes/building_blocks/white_wool_from_string": {
    "criteria": {
      "has_string": "2024-07-14 03:32:34 +0000"
    },
    "done": true
  },
  "minecraft:recipes/food/cooked_cod_from_campfire_cooking": {
    "criteria": {
      "has_cod": "2024-07-14 03:34:45 +0000"
    },
    "done": true
  },
  "doggytalents:recipes/decorations/locator_orb_chu": {
    "criteria": {
      "has_string": "2024-07-14 03:32:34 +0000"
    },
    "done": true
  },
  "doggytalents:recipes/decorations/locator_orb_chi": {
    "criteria": {
      "has_string": "2024-07-14 03:32:34 +0000"
    },
    "done": true
  },
  "domum_ornamentum:recipes/decorations/blue_floating_carpet": {
    "criteria": {
      "has_string": "2024-07-14 03:32:34 +0000"
    },
    "done": true
  },
  "minecraft:recipes/tools/iron_axe": {
    "criteria": {
      "has_iron_ingot": "2024-07-14 04:31:25 +0000"
    },
    "done": true
  },
  "doggytalents:recipes/decorations/locator_orb_tei": {
    "criteria": {
      "has_string": "2024-07-14 03:32:34 +0000"
    },
    "done": true
  },
  "farmersdelight:recipes/food/chicken_sandwich": {
    "criteria": {
      "has_cooked_chicken": "2024-07-14 04:27:51 +0000"
    },
    "done": true
  },
  "minecraft:recipes/misc/light_gray_dye_from_oxeye_daisy": {
    "criteria": {
      "has_oxeye_daisy": "2024-07-14 03:16:57 +0000"
    },
    "done": true
  },
  "minecraft:recipes/food/cooked_cod": {
    "criteria": {
      "has_cod": "2024-07-14 03:34:45 +0000"
    },
    "done": true
  },
  "regions_unexplored:recipes/building_blocks/pine_wood": {
    "criteria": {
      "has_log": "2024-07-14 03:16:54 +0000"
    },
    "done": true
  },
  "doggytalents:recipes/decorations/locator_orb_ko": {
    "criteria": {
      "has_string": "2024-07-14 03:32:34 +0000"
    },
    "done": true
  },
  "handcrafted:recipes/misc/brown_cushion": {
    "criteria": {
      "has_brown_cushion": "2024-07-14 03:18:14 +0000"
    },
    "done": true
  },
  "handcrafted:recipes/misc/orange_sheet": {
    "criteria": {
      "has_orange_sheet": "2024-07-14 03:30:05 +0000"
    },
    "done": true
  },
  "paraglider:recipes/misc/cosmetic/goron_goddess_statue": {
    "criteria": {
      "has_goddess_statue": "2024-07-14 03:21:17 +0000"
    },
    "done": true
  },
  "regions_unexplored:recipes/misc/light_blue_dye_from_felicia_daisy": {
    "criteria": {
      "has_felicia_daisy": "2024-07-14 03:16:57 +0000"
    },
    "done": true
  },
  "farmersdelight:recipes/building_blocks/onion_crate": {
    "criteria": {
      "has_onion": "2024-07-14 03:36:20 +0000"
    },
    "done": true
  },
  "minecraft:recipes/decorations/loom": {
    "criteria": {
      "has_string": "2024-07-14 03:32:34 +0000"
    },
    "done": true
  },
  "farmersdelight:recipes/cooking/vegetable_soup": {
    "criteria": {
      "has_any_ingredient": "2024-07-14 03:18:29 +0000"
    },
    "done": true
  },
  "doggytalents:recipes/decorations/locator_orb_gi": {
    "criteria": {
      "has_string": "2024-07-14 03:32:34 +0000"
    },
    "done": true
  },
  "doggytalents:recipes/building_blocks/dog_bath": {
    "criteria": {
      "has_iron_ingot": "2024-07-14 04:31:25 +0000"
    },
    "done": true
  },
  "doggytalents:recipes/building_blocks/food_bowl": {
    "criteria": {
      "has_iron_ingot": "2024-07-14 04:31:25 +0000"
    },
    "done": true
  },
  "minecraft:recipes/redstone/iron_door": {
    "criteria": {
      "has_iron_ingot": "2024-07-14 04:31:25 +0000"
    },
    "done": true
  },
  "domum_ornamentum:recipes/decorations/magenta_floating_carpet": {
    "criteria": {
      "has_string": "2024-07-14 03:32:34 +0000"
    },
    "done": true
  },
  "domum_ornamentum:recipes/decorations/purple_floating_carpet": {
    "criteria": {
      "has_string": "2024-07-14 03:32:34 +0000"
    },
    "done": true
  },
  "DataVersion": 3465
}