{
  "regions_unexplored:recipes/building_blocks/lime_painted_planks": {
    "criteria": {
      "has_planks": "2024-07-14 00:00:54 +0000"
    },
    "done": true
  },
  "minecraft:recipes/combat/leather_helmet": {
    "criteria": {
      "has_leather": "2024-07-14 00:15:39 +0000"
    },
    "done": true
  },
  "farmersdelight:recipes/cooking/mushroom_rice": {
    "criteria": {
      "has_any_ingredient": "2024-07-14 00:49:58 +0000"
    },
    "done": true
  },
  "minecraft:recipes/decorations/ladder": {
    "criteria": {
      "has_stick": "2024-07-14 00:00:16 +0000"
    },
    "done": true
  },
  "handcrafted:recipes/misc/oak_nightstand": {
    "criteria": {
      "has_oak_nightstand": "2024-07-14 00:00:54 +0000"
    },
    "done": true
  },
  "regions_unexplored:recipes/transportation/maple_boat": {
    "criteria": {
      "in_water": "2024-07-14 00:01:28 +0000"
    },
    "done": true
  },
  "minecolonies:recipes/misc/supplycampdeployer": {
    "criteria": {
      "has_chest": "2024-07-14 00:49:58 +0000"
    },
    "done": true
  },
  "farmersdelight:recipes/food/melon_juice": {
    "criteria": {
      "has_melon_slice": "2024-07-14 00:04:09 +0000"
    },
    "done": true
  },
  "regions_unexplored:recipes/redstone/magnolia_button": {
    "criteria": {
      "has_magnolia_planks": "2024-07-14 01:13:26 +0000"
    },
    "done": true
  },
  "littlelogistics:recipes/transportation/seater_car": {
    "criteria": {
      "has_item": "2024-07-14 00:45:25 +0000"
    },
    "done": true
  },
  "minecraft:recipes/decorations/fletching_table": {
    "criteria": {
      "has_flint": "2024-07-14 00:50:47 +0000"
    },
    "done": true
  },
  "minecraft:recipes/food/cooked_chicken_from_campfire_cooking": {
    "criteria": {
      "has_chicken": "2024-07-14 01:04:41 +0000"
    },
    "done": true
  },
  "minecraft:recipes/food/cooked_mutton_from_smoking": {
    "criteria": {
      "has_mutton": "2024-07-14 00:07:00 +0000"
    },
    "done": true
  },
  "paraglider:root": {
    "criteria": {
      "crafting_table": "2024-07-14 00:00:59 +0000"
    },
    "done": true
  },
  "littlelogistics:recipes/transportation/barge": {
    "criteria": {
      "has_item": "2024-07-14 00:49:58 +0000"
    },
    "done": true
  },
  "farmersdelight:recipes/cooking/rabbit_stew": {
    "criteria": {
      "has_any_ingredient": "2024-07-14 00:02:26 +0000"
    },
    "done": true
  },
  "farmersdelight:recipes/cooking/stuffed_pumpkin_block": {
    "criteria": {
      "has_pumpkin": "2024-07-14 00:33:34 +0000"
    },
    "done": true
  },
  "minecraft:recipes/tools/golden_axe": {
    "criteria": {
      "has_gold_ingot": "2024-07-14 01:04:05 +0000"
    },
    "done": true
  },
  "minecraft:recipes/decorations/oak_sign": {
    "criteria": {
      "has_planks": "2024-07-14 00:00:54 +0000"
    },
    "done": true
  },
  "minecraft:recipes/tools/golden_pickaxe": {
    "criteria": {
      "has_gold_ingot": "2024-07-14 01:04:05 +0000"
    },
    "done": true
  },
  "totw_modded:regular_tower": {
    "criteria": {
      "regular": "2024-07-14 00:35:18 +0000"
    },
    "done": true
  },
  "regions_unexplored:recipes/misc/purple_dye_from_hyssop": {
    "criteria": {
      "has_hyssop": "2024-07-14 01:21:50 +0000"
    },
    "done": true
  },
  "minecraft:recipes/building_blocks/raw_iron_block": {
    "criteria": {
      "has_raw_iron": "2024-07-14 01:16:02 +0000"
    },
    "done": true
  },
  "regions_unexplored:recipes/building_blocks/deepslate_viridescent_nylium": {
    "criteria": {
      "has_mushroom": "2024-07-14 00:49:58 +0000"
    },
    "done": true
  },
  "doggytalents:recipes/decorations/superdog_suit": {
    "criteria": {
      "has_iron_ingot": "2024-07-14 00:45:25 +0000"
    },
    "done": true
  },
  "farmersdelight:recipes/cooking/mushroom_stew": {
    "criteria": {
      "has_any_ingredient": "2024-07-14 00:49:58 +0000"
    },
    "done": true
  },
  "minecraft:recipes/misc/white_dye": {
    "criteria": {
      "has_bone_meal": "2024-07-14 00:58:10 +0000"
    },
    "done": true
  },
  "doggytalents:recipes/combat/sussy_sickle": {
    "criteria": {
      "has_iron_ingot": "2024-07-14 00:45:25 +0000"
    },
    "done": true
  },
  "minecraft:recipes/misc/gold_nugget": {
    "criteria": {
      "has_gold_ingot": "2024-07-14 01:04:05 +0000"
    },
    "done": true
  },
  "doggytalents:recipes/tools/radio_collar": {
    "criteria": {
      "has_redstone": "2024-07-14 01:04:06 +0000"
    },
    "done": true
  },
  "regions_unexplored:recipes/building_blocks/mauve_stairs": {
    "criteria": {
      "has_mauve_planks": "2024-07-14 00:53:59 +0000"
    },
    "done": true
  },
  "doggytalents:recipes/decorations/pianist_suit": {
    "criteria": {
      "has_string": "2024-07-14 00:47:42 +0000"
    },
    "done": true
  },
  "minecraft:recipes/combat/iron_helmet": {
    "criteria": {
      "has_iron_ingot": "2024-07-14 00:45:25 +0000"
    },
    "done": true
  },
  "minecraft:recipes/tools/golden_shovel": {
    "criteria": {
      "has_gold_ingot": "2024-07-14 01:04:05 +0000"
    },
    "done": true
  },
  "iceandfire:recipes/building_blocks/dragonforge_ice_brick": {
    "criteria": {
      "has_item": "2024-07-14 00:45:00 +0000"
    },
    "done": true
  },
  "doggytalents:recipes/decorations/bowtie": {
    "criteria": {
      "has_string": "2024-07-14 00:47:42 +0000"
    },
    "done": true
  },
  "regions_unexplored:recipes/redstone/magnolia_trapdoor": {
    "criteria": {
      "has_magnolia_planks": "2024-07-14 01:13:26 +0000"
    },
    "done": true
  },
  "minecraft:story/mine_stone": {
    "criteria": {
      "get_stone": "2024-07-14 00:01:25 +0000"
    },
    "done": true
  },
  "minecraft:recipes/decorations/furnace": {
    "criteria": {
      "has_cobblestone": "2024-07-14 00:01:25 +0000"
    },
    "done": true
  },
  "minecraft:recipes/redstone/redstone_torch": {
    "criteria": {
      "has_redstone": "2024-07-14 01:04:06 +0000"
    },
    "done": true
  },
  "minecraft:recipes/food/golden_apple": {
    "criteria": {
      "has_gold_ingot": "2024-07-14 01:04:05 +0000"
    },
    "done": true
  },
  "handcrafted:recipes/misc/oak_fancy_bed": {
    "criteria": {
      "has_oak_fancy_bed": "2024-07-14 00:00:54 +0000"
    },
    "done": true
  },
  "doggytalents:recipes/decorations/sunglasses": {
    "criteria": {
      "has_stick": "2024-07-14 00:00:16 +0000"
    },
    "done": true
  },
  "farmersdelight:recipes/food/melon_popsicle": {
    "criteria": {
      "has_melon": "2024-07-14 00:04:09 +0000"
    },
    "done": true
  },
  "regions_unexplored:recipes/building_blocks/mauve_wood": {
    "criteria": {
      "has_log": "2024-07-14 00:51:34 +0000"
    },
    "done": true
  },
  "handcrafted:recipes/misc/hammer": {
    "criteria": {
      "has_hammer": "2024-07-14 00:45:25 +0000"
    },
    "done": true
  },
  "minecraft:recipes/building_blocks/stone_brick_stairs": {
    "criteria": {
      "has_stone_bricks": "2024-07-14 00:45:00 +0000"
    },
    "done": true
  },
  "minecraft:recipes/combat/golden_boots": {
    "criteria": {
      "has_gold_ingot": "2024-07-14 01:04:05 +0000"
    },
    "done": true
  },
  "minecraft:recipes/tools/wooden_axe": {
    "criteria": {
      "has_stick": "2024-07-14 00:00:16 +0000"
    },
    "done": true
  },
  "regions_unexplored:recipes/transportation/magnolia_boat": {
    "criteria": {
      "in_water": "2024-07-14 00:01:28 +0000"
    },
    "done": true
  },
  "domum_ornamentum:recipes/decorations/gray_floating_carpet": {
    "criteria": {
      "has_string": "2024-07-14 00:47:42 +0000"
    },
    "done": true
  },
  "doggytalents:recipes/tools/whistle": {
    "criteria": {
      "has_iron_ingot": "2024-07-14 00:45:25 +0000"
    },
    "done": true
  },
  "farmersdelight:recipes/cooking/chicken_soup": {
    "criteria": {
      "has_any_ingredient": "2024-07-14 01:04:41 +0000"
    },
    "done": true
  },
  "minecraft:recipes/food/cooked_rabbit": {
    "criteria": {
      "has_rabbit": "2024-07-14 00:02:26 +0000"
    },
    "done": true
  },
  "doggytalents:recipes/decorations/plague_doctor_mask": {
    "criteria": {
      "has_leather": "2024-07-14 00:15:39 +0000"
    },
    "done": true
  },
  "minecraft:recipes/combat/leather_chestplate": {
    "criteria": {
      "has_leather": "2024-07-14 00:15:39 +0000"
    },
    "done": true
  },
  "minecraft:recipes/misc/magenta_dye_from_blue_red_pink": {
    "criteria": {
      "has_red_dye": "2024-07-14 00:13:47 +0000"
    },
    "done": true
  },
  "minecraft:adventure/shoot_arrow": {
    "criteria": {
      "shot_arrow": "2024-07-14 01:24:36 +0000"
    },
    "done": true
  },
  "iceandfire:recipes/building_blocks/dragonforge_fire_brick": {
    "criteria": {
      "has_item": "2024-07-14 00:45:00 +0000"
    },
    "done": true
  },
  "doggytalents:recipes/decorations/giant_stick": {
    "criteria": {
      "has_stick": "2024-07-14 00:00:16 +0000"
    },
    "done": true
  },
  "doggytalents:recipes/decorations/smarty_glasses": {
    "criteria": {
      "has_redstone": "2024-07-14 01:04:06 +0000"
    },
    "done": true
  },
  "repurposed_structures:root": {
    "criteria": {
      "always": "2024-07-13 23:50:37 +0000"
    },
    "done": true
  },
  "regions_unexplored:recipes/building_blocks/magnolia_planks": {
    "criteria": {
      "has_logs": "2024-07-14 00:51:51 +0000"
    },
    "done": true
  },
  "regions_unexplored:recipes/building_blocks/brown_painted_planks": {
    "criteria": {
      "has_planks": "2024-07-14 00:00:54 +0000"
    },
    "done": true
  },
  "minecraft:recipes/decorations/crafting_table": {
    "criteria": {
      "unlock_right_away": "2024-07-13 23:50:37 +0000"
    },
    "done": true
  },
  "minecraft:recipes/decorations/chest": {
    "criteria": {
      "has_lots_of_items": "2024-07-14 00:01:00 +0000"
    },
    "done": true
  },
  "minecraft:recipes/tools/shears": {
    "criteria": {
      "has_iron_ingot": "2024-07-14 00:45:25 +0000"
    },
    "done": true
  },
  "minecraft:recipes/misc/stick": {
    "criteria": {
      "has_planks": "2024-07-14 00:00:54 +0000"
    },
    "done": true
  },
  "doggytalents:recipes/decorations/propeller_hat": {
    "criteria": {
      "has_iron_ingot": "2024-07-14 00:45:25 +0000"
    },
    "done": true
  },
  "touhou_little_maid:grant_book_on_first_join": {
    "criteria": {
      "tick": "2024-07-13 23:50:36 +0000"
    },
    "done": true
  },
  "minecraft:recipes/brewing/golden_carrot": {
    "criteria": {
      "has_gold_nugget": "2024-07-14 00:56:33 +0000"
    },
    "done": true
  },
  "handcrafted:recipes/misc/oak_table": {
    "criteria": {
      "has_oak_table": "2024-07-14 00:00:54 +0000"
    },
    "done": true
  },
  "dungeons_enhanced:ambitious_explorer": {
    "criteria": {
      "entered_druid_circle": "2024-07-14 01:03:41 +0000"
    },
    "done": false
  },
  "minecraft:recipes/tools/spyglass": {
    "criteria": {
      "has_amethyst_shard": "2024-07-14 01:04:06 +0000"
    },
    "done": true
  },
  "minecraft:recipes/redstone/lectern": {
    "criteria": {
      "has_book": "2024-07-14 00:40:38 +0000"
    },
    "done": true
  },
  "minecraft:adventure/sleep_in_bed": {
    "criteria": {
      "slept_in_bed": "2024-07-14 00:03:27 +0000"
    },
    "done": true
  },
  "handcrafted:recipes/misc/oak_corner_trim": {
    "criteria": {
      "has_oak_corner_trim": "2024-07-14 00:00:54 +0000"
    },
    "done": true
  },
  "minecraft:recipes/food/cooked_rabbit_from_campfire_cooking": {
    "criteria": {
      "has_rabbit": "2024-07-14 00:02:26 +0000"
    },
    "done": true
  },
  "minecraft:recipes/building_blocks/cobblestone_slab_from_cobblestone_stonecutting": {
    "criteria": {
      "has_cobblestone": "2024-07-14 00:01:25 +0000"
    },
    "done": true
  },
  "minecraft:recipes/transportation/cherry_boat": {
    "criteria": {
      "in_water": "2024-07-14 00:01:28 +0000"
    },
    "done": true
  },
  "regions_unexplored:recipes/decorations/magnolia_shrub": {
    "criteria": {
      "has_magnolia_sapling": "2024-07-14 00:51:36 +0000"
    },
    "done": true
  },
  "minecraft:adventure/kill_all_mobs": {
    "criteria": {
      "minecraft:pillager": "2024-07-14 01:05:01 +0000",
      "minecraft:skeleton": "2024-07-14 00:06:06 +0000",
      "minecraft:slime": "2024-07-14 00:02:12 +0000",
      "minecraft:witch": "2024-07-14 01:05:51 +0000",
      "minecraft:zombie": "2024-07-14 00:05:07 +0000"
    },
    "done": false
  },
  "domum_ornamentum:recipes/decorations/green_floating_carpet": {
    "criteria": {
      "has_string": "2024-07-14 00:47:42 +0000"
    },
    "done": true
  },
  "minecraft:recipes/combat/golden_chestplate": {
    "criteria": {
      "has_gold_ingot": "2024-07-14 01:04:05 +0000"
    },
    "done": true
  },
  "minecraft:recipes/building_blocks/iron_block": {
    "criteria": {
      "has_iron_ingot": "2024-07-14 00:45:25 +0000"
    },
    "done": true
  },
  "minecraft:recipes/misc/red_dye_from_poppy": {
    "criteria": {
      "has_poppy": "2024-07-14 00:10:11 +0000"
    },
    "done": true
  },
  "mowziesmobs:root": {
    "criteria": {
      "custom_test_name": "2024-07-13 23:50:37 +0000"
    },
    "done": true
  },
  "minecraft:recipes/building_blocks/clay": {
    "criteria": {
      "has_clay_ball": "2024-07-14 01:24:50 +0000"
    },
    "done": true
  },
  "minecraft:recipes/redstone/tripwire_hook": {
    "criteria": {
      "has_string": "2024-07-14 00:47:42 +0000"
    },
    "done": true
  },
  "regions_unexplored:recipes/decorations/magnolia_fence": {
    "criteria": {
      "has_magnolia_planks": "2024-07-14 01:13:26 +0000"
    },
    "done": true
  },
  "farmersdelight:recipes/decorations/cooking_pot": {
    "criteria": {
      "has_iron_ingot": "2024-07-14 00:45:25 +0000"
    },
    "done": true
  },
  "domum_ornamentum:recipes/tools/architectscutter": {
    "criteria": {
      "has_log": "2024-07-14 00:00:16 +0000"
    },
    "done": true
  },
  "minecraft:recipes/building_blocks/stone": {
    "criteria": {
      "has_cobblestone": "2024-07-14 00:01:25 +0000"
    },
    "done": true
  },
  "handcrafted:recipes/misc/white_sheet": {
    "criteria": {
      "has_white_sheet": "2024-07-14 00:06:59 +0000"
    },
    "done": true
  },
  "minecraft:recipes/transportation/bamboo_raft": {
    "criteria": {
      "in_water": "2024-07-14 00:01:28 +0000"
    },
    "done": true
  },
  "domum_ornamentum:recipes/decorations/orange_floating_carpet": {
    "criteria": {
      "has_string": "2024-07-14 00:47:42 +0000"
    },
    "done": true
  },
  "handcrafted:recipes/misc/oak_drawer": {
    "criteria": {
      "has_oak_drawer": "2024-07-14 00:00:54 +0000"
    },
    "done": true
  },
  "doggytalents:recipes/decorations/wig": {
    "criteria": {
      "has_string": "2024-07-14 00:47:42 +0000"
    },
    "done": true
  },
  "minecraft:recipes/misc/writable_book": {
    "criteria": {
      "has_book": "2024-07-14 00:40:38 +0000"
    },
    "done": true
  },
  "farmersdelight:recipes/combat/golden_knife": {
    "criteria": {
      "has_gold_ingot": "2024-07-14 01:04:05 +0000"
    },
    "done": true
  },
  "minecraft:recipes/decorations/candle": {
    "criteria": {
      "has_string": "2024-07-14 00:47:42 +0000"
    },
    "done": true
  },
  "minecraft:recipes/food/bread": {
    "criteria": {
      "has_wheat": "2024-07-14 00:04:11 +0000"
    },
    "done": true
  },
  "corail_woodcutter:recipes/from_acacia_planks": {
    "criteria": {
      "has_ingredient": "2024-07-13 23:50:36 +0000"
    },
    "done": true
  },
  "born_in_chaos_v1:dark_metallurgy": {
    "criteria": {
      "dark_metallurgy_0": "2024-07-14 01:25:20 +0000"
    },
    "done": true
  },
  "minecraft:recipes/misc/bone_meal_from_bone_block": {
    "criteria": {
      "has_bone_block": "2024-07-14 00:39:09 +0000"
    },
    "done": true
  },
  "regions_unexplored:recipes/building_blocks/black_painted_planks": {
    "criteria": {
      "has_planks": "2024-07-14 00:00:54 +0000"
    },
    "done": true
  },
  "littlelogistics:recipes/transportation/spring": {
    "criteria": {
      "has_item": "2024-07-14 00:47:42 +0000"
    },
    "done": true
  },
  "minecraft:recipes/building_blocks/hay_block": {
    "criteria": {
      "has_wheat": "2024-07-14 00:04:11 +0000"
    },
    "done": true
  },
  "minecraft:recipes/misc/leather_horse_armor": {
    "criteria": {
      "has_leather": "2024-07-14 00:15:39 +0000"
    },
    "done": true
  },
  "minecraft:recipes/redstone/target": {
    "criteria": {
      "has_redstone": "2024-07-14 01:04:06 +0000"
    },
    "done": true
  },
  "farmersdelight:recipes/cooking/apple_cider": {
    "criteria": {
      "has_apple": "2024-07-14 00:00:20 +0000"
    },
    "done": true
  },
  "paraglider:paraglider": {
    "criteria": {
      "paraglider": "2024-07-14 00:37:26 +0000"
    },
    "done": true
  },
  "handcrafted:recipes/misc/salmon_trophy": {
    "criteria": {
      "has_salmon_trophy": "2024-07-14 00:00:54 +0000"
    },
    "done": true
  },
  "minecolonies:recipes/misc/chainmailleggings": {
    "criteria": {
      "has_iron": "2024-07-14 00:45:25 +0000"
    },
    "done": true
  },
  "domum_ornamentum:recipes/decorations/cyan_floating_carpet": {
    "criteria": {
      "has_string": "2024-07-14 00:47:42 +0000"
    },
    "done": true
  },
  "farmersdelight:main/plant_all_crops": {
    "criteria": {
      "wheat": "2024-07-14 01:23:08 +0000"
    },
    "done": false
  },
  "regions_unexplored:recipes/transportation/kapok_boat": {
    "criteria": {
      "in_water": "2024-07-14 00:01:28 +0000"
    },
    "done": true
  },
  "corail_woodcutter:recipes/from_dark_oak_planks": {
    "criteria": {
      "has_ingredient": "2024-07-13 23:50:36 +0000"
    },
    "done": true
  },
  "handcrafted:recipes/misc/silverfish_trophy": {
    "criteria": {
      "has_silverfish_trophy": "2024-07-14 00:00:54 +0000"
    },
    "done": true
  },
  "minecraft:recipes/redstone/light_weighted_pressure_plate": {
    "criteria": {
      "has_gold_ingot": "2024-07-14 01:04:05 +0000"
    },
    "done": true
  },
  "regions_unexplored:recipes/transportation/cypress_boat": {
    "criteria": {
      "in_water": "2024-07-14 00:01:28 +0000"
    },
    "done": true
  },
  "regions_unexplored:recipes/building_blocks/cyan_painted_planks": {
    "criteria": {
      "has_planks": "2024-07-14 00:00:54 +0000"
    },
    "done": true
  },
  "doggytalents:recipes/decorations/locator_orb_shin": {
    "criteria": {
      "has_string": "2024-07-14 00:47:42 +0000"
    },
    "done": true
  },
  "minecraft:recipes/tools/compass": {
    "criteria": {
      "has_redstone": "2024-07-14 01:04:06 +0000"
    },
    "done": true
  },
  "minecraft:adventure/ol_betsy": {
    "criteria": {
      "shot_crossbow": "2024-07-14 01:24:36 +0000"
    },
    "done": true
  },
  "minecraft:recipes/food/pumpkin_pie": {
    "criteria": {
      "has_pumpkin": "2024-07-14 00:33:34 +0000"
    },
    "done": true
  },
  "handcrafted:recipes/misc/oak_shelf": {
    "criteria": {
      "has_oak_shelf": "2024-07-14 00:00:54 +0000"
    },
    "done": true
  },
  "handcrafted:recipes/misc/bear_trophy": {
    "criteria": {
      "has_bear_trophy": "2024-07-14 00:00:54 +0000"
    },
    "done": true
  },
  "regions_unexplored:recipes/redstone/mauve_button": {
    "criteria": {
      "has_mauve_planks": "2024-07-14 00:53:59 +0000"
    },
    "done": true
  },
  "iceandfire:iceandfire/root": {
    "criteria": {
      "tick": "2024-07-13 23:50:37 +0000"
    },
    "done": true
  },
  "doggytalents:recipes/decorations/tantan_cape": {
    "criteria": {
      "has_leather": "2024-07-14 00:15:39 +0000"
    },
    "done": true
  },
  "doggytalents:recipes/decorations/bach_wig": {
    "criteria": {
      "has_string": "2024-07-14 00:47:42 +0000"
    },
    "done": true
  },
  "regions_unexplored:recipes/redstone/magnolia_fence_gate": {
    "criteria": {
      "has_magnolia_planks": "2024-07-14 01:13:26 +0000"
    },
    "done": true
  },
  "minecraft:recipes/redstone/hopper": {
    "criteria": {
      "has_iron_ingot": "2024-07-14 00:45:25 +0000"
    },
    "done": true
  },
  "doggytalents:recipes/decorations/baker_hat": {
    "criteria": {
      "has_bread": "2024-07-14 00:04:20 +0000"
    },
    "done": true
  },
  "minecraft:recipes/redstone/calibrated_sculk_sensor": {
    "criteria": {
      "has_amethyst_shard": "2024-07-14 01:04:06 +0000"
    },
    "done": true
  },
  "corail_woodcutter:recipes/from_jungle_planks": {
    "criteria": {
      "has_ingredient": "2024-07-13 23:50:36 +0000"
    },
    "done": true
  },
  "minecraft:recipes/building_blocks/tinted_glass": {
    "criteria": {
      "has_amethyst_shard": "2024-07-14 01:04:06 +0000"
    },
    "done": true
  },
  "minecraft:recipes/misc/copper_ingot_from_blasting_raw_copper": {
    "criteria": {
      "has_raw_copper": "2024-07-14 01:16:20 +0000"
    },
    "done": true
  },
  "doggytalents:recipes/food/golden_a_five_wagyu": {
    "criteria": {
      "has_cooked_beef": "2024-07-14 01:32:28 +0000"
    },
    "done": true
  },
  "minecraft:recipes/food/cooked_beef_from_smoking": {
    "criteria": {
      "has_beef": "2024-07-14 00:15:39 +0000"
    },
    "done": true
  },
  "modulargolems:recipes/combat/iron_golem_axe": {
    "criteria": {
      "has_iron_ingot": "2024-07-14 00:45:25 +0000"
    },
    "done": true
  },
  "minecraft:recipes/food/cooked_porkchop": {
    "criteria": {
      "has_porkchop": "2024-07-14 00:11:39 +0000"
    },
    "done": true
  },
  "minecraft:recipes/building_blocks/oak_slab": {
    "criteria": {
      "has_planks": "2024-07-14 00:00:54 +0000"
    },
    "done": true
  },
  "minecraft:husbandry/tame_an_animal": {
    "criteria": {
      "tamed_animal": "2024-07-13 23:51:52 +0000"
    },
    "done": true
  },
  "minecraft:recipes/building_blocks/raw_copper_block": {
    "criteria": {
      "has_raw_copper": "2024-07-14 01:16:20 +0000"
    },
    "done": true
  },
  "farmersdelight:recipes/food/roasted_mutton_chops": {
    "criteria": {
      "has_mutton": "2024-07-14 00:08:39 +0000"
    },
    "done": true
  },
  "minecraft:recipes/building_blocks/dye_red_bed": {
    "criteria": {
      "has_needed_dye": "2024-07-14 00:13:47 +0000"
    },
    "done": true
  },
  "handcrafted:recipes/misc/red_cushion": {
    "criteria": {
      "has_red_cushion": "2024-07-14 01:00:37 +0000"
    },
    "done": true
  },
  "minecraft:recipes/misc/leather": {
    "criteria": {
      "has_rabbit_hide": "2024-07-14 00:03:04 +0000"
    },
    "done": true
  },
  "domum_ornamentum:recipes/tools/wheat_extra": {
    "criteria": {
      "has_material": "2024-07-14 00:04:11 +0000"
    },
    "done": true
  },
  "mca:recipes/misc/comb": {
    "criteria": {
      "has_item": "2024-07-14 00:45:25 +0000"
    },
    "done": true
  },
  "minecraft:recipes/decorations/red_banner": {
    "criteria": {
      "has_red_wool": "2024-07-14 01:00:37 +0000"
    },
    "done": true
  },
  "minecraft:recipes/building_blocks/dye_red_wool": {
    "criteria": {
      "has_needed_dye": "2024-07-14 00:13:47 +0000"
    },
    "done": true
  },
  "minecraft:recipes/combat/iron_boots": {
    "criteria": {
      "has_iron_ingot": "2024-07-14 00:45:25 +0000"
    },
    "done": true
  },
  "comforts:sleeping_bag_white": {
    "criteria": {
      "has_white_wool": "2024-07-14 00:06:59 +0000"
    },
    "done": true
  },
  "doggytalents:recipes/tools/feathered_mantle": {
    "criteria": {
      "has_feather": "2024-07-14 00:37:10 +0000"
    },
    "done": true
  },
  "minecraft:recipes/tools/stone_pickaxe": {
    "criteria": {
      "has_cobblestone": "2024-07-14 00:01:25 +0000"
    },
    "done": true
  },
  "minecraft:recipes/decorations/lantern": {
    "criteria": {
      "has_iron_ingot": "2024-07-14 00:45:25 +0000"
    },
    "done": true
  },
  "regions_unexplored:recipes/transportation/larch_boat": {
    "criteria": {
      "in_water": "2024-07-14 00:01:28 +0000"
    },
    "done": true
  },
  "minecraft:recipes/misc/orange_dye_from_red_yellow": {
    "criteria": {
      "has_red_dye": "2024-07-14 00:13:47 +0000"
    },
    "done": true
  },
  "minecraft:recipes/food/rabbit_stew_from_brown_mushroom": {
    "criteria": {
      "has_cooked_rabbit": "2024-07-14 00:08:16 +0000"
    },
    "done": true
  },
  "minecraft:recipes/decorations/campfire": {
    "criteria": {
      "has_stick": "2024-07-14 00:00:16 +0000"
    },
    "done": true
  },
  "doggytalents:recipes/decorations/conan_suit": {
    "criteria": {
      "has_wool": "2024-07-14 00:06:59 +0000"
    },
    "done": true
  },
  "minecraft:recipes/tools/wooden_hoe": {
    "criteria": {
      "has_stick": "2024-07-14 00:00:16 +0000"
    },
    "done": true
  },
  "handcrafted:recipes/misc/oak_dining_bench": {
    "criteria": {
      "has_oak_dining_bench": "2024-07-14 00:00:54 +0000"
    },
    "done": true
  },
  "minecraft:recipes/food/cooked_chicken_from_smoking": {
    "criteria": {
      "has_chicken": "2024-07-14 01:04:41 +0000"
    },
    "done": true
  },
  "minecraft:recipes/redstone/oak_fence_gate": {
    "criteria": {
      "has_planks": "2024-07-14 00:00:54 +0000"
    },
    "done": true
  },
  "handcrafted:recipes/misc/oak_desk": {
    "criteria": {
      "has_oak_desk": "2024-07-14 00:00:54 +0000"
    },
    "done": true
  },
  "domum_ornamentum:recipes/tools/cobblestone_extra": {
    "criteria": {
      "has_material": "2024-07-14 00:01:25 +0000"
    },
    "done": true
  },
  "minecraft:recipes/misc/charcoal": {
    "criteria": {
      "has_log": "2024-07-14 00:00:16 +0000"
    },
    "done": true
  },
  "minecraft:recipes/building_blocks/stone_brick_slab": {
    "criteria": {
      "has_stone_bricks": "2024-07-14 00:45:00 +0000"
    },
    "done": true
  },
  "minecraft:recipes/tools/iron_shovel": {
    "criteria": {
      "has_iron_ingot": "2024-07-14 00:45:25 +0000"
    },
    "done": true
  },
  "minecraft:recipes/decorations/item_frame": {
    "criteria": {
      "has_leather": "2024-07-14 00:15:39 +0000"
    },
    "done": true
  },
  "handcrafted:recipes/misc/red_sheet": {
    "criteria": {
      "has_red_sheet": "2024-07-14 01:00:37 +0000"
    },
    "done": true
  },
  "doggytalents:recipes/decorations/wool_collar": {
    "criteria": {
      "has_string": "2024-07-14 00:47:42 +0000"
    },
    "done": true
  },
  "farmersdelight:recipes/cooking/pasta_with_meatballs": {
    "criteria": {
      "has_any_ingredient": "2024-07-14 00:15:39 +0000"
    },
    "done": true
  },
  "corail_woodcutter:recipes/from_bamboo_mosaic": {
    "criteria": {
      "has_ingredient": "2024-07-13 23:50:36 +0000"
    },
    "done": true
  },
  "doggytalents:recipes/misc/gender_bone": {
    "criteria": {
      "has_string": "2024-07-14 00:47:42 +0000"
    },
    "done": true
  },
  "regions_unexplored:recipes/redstone/mauve_door": {
    "criteria": {
      "has_mauve_planks": "2024-07-14 00:53:59 +0000"
    },
    "done": true
  },
  "domum_ornamentum:recipes/decorations/yellow_floating_carpet": {
    "criteria": {
      "has_string": "2024-07-14 00:47:42 +0000"
    },
    "done": true
  },
  "minecraft:recipes/building_blocks/chiseled_stone_bricks_from_stone_bricks_stonecutting": {
    "criteria": {
      "has_stone_bricks": "2024-07-14 00:45:00 +0000"
    },
    "done": true
  },
  "player_companions:recipes/tame_wheat_seed_from_wheat_seed": {
    "criteria": {
      "has_wheat": "2024-07-14 00:04:11 +0000"
    },
    "done": true
  },
  "regions_unexplored:recipes/decorations/oak_branch_from_oak_log": {
    "criteria": {
      "has_log": "2024-07-14 00:00:16 +0000"
    },
    "done": true
  },
  "regions_unexplored:recipes/building_blocks/blue_painted_planks": {
    "criteria": {
      "has_planks": "2024-07-14 00:00:54 +0000"
    },
    "done": true
  },
  "minecraft:recipes/redstone/oak_door": {
    "criteria": {
      "has_planks": "2024-07-14 00:00:54 +0000"
    },
    "done": true
  },
  "handcrafted:recipes/misc/goat_trophy": {
    "criteria": {
      "has_goat_trophy": "2024-07-14 00:00:54 +0000"
    },
    "done": true
  },
  "iceandfire:recipes/food/gold_pile": {
    "criteria": {
      "has_item": "2024-07-14 00:56:33 +0000"
    },
    "done": true
  },
  "regions_unexplored:recipes/misc/light_gray_dye_from_daisy": {
    "criteria": {
      "has_daisy": "2024-07-14 01:21:50 +0000"
    },
    "done": true
  },
  "minecolonies:recipes/misc/chainmailhelmet": {
    "criteria": {
      "has_iron": "2024-07-14 00:45:25 +0000"
    },
    "done": true
  },
  "minecraft:recipes/building_blocks/melon": {
    "criteria": {
      "has_melon": "2024-07-14 00:04:09 +0000"
    },
    "done": true
  },
  "domum_ornamentum:recipes/decorations/red_floating_carpet": {
    "criteria": {
      "has_string": "2024-07-14 00:47:42 +0000"
    },
    "done": true
  },
  "minecraft:recipes/combat/golden_sword": {
    "criteria": {
      "has_gold_ingot": "2024-07-14 01:04:05 +0000"
    },
    "done": true
  },
  "minecraft:recipes/tools/wooden_shovel": {
    "criteria": {
      "has_stick": "2024-07-14 00:00:16 +0000"
    },
    "done": true
  },
  "minecraft:recipes/building_blocks/cobblestone_slab": {
    "criteria": {
      "has_cobblestone": "2024-07-14 00:01:25 +0000"
    },
    "done": true
  },
  "packedup:recipes/misc/basic_from_chest": {
    "criteria": {
      "recipe_condition": "2024-07-14 00:49:58 +0000"
    },
    "done": true
  },
  "minecraft:recipes/misc/brick": {
    "criteria": {
      "has_clay_ball": "2024-07-14 01:24:50 +0000"
    },
    "done": true
  },
  "minecraft:recipes/building_blocks/gold_block": {
    "criteria": {
      "has_gold_ingot": "2024-07-14 01:04:05 +0000"
    },
    "done": true
  },
  "minecraft:recipes/decorations/armor_stand": {
    "criteria": {
      "has_stone_slab": "2024-07-14 00:47:32 +0000"
    },
    "done": true
  },
  "regions_unexplored:recipes/building_blocks/magnolia_slab": {
    "criteria": {
      "has_magnolia_planks": "2024-07-14 01:13:26 +0000"
    },
    "done": true
  },
  "paraglider:recipes/misc/paraglider": {
    "criteria": {
      "has_stick": "2024-07-14 00:00:16 +0000"
    },
    "done": true
  },
  "minecraft:recipes/transportation/acacia_boat": {
    "criteria": {
      "in_water": "2024-07-14 00:01:28 +0000"
    },
    "done": true
  },
  "minecraft:recipes/redstone/iron_trapdoor": {
    "criteria": {
      "has_iron_ingot": "2024-07-14 00:45:25 +0000"
    },
    "done": true
  },
  "minecraft:adventure/root": {
    "criteria": {
      "killed_something": "2024-07-14 00:02:12 +0000"
    },
    "done": true
  },
  "regions_unexplored:recipes/misc/overgrown_bone_block": {
    "criteria": {
      "has_bone_meal": "2024-07-14 00:58:10 +0000"
    },
    "done": true
  },
  "minecraft:recipes/redstone/redstone_block": {
    "criteria": {
      "has_redstone": "2024-07-14 01:04:06 +0000"
    },
    "done": true
  },
  "minecraft:recipes/decorations/red_stained_glass_pane_from_glass_pane": {
    "criteria": {
      "has_red_dye": "2024-07-14 00:13:47 +0000"
    },
    "done": true
  },
  "domum_ornamentum:recipes/decorations/brown_floating_carpet": {
    "criteria": {
      "has_string": "2024-07-14 00:47:42 +0000"
    },
    "done": true
  },
  "mca:recipes/building_blocks/headstones": {
    "criteria": {
      "has_ingredients": "2024-07-14 00:01:25 +0000"
    },
    "done": true
  },
  "minecraft:recipes/misc/iron_ingot_from_blasting_raw_iron": {
    "criteria": {
      "has_raw_iron": "2024-07-14 01:16:02 +0000"
    },
    "done": true
  },
  "minecraft:recipes/redstone/slime_block": {
    "criteria": {
      "has_slime_ball": "2024-07-14 00:02:20 +0000"
    },
    "done": true
  },
  "handcrafted:recipes/misc/stackable_book": {
    "criteria": {
      "has_stackable_book": "2024-07-14 00:40:38 +0000"
    },
    "done": true
  },
  "minecraft:recipes/combat/wooden_sword": {
    "criteria": {
      "has_stick": "2024-07-14 00:00:16 +0000"
    },
    "done": true
  },
  "minecraft:recipes/building_blocks/oak_planks": {
    "criteria": {
      "has_logs": "2024-07-14 00:00:16 +0000"
    },
    "done": true
  },
  "doggytalents:recipes/decorations/hot_dog": {
    "criteria": {
      "has_bread": "2024-07-14 00:04:20 +0000"
    },
    "done": true
  },
  "corail_woodcutter:recipes/from_mangrove_planks": {
    "criteria": {
      "has_ingredient": "2024-07-13 23:50:36 +0000"
    },
    "done": true
  },
  "mca:recipes/misc/bouquet": {
    "criteria": {
      "has_item": "2024-07-14 00:10:11 +0000"
    },
    "done": true
  },
  "minecraft:recipes/combat/crossbow": {
    "criteria": {
      "has_iron_ingot": "2024-07-14 00:45:25 +0000"
    },
    "done": true
  },
  "farmersdelight:recipes/food/shepherds_pie_block": {
    "criteria": {
      "has_cooked_mutton": "2024-07-14 00:08:39 +0000"
    },
    "done": true
  },
  "minecraft:recipes/food/cooked_porkchop_from_smoking": {
    "criteria": {
      "has_porkchop": "2024-07-14 00:11:39 +0000"
    },
    "done": true
  },
  "minecraft:recipes/decorations/barrel": {
    "criteria": {
      "has_planks": "2024-07-14 00:00:54 +0000"
    },
    "done": true
  },
  "minecraft:recipes/combat/leather_boots": {
    "criteria": {
      "has_leather": "2024-07-14 00:15:39 +0000"
    },
    "done": true
  },
  "minecraft:recipes/decorations/cobblestone_wall_from_cobblestone_stonecutting": {
    "criteria": {
      "has_cobblestone": "2024-07-14 00:01:25 +0000"
    },
    "done": true
  },
  "minecraft:recipes/decorations/grindstone": {
    "criteria": {
      "has_stone_slab": "2024-07-14 01:03:57 +0000"
    },
    "done": true
  },
  "modulargolems:golems/root": {
    "criteria": {
      "0": "2024-07-14 01:24:50 +0000"
    },
    "done": true
  },
  "doggytalents:recipes/decorations/cape_coloured": {
    "criteria": {
      "has_leather": "2024-07-14 00:15:39 +0000"
    },
    "done": true
  },
  "player_companions:crafting/root": {
    "criteria": {
      "crafting_table": "2024-07-14 00:00:59 +0000"
    },
    "done": true
  },
  "minecraft:recipes/decorations/white_bed": {
    "criteria": {
      "has_white_wool": "2024-07-14 00:06:59 +0000"
    },
    "done": true
  },
  "doggytalents:recipes/decorations/dog_plushie_toy_item": {
    "criteria": {
      "has_white_wool": "2024-07-14 00:06:59 +0000"
    },
    "done": true
  },
  "player_companions:recipes/tame_raw_mutton_from_raw_mutton": {
    "criteria": {
      "has_mutton": "2024-07-14 00:07:00 +0000"
    },
    "done": true
  },
  "modulargolems:recipes/combat/iron_golem_spear": {
    "criteria": {
      "has_iron_ingot": "2024-07-14 00:45:25 +0000"
    },
    "done": true
  },
  "regions_unexplored:recipes/building_blocks/orange_painted_planks": {
    "criteria": {
      "has_planks": "2024-07-14 00:00:54 +0000"
    },
    "done": true
  },
  "minecraft:recipes/building_blocks/cobblestone_stairs": {
    "criteria": {
      "has_cobblestone": "2024-07-14 00:01:25 +0000"
    },
    "done": true
  },
  "farmersdelight:recipes/food/pie_crust": {
    "criteria": {
      "has_wheat": "2024-07-14 00:04:11 +0000"
    },
    "done": true
  },
  "farmersdelight:recipes/combat/iron_knife": {
    "criteria": {
      "has_iron_ingot": "2024-07-14 00:45:25 +0000"
    },
    "done": true
  },
  "regions_unexplored:recipes/decorations/mauve_sign": {
    "criteria": {
      "has_mauve_planks": "2024-07-14 00:53:59 +0000"
    },
    "done": true
  },
  "minecraft:recipes/misc/magenta_dye_from_blue_red_white_dye": {
    "criteria": {
      "has_rose_red": "2024-07-14 00:13:47 +0000"
    },
    "done": true
  },
  "domum_ornamentum:recipes/decorations/black_floating_carpet": {
    "criteria": {
      "has_string": "2024-07-14 00:47:42 +0000"
    },
    "done": true
  },
  "born_in_chaos_v1:bornin_chaos": {
    "criteria": {
      "bornin_chaos_0": "2024-07-13 23:50:37 +0000"
    },
    "done": true
  },
  "regions_unexplored:recipes/misc/red_dye_from_waratah": {
    "criteria": {
      "has_waratah": "2024-07-14 00:13:41 +0000"
    },
    "done": true
  },
  "domum_ornamentum:recipes/decorations/light_gray_floating_carpet": {
    "criteria": {
      "has_string": "2024-07-14 00:47:42 +0000"
    },
    "done": true
  },
  "regions_unexplored:got_wood": {
    "criteria": {
      "magnolia_log": "2024-07-14 00:51:51 +0000",
      "mauve_log": "2024-07-14 00:51:34 +0000"
    },
    "done": false
  },
  "regions_unexplored:recipes/building_blocks/magnolia_wood": {
    "criteria": {
      "has_log": "2024-07-14 00:51:51 +0000"
    },
    "done": true
  },
  "minecraft:recipes/tools/stone_shovel": {
    "criteria": {
      "has_cobblestone": "2024-07-14 00:01:25 +0000"
    },
    "done": true
  },
  "handcrafted:recipes/misc/blaze_trophy": {
    "criteria": {
      "has_blaze_trophy": "2024-07-14 00:00:54 +0000"
    },
    "done": true
  },
  "player_companions:recipes/tame_bone_from_bone": {
    "criteria": {
      "has_bone": "2024-07-14 00:33:13 +0000"
    },
    "done": true
  },
  "handcrafted:recipes/misc/oak_counter": {
    "criteria": {
      "has_oak_counter": "2024-07-14 00:00:54 +0000"
    },
    "done": true
  },
  "minecraft:recipes/building_blocks/oak_wood": {
    "criteria": {
      "has_log": "2024-07-14 00:00:16 +0000"
    },
    "done": true
  },
  "regions_unexplored:parent": {
    "criteria": {
      "load_in_world": "2024-07-13 23:50:37 +0000"
    },
    "done": true
  },
  "minecraft:recipes/food/cooked_beef": {
    "criteria": {
      "has_beef": "2024-07-14 00:15:39 +0000"
    },
    "done": true
  },
  "littlelogistics:recipes/transportation/seater_barge": {
    "criteria": {
      "has_item": "2024-07-14 00:45:25 +0000"
    },
    "done": true
  },
  "minecraft:recipes/decorations/red_bed": {
    "criteria": {
      "has_red_wool": "2024-07-14 01:00:37 +0000"
    },
    "done": true
  },
  "minecraft:recipes/misc/iron_ingot_from_nuggets": {
    "criteria": {
      "has_iron_nugget": "2024-07-14 01:04:08 +0000"
    },
    "done": true
  },
  "regions_unexplored:recipes/building_blocks/gray_painted_planks": {
    "criteria": {
      "has_planks": "2024-07-14 00:00:54 +0000"
    },
    "done": true
  },
  "doggytalents:recipes/tools/throw_stick": {
    "criteria": {
      "has_slime_ball": "2024-07-14 00:02:20 +0000"
    },
    "done": true
  },
  "minecraft:recipes/transportation/jungle_boat": {
    "criteria": {
      "in_water": "2024-07-14 00:01:28 +0000"
    },
    "done": true
  },
  "minecraft:recipes/redstone/heavy_weighted_pressure_plate": {
    "criteria": {
      "has_iron_ingot": "2024-07-14 00:45:25 +0000"
    },
    "done": true
  },
  "regions_unexplored:recipes/transportation/blackwood_boat": {
    "criteria": {
      "in_water": "2024-07-14 00:01:28 +0000"
    },
    "done": true
  },
  "doggytalents:recipes/decorations/locator_orb_dyable": {
    "criteria": {
      "has_string": "2024-07-14 00:47:42 +0000"
    },
    "done": true
  },
  "handcrafted:recipes/misc/wolf_trophy": {
    "criteria": {
      "has_wolf_trophy": "2024-07-14 00:00:54 +0000"
    },
    "done": true
  },
  "regions_unexplored:recipes/building_blocks/red_painted_planks": {
    "criteria": {
      "has_planks": "2024-07-14 00:00:54 +0000"
    },
    "done": true
  },
  "minecraft:recipes/building_blocks/bone_block": {
    "criteria": {
      "has_bone_meal": "2024-07-14 00:58:10 +0000"
    },
    "done": true
  },
  "minecraft:recipes/redstone/lever": {
    "criteria": {
      "has_cobblestone": "2024-07-14 00:01:25 +0000"
    },
    "done": true
  },
  "farmersdelight:recipes/cooking/dog_food": {
    "criteria": {
      "has_any_ingredient": "2024-07-14 00:48:34 +0000"
    },
    "done": true
  },
  "regions_unexplored:recipes/decorations/mauve_branch_from_mauve_log": {
    "criteria": {
      "has_log": "2024-07-14 00:51:34 +0000"
    },
    "done": true
  },
  "farmersdelight:recipes/food/nether_salad": {
    "criteria": {
      "has_bowl": "2024-07-14 00:49:58 +0000"
    },
    "done": true
  },
  "minecraft:recipes/misc/melon_seeds": {
    "criteria": {
      "has_melon": "2024-07-14 00:04:09 +0000"
    },
    "done": true
  },
  "minecraft:recipes/combat/iron_leggings": {
    "criteria": {
      "has_iron_ingot": "2024-07-14 00:45:25 +0000"
    },
    "done": true
  },
  "domum_ornamentum:recipes/tools/blue_cobblestone_extra": {
    "criteria": {
      "has_material": "2024-07-14 00:01:25 +0000"
    },
    "done": true
  },
  "iceandfire:recipes/misc/dragon_meal": {
    "criteria": {
      "has_item": "2024-07-14 00:07:00 +0000"
    },
    "done": true
  },
  "minecraft:recipes/combat/leather_leggings": {
    "criteria": {
      "has_leather": "2024-07-14 00:15:39 +0000"
    },
    "done": true
  },
  "doggytalents:recipes/decorations/leather_jacket": {
    "criteria": {
      "has_leather": "2024-07-14 00:15:39 +0000"
    },
    "done": true
  },
  "doggytalents:recipes/decorations/frisbee": {
    "criteria": {
      "has_slime_ball": "2024-07-14 00:02:20 +0000"
    },
    "done": true
  },
  "littlelogistics:recipes/tools/tug_route": {
    "criteria": {
      "has_item": "2024-07-14 01:04:06 +0000"
    },
    "done": true
  },
  "minecraft:recipes/decorations/stone_brick_wall": {
    "criteria": {
      "has_stone_bricks": "2024-07-14 00:45:00 +0000"
    },
    "done": true
  },
  "minecraft:recipes/misc/iron_nugget_from_smelting": {
    "criteria": {
      "has_iron_sword": "2024-07-14 00:47:35 +0000"
    },
    "done": true
  },
  "mca:recipes/misc/family_tree": {
    "criteria": {
      "has_item": "2024-07-14 00:00:17 +0000"
    },
    "done": true
  },
  "regions_unexplored:recipes/transportation/pine_boat": {
    "criteria": {
      "in_water": "2024-07-14 00:01:28 +0000"
    },
    "done": true
  },
  "doggytalents:recipes/tools/shrinking_mallet": {
    "criteria": {
      "has_gold_ingot": "2024-07-14 01:04:05 +0000"
    },
    "done": true
  },
  "minecraft:recipes/building_blocks/bookshelf": {
    "criteria": {
      "has_book": "2024-07-14 00:40:38 +0000"
    },
    "done": true
  },
  "minecraft:story/iron_tools": {
    "criteria": {
      "iron_pickaxe": "2024-07-14 01:27:50 +0000"
    },
    "done": true
  },
  "minecraft:recipes/combat/iron_chestplate": {
    "criteria": {
      "has_iron_ingot": "2024-07-14 00:45:25 +0000"
    },
    "done": true
  },
  "minecraft:recipes/redstone/oak_trapdoor": {
    "criteria": {
      "has_planks": "2024-07-14 00:00:54 +0000"
    },
    "done": true
  },
  "regions_unexplored:recipes/transportation/eucalyptus_boat": {
    "criteria": {
      "in_water": "2024-07-14 00:01:28 +0000"
    },
    "done": true
  },
  "domum_ornamentum:recipes/decorations/lime_floating_carpet": {
    "criteria": {
      "has_string": "2024-07-14 00:47:42 +0000"
    },
    "done": true
  },
  "minecraft:recipes/combat/stone_sword": {
    "criteria": {
      "has_cobblestone": "2024-07-14 00:01:25 +0000"
    },
    "done": true
  },
  "minecraft:recipes/decorations/cobblestone_wall": {
    "criteria": {
      "has_cobblestone": "2024-07-14 00:01:25 +0000"
    },
    "done": true
  },
  "iceandfire:recipes/misc/silver_ingot_to_silver_nugget": {
    "criteria": {
      "has_silver_ingot": "2024-07-14 01:11:48 +0000"
    },
    "done": true
  },
  "minecraft:recipes/food/cooked_chicken": {
    "criteria": {
      "has_chicken": "2024-07-14 01:04:41 +0000"
    },
    "done": true
  },
  "doggytalents:recipes/food/energizer_stick": {
    "criteria": {
      "has_sugar": "2024-07-14 01:05:58 +0000"
    },
    "done": true
  },
  "minecraft:recipes/tools/stone_axe": {
    "criteria": {
      "has_cobblestone": "2024-07-14 00:01:25 +0000"
    },
    "done": true
  },
  "farmersdelight:recipes/food/wheat_dough_from_eggs": {
    "criteria": {
      "has_wheat": "2024-07-14 00:04:11 +0000"
    },
    "done": true
  },
  "regions_unexplored:recipes/decorations/oak_shrub": {
    "criteria": {
      "has_oak_sapling": "2024-07-14 00:00:17 +0000"
    },
    "done": true
  },
  "regions_unexplored:recipes/decorations/white_magnolia_shrub": {
    "criteria": {
      "has_white_magnolia_sapling": "2024-07-14 00:51:52 +0000"
    },
    "done": true
  },
  "packedup:recipes/misc/iron_from_basic": {
    "criteria": {
      "recipe_condition": "2024-07-14 01:13:49 +0000"
    },
    "done": true
  },
  "minecraft:recipes/misc/iron_nugget": {
    "criteria": {
      "has_iron_ingot": "2024-07-14 00:45:25 +0000"
    },
    "done": true
  },
  "minecraft:recipes/building_blocks/cracked_stone_bricks": {
    "criteria": {
      "has_stone_bricks": "2024-07-14 00:45:00 +0000"
    },
    "done": true
  },
  "immersive_armors:recipes/misc/slime": {
    "criteria": {
      "has_item": "2024-07-14 00:02:20 +0000"
    },
    "done": true
  },
  "farmersdelight:recipes/combat/flint_knife": {
    "criteria": {
      "has_stick": "2024-07-14 00:00:16 +0000"
    },
    "done": true
  },
  "modulargolems:recipes/combat/roman_guard_shinguard": {
    "criteria": {
      "has_iron_ingot": "2024-07-14 00:45:25 +0000"
    },
    "done": true
  },
  "minecraft:recipes/misc/bucket": {
    "criteria": {
      "has_iron_ingot": "2024-07-14 00:45:25 +0000"
    },
    "done": true
  },
  "minecraft:recipes/building_blocks/stone_brick_stairs_from_stone_bricks_stonecutting": {
    "criteria": {
      "has_stone_bricks": "2024-07-14 00:45:00 +0000"
    },
    "done": true
  },
  "iceandfire:recipes/misc/blindfold": {
    "criteria": {
      "has_item": "2024-07-14 00:15:39 +0000"
    },
    "done": true
  },
  "iceandfire:recipes/tools/silver_ingot_from_smelting_raw_silver": {
    "criteria": {
      "has_raw_silver": "2024-07-14 00:59:15 +0000"
    },
    "done": true
  },
  "domum_ornamentum:recipes/decorations/white_floating_carpet": {
    "criteria": {
      "has_string": "2024-07-14 00:47:42 +0000"
    },
    "done": true
  },
  "regions_unexplored:recipes/building_blocks/green_painted_planks": {
    "criteria": {
      "has_planks": "2024-07-14 00:00:54 +0000"
    },
    "done": true
  },
  "minecraft:recipes/combat/bow": {
    "criteria": {
      "has_string": "2024-07-14 00:47:42 +0000"
    },
    "done": true
  },
  "minecraft:recipes/transportation/minecart": {
    "criteria": {
      "has_iron_ingot": "2024-07-14 00:45:25 +0000"
    },
    "done": true
  },
  "regions_unexplored:recipes/building_blocks/magnolia_stairs": {
    "criteria": {
      "has_magnolia_planks": "2024-07-14 01:13:26 +0000"
    },
    "done": true
  },
  "corail_woodcutter:recipes/from_cherry_planks": {
    "criteria": {
      "has_ingredient": "2024-07-13 23:50:36 +0000"
    },
    "done": true
  },
  "iceandfire:recipes/building_blocks/dragonforge_lightning_brick": {
    "criteria": {
      "has_item": "2024-07-14 00:45:00 +0000"
    },
    "done": true
  },
  "minecraft:recipes/tools/iron_hoe": {
    "criteria": {
      "has_iron_ingot": "2024-07-14 00:45:25 +0000"
    },
    "done": true
  },
  "minecraft:recipes/misc/bowl": {
    "criteria": {
      "has_red_mushroom": "2024-07-14 00:49:58 +0000"
    },
    "done": true
  },
  "minecraft:recipes/tools/clock": {
    "criteria": {
      "has_redstone": "2024-07-14 01:04:06 +0000"
    },
    "done": true
  },
  "player_companions:recipes/tame_apple_from_apple": {
    "criteria": {
      "has_apple": "2024-07-14 00:00:20 +0000"
    },
    "done": true
  },
  "minecraft:recipes/misc/gold_ingot_from_nuggets": {
    "criteria": {
      "has_gold_nugget": "2024-07-14 00:56:33 +0000"
    },
    "done": true
  },
  "minecolonies:recipes/misc/shapetool": {
    "criteria": {
      "has_stick": "2024-07-14 00:00:16 +0000"
    },
    "done": true
  },
  "immersive_armors:recipes/misc/wooden": {
    "criteria": {
      "has_item": "2024-07-14 00:00:16 +0000"
    },
    "done": true
  },
  "modulargolems:recipes/combat/roman_guard_helmet": {
    "criteria": {
      "has_iron_ingot": "2024-07-14 00:45:25 +0000"
    },
    "done": true
  },
  "doggytalents:recipes/food/breeding_bone": {
    "criteria": {
      "has_cooked_porkchop": "2024-07-14 01:26:36 +0000"
    },
    "done": true
  },
  "farmersdelight:recipes/cooking/noodle_soup": {
    "criteria": {
      "has_any_ingredient": "2024-07-14 00:11:39 +0000"
    },
    "done": true
  },
  "minecraft:recipes/decorations/painting": {
    "criteria": {
      "has_wool": "2024-07-14 00:06:59 +0000"
    },
    "done": true
  },
  "minecraft:recipes/combat/arrow": {
    "criteria": {
      "has_feather": "2024-07-14 00:37:10 +0000"
    },
    "done": true
  },
  "minecraft:recipes/combat/golden_helmet": {
    "criteria": {
      "has_gold_ingot": "2024-07-14 01:04:05 +0000"
    },
    "done": true
  },
  "domum_ornamentum:recipes/building_blocks/blockbarreldeco_onside": {
    "criteria": {
      "has_stick": "2024-07-14 00:00:16 +0000"
    },
    "done": true
  },
  "regions_unexplored:recipes/building_blocks/white_painted_planks": {
    "criteria": {
      "has_planks": "2024-07-14 00:00:54 +0000"
    },
    "done": true
  },
  "doggytalents:recipes/food/uncooked_rice_bowl": {
    "criteria": {
      "has_dtn_rice_grains": "2024-07-14 01:01:39 +0000"
    },
    "done": true
  },
  "doggytalents:recipes/decorations/guard_suit": {
    "criteria": {
      "has_string": "2024-07-14 00:47:42 +0000"
    },
    "done": true
  },
  "player_companions:crafting/craft_lead": {
    "criteria": {
      "crafting_table": "2024-07-14 00:00:59 +0000"
    },
    "done": true
  },
  "minecraft:story/smelt_iron": {
    "criteria": {
      "iron": "2024-07-14 00:45:25 +0000"
    },
    "done": true
  },
  "regions_unexplored:recipes/building_blocks/mauve_planks": {
    "criteria": {
      "has_logs": "2024-07-14 00:51:34 +0000"
    },
    "done": true
  },
  "minecraft:recipes/tools/fishing_rod": {
    "criteria": {
      "has_string": "2024-07-14 00:47:42 +0000"
    },
    "done": true
  },
  "minecraft:recipes/decorations/smoker": {
    "criteria": {
      "has_furnace": "2024-07-14 01:11:08 +0000"
    },
    "done": true
  },
  "packedup:recipes/misc/copper_from_basic": {
    "criteria": {
      "recipe_condition": "2024-07-14 01:13:49 +0000"
    },
    "done": true
  },
  "modulargolems:recipes/misc/empty_upgrade": {
    "criteria": {
      "has_amethyst_shard": "2024-07-14 01:04:06 +0000"
    },
    "done": true
  },
  "minecraft:recipes/building_blocks/chiseled_stone_bricks": {
    "criteria": {
      "has_tag": "2024-07-14 00:45:00 +0000"
    },
    "done": true
  },
  "minecraft:recipes/misc/pumpkin_seeds": {
    "criteria": {
      "has_pumpkin": "2024-07-14 00:33:34 +0000"
    },
    "done": true
  },
  "regions_unexplored:recipes/redstone/raw_redstone_block": {
    "criteria": {
      "has_redstone": "2024-07-14 01:04:06 +0000"
    },
    "done": true
  },
  "regions_unexplored:recipes/redstone/magnolia_door": {
    "criteria": {
      "has_magnolia_planks": "2024-07-14 01:13:26 +0000"
    },
    "done": true
  },
  "minecraft:recipes/building_blocks/emerald_block": {
    "criteria": {
      "has_emerald": "2024-07-14 00:37:20 +0000"
    },
    "done": true
  },
  "minecraft:recipes/food/cooked_rabbit_from_smoking": {
    "criteria": {
      "has_rabbit": "2024-07-14 00:02:26 +0000"
    },
    "done": true
  },
  "regions_unexplored:recipes/transportation/palm_boat": {
    "criteria": {
      "in_water": "2024-07-14 00:01:28 +0000"
    },
    "done": true
  },
  "regions_unexplored:recipes/building_blocks/light_gray_painted_planks": {
    "criteria": {
      "has_planks": "2024-07-14 00:00:54 +0000"
    },
    "done": true
  },
  "doggytalents:recipes/tools/throw_bone": {
    "criteria": {
      "has_bone": "2024-07-14 00:33:13 +0000"
    },
    "done": true
  },
  "comforts:sleeping_bag_red": {
    "criteria": {
      "has_red_wool": "2024-07-14 01:00:37 +0000"
    },
    "done": true
  },
  "iceandfire:recipes/building_blocks/silver_ingot_to_silver_block": {
    "criteria": {
      "has_silver_ingot": "2024-07-14 01:11:48 +0000"
    },
    "done": true
  },
  "minecraft:recipes/building_blocks/oak_stairs": {
    "criteria": {
      "has_planks": "2024-07-14 00:00:54 +0000"
    },
    "done": true
  },
  "packedup:basic_backpack": {
    "criteria": {
      "has_backpack": "2024-07-14 01:13:49 +0000"
    },
    "done": true
  },
  "farmersdelight:recipes/food/wheat_dough_from_water": {
    "criteria": {
      "has_wheat": "2024-07-14 00:04:11 +0000"
    },
    "done": true
  },
  "handcrafted:recipes/misc/oak_bench": {
    "criteria": {
      "has_oak_bench": "2024-07-14 00:00:54 +0000"
    },
    "done": true
  },
  "minecraft:recipes/decorations/chain": {
    "criteria": {
      "has_iron_ingot": "2024-07-14 00:45:25 +0000"
    },
    "done": true
  },
  "minecraft:recipes/decorations/oak_fence": {
    "criteria": {
      "has_planks": "2024-07-14 00:00:54 +0000"
    },
    "done": true
  },
  "regions_unexplored:recipes/transportation/socotra_boat": {
    "criteria": {
      "in_water": "2024-07-14 00:01:28 +0000"
    },
    "done": true
  },
  "minecraft:recipes/food/cooked_porkchop_from_campfire_cooking": {
    "criteria": {
      "has_porkchop": "2024-07-14 00:11:39 +0000"
    },
    "done": true
  },
  "minecraft:recipes/building_blocks/chiseled_bookshelf": {
    "criteria": {
      "has_book": "2024-07-14 00:40:38 +0000"
    },
    "done": true
  },
  "farmersdelight:recipes/cooking/pumpkin_soup": {
    "criteria": {
      "has_any_ingredient": "2024-07-14 00:11:39 +0000"
    },
    "done": true
  },
  "dungeons_enhanced:root": {
    "criteria": {
      "entered_druid_circle": "2024-07-14 01:03:41 +0000"
    },
    "done": true
  },
  "regions_unexplored:recipes/building_blocks/light_blue_painted_planks": {
    "criteria": {
      "has_planks": "2024-07-14 00:00:54 +0000"
    },
    "done": true
  },
  "doggytalents:recipes/decorations/locator_orb_rei": {
    "criteria": {
      "has_string": "2024-07-14 00:47:42 +0000"
    },
    "done": true
  },
  "doggytalents:recipes/decorations/lab_coat": {
    "criteria": {
      "has_wool": "2024-07-14 00:06:59 +0000"
    },
    "done": true
  },
  "minecraft:recipes/misc/bone_meal": {
    "criteria": {
      "has_bone": "2024-07-14 00:33:13 +0000"
    },
    "done": true
  },
  "doggytalents:recipes/tools/magnifying_bone": {
    "criteria": {
      "has_gold_ingot": "2024-07-14 01:04:05 +0000"
    },
    "done": true
  },
  "modulargolems:recipes/combat/roman_guard_chestplate": {
    "criteria": {
      "has_iron_ingot": "2024-07-14 00:45:25 +0000"
    },
    "done": true
  },
  "iceandfire:recipes/misc/earplugs": {
    "criteria": {
      "has_item": "2024-07-14 00:00:54 +0000"
    },
    "done": true
  },
  "minecolonies:recipes/misc/blockconstructiontape": {
    "criteria": {
      "has_wool": "2024-07-14 00:06:59 +0000"
    },
    "done": true
  },
  "minecraft:recipes/decorations/smithing_table": {
    "criteria": {
      "has_iron_ingot": "2024-07-14 00:45:25 +0000"
    },
    "done": true
  },
  "minecraft:recipes/building_blocks/dye_red_carpet": {
    "criteria": {
      "has_needed_dye": "2024-07-14 00:13:47 +0000"
    },
    "done": true
  },
  "regions_unexplored:recipes/building_blocks/yellow_painted_planks": {
    "criteria": {
      "has_planks": "2024-07-14 00:00:54 +0000"
    },
    "done": true
  },
  "handcrafted:recipes/misc/white_cushion": {
    "criteria": {
      "has_white_cushion": "2024-07-14 00:06:59 +0000"
    },
    "done": true
  },
  "littlelogistics:recipes/tools/locomotive_route": {
    "criteria": {
      "has_item": "2024-07-14 01:04:06 +0000"
    },
    "done": true
  },
  "corail_woodcutter:recipes/from_oak_planks": {
    "criteria": {
      "has_ingredient": "2024-07-13 23:50:36 +0000"
    },
    "done": true
  },
  "mca:recipes/misc/needle_and_thread": {
    "criteria": {
      "has_item": "2024-07-14 00:45:25 +0000"
    },
    "done": true
  },
  "handcrafted:recipes/misc/fox_trophy": {
    "criteria": {
      "has_fox_trophy": "2024-07-14 00:00:54 +0000"
    },
    "done": true
  },
  "minecraft:recipes/transportation/spruce_boat": {
    "criteria": {
      "in_water": "2024-07-14 00:01:28 +0000"
    },
    "done": true
  },
  "doggytalents:recipes/decorations/wool_collar_thicc": {
    "criteria": {
      "has_string": "2024-07-14 00:47:42 +0000"
    },
    "done": true
  },
  "regions_unexplored:recipes/building_blocks/purple_painted_planks": {
    "criteria": {
      "has_planks": "2024-07-14 00:00:54 +0000"
    },
    "done": true
  },
  "iceandfire:recipes/misc/bestiary": {
    "criteria": {
      "has_item": "2024-07-14 00:56:33 +0000"
    },
    "done": true
  },
  "doggytalents:recipes/tools/canine_tracker": {
    "criteria": {
      "has_gold_ingot": "2024-07-14 01:04:05 +0000"
    },
    "done": true
  },
  "iceandfire:recipes/building_blocks/raw_silver_to_raw_silver_block": {
    "criteria": {
      "has_raw_silver": "2024-07-14 00:59:15 +0000"
    },
    "done": true
  },
  "minecraft:recipes/redstone/note_block": {
    "criteria": {
      "has_redstone": "2024-07-14 01:04:06 +0000"
    },
    "done": true
  },
  "minecolonies:recipes/misc/chainmailchestplate": {
    "criteria": {
      "has_iron": "2024-07-14 00:45:25 +0000"
    },
    "done": true
  },
  "minecraft:husbandry/root": {
    "criteria": {
      "consumed_item": "2024-07-14 00:06:20 +0000"
    },
    "done": true
  },
  "minecraft:recipes/transportation/birch_boat": {
    "criteria": {
      "in_water": "2024-07-14 00:01:28 +0000"
    },
    "done": true
  },
  "regions_unexplored:recipes/transportation/dead_boat": {
    "criteria": {
      "in_water": "2024-07-14 00:01:28 +0000"
    },
    "done": true
  },
  "minecraft:recipes/decorations/white_carpet": {
    "criteria": {
      "has_white_wool": "2024-07-14 00:06:59 +0000"
    },
    "done": true
  },
  "minecraft:recipes/transportation/oak_boat": {
    "criteria": {
      "in_water": "2024-07-14 00:01:28 +0000"
    },
    "done": true
  },
  "minecraft:recipes/misc/paper": {
    "criteria": {
      "has_reeds": "2024-07-14 00:29:45 +0000"
    },
    "done": true
  },
  "minecraft:recipes/decorations/stone_brick_wall_from_stone_bricks_stonecutting": {
    "criteria": {
      "has_stone_bricks": "2024-07-14 00:45:00 +0000"
    },
    "done": true
  },
  "handcrafted:recipes/misc/tropical_fish_trophy": {
    "criteria": {
      "has_tropical_fish_trophy": "2024-07-14 00:00:54 +0000"
    },
    "done": true
  },
  "paraglider:recipes/misc/cosmetic/deku_leaf": {
    "criteria": {
      "has_paragliders": "2024-07-14 00:37:26 +0000"
    },
    "done": true
  },
  "minecraft:recipes/tools/lead": {
    "criteria": {
      "has_slime_ball": "2024-07-14 00:02:20 +0000"
    },
    "done": true
  },
  "handcrafted:recipes/misc/oak_couch": {
    "criteria": {
      "has_oak_couch": "2024-07-14 00:00:54 +0000"
    },
    "done": true
  },
  "mca:recipes/misc/whistle": {
    "criteria": {
      "has_item": "2024-07-14 00:45:25 +0000"
    },
    "done": true
  },
  "minecraft:recipes/redstone/oak_button": {
    "criteria": {
      "has_planks": "2024-07-14 00:00:54 +0000"
    },
    "done": true
  },
  "iceandfire:recipes/tools/silver_ingot_from_blasting_raw_silver": {
    "criteria": {
      "has_raw_silver": "2024-07-14 00:59:15 +0000"
    },
    "done": true
  },
  "handcrafted:recipes/misc/spider_trophy": {
    "criteria": {
      "has_spider_trophy": "2024-07-14 00:00:54 +0000"
    },
    "done": true
  },
  "handcrafted:recipes/misc/oak_pillar_trim": {
    "criteria": {
      "has_oak_pillar_trim": "2024-07-14 00:00:54 +0000"
    },
    "done": true
  },
  "doggytalents:recipes/tools/treat_bag": {
    "criteria": {
      "has_leather": "2024-07-14 00:15:39 +0000"
    },
    "done": true
  },
  "minecraft:recipes/combat/iron_sword": {
    "criteria": {
      "has_iron_ingot": "2024-07-14 00:45:25 +0000"
    },
    "done": true
  },
  "minecraft:recipes/tools/iron_pickaxe": {
    "criteria": {
      "has_iron_ingot": "2024-07-14 00:45:25 +0000"
    },
    "done": true
  },
  "doggytalents:recipes/tools/empty_locator_orb": {
    "criteria": {
      "has_string": "2024-07-14 00:47:42 +0000"
    },
    "done": true
  },
  "domum_ornamentum:recipes/decorations/pink_floating_carpet": {
    "criteria": {
      "has_string": "2024-07-14 00:47:42 +0000"
    },
    "done": true
  },
  "minecraft:recipes/transportation/mangrove_boat": {
    "criteria": {
      "in_water": "2024-07-14 00:01:28 +0000"
    },
    "done": true
  },
  "minecraft:recipes/decorations/torch": {
    "criteria": {
      "has_stone_pickaxe": "2024-07-14 00:01:50 +0000"
    },
    "done": true
  },
  "handcrafted:recipes/misc/oak_chair": {
    "criteria": {
      "has_oak_chair": "2024-07-14 00:00:54 +0000"
    },
    "done": true
  },
  "minecraft:recipes/combat/shield": {
    "criteria": {
      "has_iron_ingot": "2024-07-14 00:45:25 +0000"
    },
    "done": true
  },
  "doggytalents:recipes/decorations/beastars_uniform_male": {
    "criteria": {
      "has_wool": "2024-07-14 00:06:59 +0000"
    },
    "done": true
  },
  "minecolonies:recipes/misc/chainmailboots": {
    "criteria": {
      "has_iron": "2024-07-14 00:45:25 +0000"
    },
    "done": true
  },
  "regions_unexplored:recipes/building_blocks/pink_painted_planks": {
    "criteria": {
      "has_planks": "2024-07-14 00:00:54 +0000"
    },
    "done": true
  },
  "minecraft:recipes/decorations/iron_bars": {
    "criteria": {
      "has_iron_ingot": "2024-07-14 00:45:25 +0000"
    },
    "done": true
  },
  "regions_unexplored:recipes/building_blocks/glowing_blue_bioshroom_block": {
    "criteria": {
      "has_blue_bioshroom_block": "2024-07-14 01:19:54 +0000"
    },
    "done": true
  },
  "minecraft:recipes/decorations/red_carpet": {
    "criteria": {
      "has_red_wool": "2024-07-14 01:00:37 +0000"
    },
    "done": true
  },
  "comforts:hammock_red": {
    "criteria": {
      "has_red_wool": "2024-07-14 01:00:37 +0000"
    },
    "done": true
  },
  "minecraft:recipes/brewing/glistering_melon_slice": {
    "criteria": {
      "has_melon": "2024-07-14 00:04:09 +0000"
    },
    "done": true
  },
  "totw_modded:root": {
    "criteria": {
      "sample_trigger": "2024-07-13 23:50:36 +0000"
    },
    "done": true
  },
  "handcrafted:recipes/misc/pufferfish_trophy": {
    "criteria": {
      "has_pufferfish_trophy": "2024-07-14 00:00:54 +0000"
    },
    "done": true
  },
  "domum_ornamentum:recipes/decorations/light_blue_floating_carpet": {
    "criteria": {
      "has_string": "2024-07-14 00:47:42 +0000"
    },
    "done": true
  },
  "doggytalents:recipes/decorations/tengu_mask": {
    "criteria": {
      "has_string": "2024-07-14 00:47:42 +0000"
    },
    "done": true
  },
  "regions_unexplored:recipes/decorations/mauve_fence": {
    "criteria": {
      "has_mauve_planks": "2024-07-14 00:53:59 +0000"
    },
    "done": true
  },
  "player_companions:grant_book_on_first_join": {
    "criteria": {
      "tick": "2024-07-13 23:50:37 +0000"
    },
    "done": true
  },
  "regions_unexplored:recipes/transportation/mauve_boat": {
    "criteria": {
      "in_water": "2024-07-14 00:01:28 +0000"
    },
    "done": true
  },
  "minecraft:recipes/redstone/sticky_piston": {
    "criteria": {
      "has_slime_ball": "2024-07-14 00:02:20 +0000"
    },
    "done": true
  },
  "regions_unexplored:recipes/redstone/magnolia_pressure_plate": {
    "criteria": {
      "has_magnolia_planks": "2024-07-14 01:13:26 +0000"
    },
    "done": true
  },
  "regions_unexplored:recipes/transportation/redwood_boat": {
    "criteria": {
      "in_water": "2024-07-14 00:01:28 +0000"
    },
    "done": true
  },
  "minecraft:recipes/misc/iron_ingot_from_smelting_raw_iron": {
    "criteria": {
      "has_raw_iron": "2024-07-14 01:16:02 +0000"
    },
    "done": true
  },
  "minecraft:recipes/misc/purple_dye": {
    "criteria": {
      "has_red_dye": "2024-07-14 00:13:47 +0000"
    },
    "done": true
  },
  "immersive_armors:recipes/misc/robe": {
    "criteria": {
      "has_item": "2024-07-14 00:06:59 +0000"
    },
    "done": true
  },
  "corail_woodcutter:recipes/from_warped_planks": {
    "criteria": {
      "has_ingredient": "2024-07-13 23:50:36 +0000"
    },
    "done": true
  },
  "farmersdelight:recipes/cooking/beef_stew": {
    "criteria": {
      "has_any_ingredient": "2024-07-14 00:15:39 +0000"
    },
    "done": true
  },
  "minecraft:recipes/food/cooked_mutton": {
    "criteria": {
      "has_mutton": "2024-07-14 00:07:00 +0000"
    },
    "done": true
  },
  "domum_ornamentum:recipes/tools/green_cobblestone_extra": {
    "criteria": {
      "has_material": "2024-07-14 00:01:25 +0000"
    },
    "done": true
  },
  "minecraft:recipes/building_blocks/stone_brick_slab_from_stone_bricks_stonecutting": {
    "criteria": {
      "has_stone_bricks": "2024-07-14 00:45:00 +0000"
    },
    "done": true
  },
  "regions_unexplored:recipes/decorations/mauve_shrub": {
    "criteria": {
      "has_mauve_sapling": "2024-07-14 00:51:34 +0000"
    },
    "done": true
  },
  "minecraft:recipes/tools/flint_and_steel": {
    "criteria": {
      "has_flint": "2024-07-14 00:50:47 +0000"
    },
    "done": true
  },
  "minecraft:recipes/misc/sugar_from_sugar_cane": {
    "criteria": {
      "has_sugar_cane": "2024-07-14 00:29:45 +0000"
    },
    "done": true
  },
  "regions_unexplored:regions_explored": {
    "criteria": {
      "silver_birch_forest": "2024-07-14 00:16:01 +0000",
      "willow_forest": "2024-07-14 00:30:07 +0000",
      "poppy_fields": "2024-07-14 00:15:49 +0000",
      "blackwood_taiga": "2024-07-14 01:19:20 +0000",
      "rocky_meadow": "2024-07-14 00:13:21 +0000",
      "flower_fields": "2024-07-14 00:13:43 +0000",
      "maple_forest": "2024-07-14 00:16:42 +0000",
      "magnolia_highlands": "2024-07-14 00:12:20 +0000",
      "boreal_forest": "2024-07-14 00:33:50 +0000",
      "temperate_grove": "2024-07-14 00:35:10 +0000",
      "cold_river": "2024-07-14 00:29:50 +0000",
      "golden_boreal_taiga": "2024-07-14 00:33:56 +0000",
      "lupine_plains": "2024-07-14 00:38:10 +0000"
    },
    "done": false
  },
  "minecraft:recipes/decorations/white_banner": {
    "criteria": {
      "has_white_wool": "2024-07-14 00:06:59 +0000"
    },
    "done": true
  },
  "doggytalents:recipes/decorations/locator_orb_jin": {
    "criteria": {
      "has_string": "2024-07-14 00:47:42 +0000"
    },
    "done": true
  },
  "minecraft:recipes/tools/wooden_pickaxe": {
    "criteria": {
      "has_stick": "2024-07-14 00:00:16 +0000"
    },
    "done": true
  },
  "handcrafted:recipes/misc/bench": {
    "criteria": {
      "has_bench": "2024-07-14 00:45:25 +0000"
    },
    "done": true
  },
  "farmersdelight:main/root": {
    "criteria": {
      "seeds": "2024-07-13 23:50:36 +0000"
    },
    "done": true
  },
  "farmersdelight:recipes/food/mixed_salad": {
    "criteria": {
      "has_bowl": "2024-07-14 00:49:58 +0000"
    },
    "done": true
  },
  "regions_unexplored:recipes/building_blocks/magenta_painted_planks": {
    "criteria": {
      "has_planks": "2024-07-14 00:00:54 +0000"
    },
    "done": true
  },
  "doggytalents:recipes/food/training_treat": {
    "criteria": {
      "has_dtn_rice_grains": "2024-07-14 01:01:39 +0000"
    },
    "done": true
  },
  "minecraft:recipes/decorations/red_candle": {
    "criteria": {
      "has_red_dye": "2024-07-14 00:13:47 +0000"
    },
    "done": true
  },
  "minecraft:story/upgrade_tools": {
    "criteria": {
      "stone_pickaxe": "2024-07-14 00:01:50 +0000"
    },
    "done": true
  },
  "farmersdelight:recipes/cooking/bone_broth": {
    "criteria": {
      "has_bone": "2024-07-14 00:33:13 +0000"
    },
    "done": true
  },
  "regions_unexplored:recipes/decorations/magnolia_sign": {
    "criteria": {
      "has_magnolia_planks": "2024-07-14 01:13:26 +0000"
    },
    "done": true
  },
  "corail_woodcutter:recipes/from_crimson_planks": {
    "criteria": {
      "has_ingredient": "2024-07-13 23:50:36 +0000"
    },
    "done": true
  },
  "minecraft:recipes/redstone/oak_pressure_plate": {
    "criteria": {
      "has_planks": "2024-07-14 00:00:54 +0000"
    },
    "done": true
  },
  "minecraft:recipes/redstone/dropper": {
    "criteria": {
      "has_redstone": "2024-07-14 01:04:06 +0000"
    },
    "done": true
  },
  "doggytalents:recipes/decorations/kitsune_mask": {
    "criteria": {
      "has_string": "2024-07-14 00:47:42 +0000"
    },
    "done": true
  },
  "regions_unexplored:recipes/transportation/baobab_boat": {
    "criteria": {
      "in_water": "2024-07-14 00:01:28 +0000"
    },
    "done": true
  },
  "touhou_little_maid:give_smart_slab": {
    "criteria": {
      "tick": "2024-07-13 23:50:36 +0000"
    },
    "done": true
  },
  "regions_unexplored:recipes/building_blocks/viridescent_nylium": {
    "criteria": {
      "has_mushroom": "2024-07-14 00:49:58 +0000"
    },
    "done": true
  },
  "minecraft:recipes/food/cooked_mutton_from_campfire_cooking": {
    "criteria": {
      "has_mutton": "2024-07-14 00:07:00 +0000"
    },
    "done": true
  },
  "farmersdelight:recipes/cooking/pasta_with_mutton_chop": {
    "criteria": {
      "has_any_ingredient": "2024-07-14 00:07:00 +0000"
    },
    "done": true
  },
  "handcrafted:recipes/misc/oak_cupboard": {
    "criteria": {
      "has_oak_cupboard": "2024-07-14 00:00:54 +0000"
    },
    "done": true
  },
  "regions_unexplored:pioneer": {
    "criteria": {
      "silver_birch_forest": "2024-07-14 00:16:01 +0000",
      "willow_forest": "2024-07-14 00:30:07 +0000",
      "poppy_fields": "2024-07-14 00:15:49 +0000",
      "blackwood_taiga": "2024-07-14 01:19:20 +0000",
      "rocky_meadow": "2024-07-14 00:13:21 +0000",
      "flower_fields": "2024-07-14 00:13:43 +0000",
      "maple_forest": "2024-07-14 00:16:42 +0000",
      "magnolia_highlands": "2024-07-14 00:12:20 +0000",
      "boreal_forest": "2024-07-14 00:33:50 +0000",
      "temperate_grove": "2024-07-14 00:35:10 +0000",
      "cold_river": "2024-07-14 00:29:50 +0000",
      "golden_boreal_taiga": "2024-07-14 00:33:56 +0000",
      "lupine_plains": "2024-07-14 00:38:10 +0000"
    },
    "done": false
  },
  "regions_unexplored:recipes/redstone/mauve_pressure_plate": {
    "criteria": {
      "has_mauve_planks": "2024-07-14 00:53:59 +0000"
    },
    "done": true
  },
  "regions_unexplored:recipes/building_blocks/mauve_slab": {
    "criteria": {
      "has_mauve_planks": "2024-07-14 00:53:59 +0000"
    },
    "done": true
  },
  "littlelogistics:recipes/redstone/vessel_charger": {
    "criteria": {
      "has_item": "2024-07-14 01:04:06 +0000"
    },
    "done": true
  },
  "regions_unexplored:recipes/redstone/mauve_trapdoor": {
    "criteria": {
      "has_mauve_planks": "2024-07-14 00:53:59 +0000"
    },
    "done": true
  },
  "minecraft:recipes/building_blocks/white_wool_from_string": {
    "criteria": {
      "has_string": "2024-07-14 00:47:42 +0000"
    },
    "done": true
  },
  "farmersdelight:recipes/building_blocks/organic_compost_from_rotten_flesh": {
    "criteria": {
      "has_rotten_flesh": "2024-07-14 00:48:34 +0000"
    },
    "done": true
  },
  "minecraft:recipes/misc/pink_dye_from_red_white_dye": {
    "criteria": {
      "has_red_dye": "2024-07-14 00:13:47 +0000"
    },
    "done": true
  },
  "comforts:hammock_white": {
    "criteria": {
      "has_white_wool": "2024-07-14 00:06:59 +0000"
    },
    "done": true
  },
  "doggytalents:recipes/decorations/locator_orb_chu": {
    "criteria": {
      "has_string": "2024-07-14 00:47:42 +0000"
    },
    "done": true
  },
  "doggytalents:recipes/decorations/locator_orb_chi": {
    "criteria": {
      "has_string": "2024-07-14 00:47:42 +0000"
    },
    "done": true
  },
  "domum_ornamentum:recipes/decorations/blue_floating_carpet": {
    "criteria": {
      "has_string": "2024-07-14 00:47:42 +0000"
    },
    "done": true
  },
  "minecraft:recipes/building_blocks/amethyst_block": {
    "criteria": {
      "has_amethyst_shard": "2024-07-14 01:04:06 +0000"
    },
    "done": true
  },
  "handcrafted:recipes/misc/oak_side_table": {
    "criteria": {
      "has_oak_side_table": "2024-07-14 00:00:54 +0000"
    },
    "done": true
  },
  "immersive_armors:recipes/misc/bone": {
    "criteria": {
      "has_item": "2024-07-14 00:33:13 +0000"
    },
    "done": true
  },
  "minecraft:recipes/tools/iron_axe": {
    "criteria": {
      "has_iron_ingot": "2024-07-14 00:45:25 +0000"
    },
    "done": true
  },
  "domum_ornamentum:recipes/building_blocks/blockbarreldeco_standing": {
    "criteria": {
      "has_stick": "2024-07-14 00:00:16 +0000"
    },
    "done": true
  },
  "minecraft:recipes/misc/iron_nugget_from_blasting": {
    "criteria": {
      "has_iron_sword": "2024-07-14 00:47:35 +0000"
    },
    "done": true
  },
  "farmersdelight:recipes/food/mutton_wrap": {
    "criteria": {
      "has_mutton": "2024-07-14 00:08:39 +0000"
    },
    "done": true
  },
  "minecraft:adventure/kill_a_mob": {
    "criteria": {
      "minecraft:slime": "2024-07-14 00:02:12 +0000"
    },
    "done": true
  },
  "doggytalents:recipes/tools/conducting_bone": {
    "criteria": {
      "has_bone": "2024-07-14 00:33:13 +0000"
    },
    "done": true
  },
  "doggytalents:recipes/decorations/locator_orb_tei": {
    "criteria": {
      "has_string": "2024-07-14 00:47:42 +0000"
    },
    "done": true
  },
  "minecraft:adventure/adventuring_time": {
    "criteria": {
      "minecraft:sunflower_plains": "2024-07-13 23:55:56 +0000",
      "minecraft:river": "2024-07-14 00:29:51 +0000",
      "minecraft:forest": "2024-07-14 00:11:04 +0000",
      "minecraft:old_growth_birch_forest": "2024-07-14 01:15:16 +0000",
      "minecraft:savanna": "2024-07-14 00:00:27 +0000",
      "minecraft:plains": "2024-07-13 23:50:37 +0000"
    },
    "done": false
  },
  "paraglider:recipes/misc/cosmetic/paraglider": {
    "criteria": {
      "has_paragliders": "2024-07-14 00:37:26 +0000"
    },
    "done": true
  },
  "minecraft:husbandry/plant_seed": {
    "criteria": {
      "wheat": "2024-07-14 01:23:08 +0000"
    },
    "done": true
  },
  "iceandfire:iceandfire/kill_ghost": {
    "criteria": {
      "killed_fire_dragon": "2024-07-14 00:56:44 +0000"
    },
    "done": true
  },
  "corail_woodcutter:recipes/from_birch_planks": {
    "criteria": {
      "has_ingredient": "2024-07-13 23:50:36 +0000"
    },
    "done": true
  },
  "regions_unexplored:recipes/decorations/magnolia_branch_from_magnolia_log": {
    "criteria": {
      "has_log": "2024-07-14 00:51:51 +0000"
    },
    "done": true
  },
  "minecraft:recipes/building_blocks/cobblestone_stairs_from_cobblestone_stonecutting": {
    "criteria": {
      "has_cobblestone": "2024-07-14 00:01:25 +0000"
    },
    "done": true
  },
  "minecraft:recipes/food/rabbit_stew_from_red_mushroom": {
    "criteria": {
      "has_cooked_rabbit": "2024-07-14 00:08:16 +0000"
    },
    "done": true
  },
  "minecraft:recipes/tools/golden_hoe": {
    "criteria": {
      "has_gold_ingot": "2024-07-14 01:04:05 +0000"
    },
    "done": true
  },
  "farmersdelight:recipes/decorations/cutting_board": {
    "criteria": {
      "has_stick": "2024-07-14 00:00:16 +0000"
    },
    "done": true
  },
  "minecraft:recipes/food/mushroom_stew": {
    "criteria": {
      "has_bowl": "2024-07-14 00:49:58 +0000"
    },
    "done": true
  },
  "minecraft:husbandry/balanced_diet": {
    "criteria": {
      "cooked_porkchop": "2024-07-14 01:27:59 +0000",
      "cooked_mutton": "2024-07-14 00:41:19 +0000",
      "bread": "2024-07-14 00:06:20 +0000",
      "cooked_rabbit": "2024-07-14 00:14:21 +0000"
    },
    "done": false
  },
  "domum_ornamentum:recipes/tools/red_brick_extra": {
    "criteria": {
      "has_dye": "2024-07-14 00:13:47 +0000"
    },
    "done": true
  },
  "doggytalents:recipes/decorations/locator_orb_ko": {
    "criteria": {
      "has_string": "2024-07-14 00:47:42 +0000"
    },
    "done": true
  },
  "minecraft:recipes/tools/stone_hoe": {
    "criteria": {
      "has_cobblestone": "2024-07-14 00:01:25 +0000"
    },
    "done": true
  },
  "doggytalents:recipes/food/sausage": {
    "criteria": {
      "has_cooked_porkchop": "2024-07-14 01:26:36 +0000"
    },
    "done": true
  },
  "corail_woodcutter:recipes/from_spruce_planks": {
    "criteria": {
      "has_ingredient": "2024-07-13 23:50:36 +0000"
    },
    "done": true
  },
  "regions_unexplored:recipes/transportation/willow_boat": {
    "criteria": {
      "in_water": "2024-07-14 00:01:28 +0000"
    },
    "done": true
  },
  "handcrafted:recipes/misc/skeleton_horse_trophy": {
    "criteria": {
      "has_skeleton_horse_trophy": "2024-07-14 00:00:54 +0000"
    },
    "done": true
  },
  "doggytalents:recipes/building_blocks/dog_bed_def": {
    "criteria": {
      "has_wool": "2024-07-14 00:06:59 +0000"
    },
    "done": true
  },
  "minecraft:recipes/decorations/loom": {
    "criteria": {
      "has_string": "2024-07-14 00:47:42 +0000"
    },
    "done": true
  },
  "regions_unexplored:recipes/redstone/mauve_fence_gate": {
    "criteria": {
      "has_mauve_planks": "2024-07-14 00:53:59 +0000"
    },
    "done": true
  },
  "regions_unexplored:recipes/redstone/redstone_bud": {
    "criteria": {
      "has_redstone": "2024-07-14 01:04:06 +0000"
    },
    "done": true
  },
  "doggytalents:recipes/decorations/locator_orb_gi": {
    "criteria": {
      "has_string": "2024-07-14 00:47:42 +0000"
    },
    "done": true
  },
  "minecraft:story/root": {
    "criteria": {
      "crafting_table": "2024-07-14 00:00:59 +0000"
    },
    "done": true
  },
  "doggytalents:recipes/building_blocks/dog_bath": {
    "criteria": {
      "has_iron_ingot": "2024-07-14 00:45:25 +0000"
    },
    "done": true
  },
  "domum_ornamentum:recipes/tools/purple_cobblestone_extra": {
    "criteria": {
      "has_material": "2024-07-14 00:01:25 +0000"
    },
    "done": true
  },
  "doggytalents:recipes/building_blocks/food_bowl": {
    "criteria": {
      "has_iron_ingot": "2024-07-14 00:45:25 +0000"
    },
    "done": true
  },
  "regions_unexplored:recipes/misc/magenta_dye_from_fireweed": {
    "criteria": {
      "has_fireweed": "2024-07-14 01:21:56 +0000"
    },
    "done": true
  },
  "minecraft:recipes/redstone/iron_door": {
    "criteria": {
      "has_iron_ingot": "2024-07-14 00:45:25 +0000"
    },
    "done": true
  },
  "handcrafted:recipes/misc/wither_skeleton_trophy": {
    "criteria": {
      "has_wither_skeleton_trophy": "2024-07-14 00:00:54 +0000"
    },
    "done": true
  },
  "domum_ornamentum:recipes/decorations/magenta_floating_carpet": {
    "criteria": {
      "has_string": "2024-07-14 00:47:42 +0000"
    },
    "done": true
  },
  "minecraft:recipes/misc/copper_ingot_from_smelting_raw_copper": {
    "criteria": {
      "has_raw_copper": "2024-07-14 01:16:20 +0000"
    },
    "done": true
  },
  "corail_woodcutter:recipes/from_bamboo_planks": {
    "criteria": {
      "has_ingredient": "2024-07-13 23:50:36 +0000"
    },
    "done": true
  },
  "regions_unexplored:recipes/transportation/joshua_boat": {
    "criteria": {
      "in_water": "2024-07-14 00:01:28 +0000"
    },
    "done": true
  },
  "doggytalents:recipes/decorations/beastars_uniform_female": {
    "criteria": {
      "has_wool": "2024-07-14 00:06:59 +0000"
    },
    "done": true
  },
  "minecraft:recipes/transportation/dark_oak_boat": {
    "criteria": {
      "in_water": "2024-07-14 00:01:28 +0000"
    },
    "done": true
  },
  "domum_ornamentum:recipes/decorations/purple_floating_carpet": {
    "criteria": {
      "has_string": "2024-07-14 00:47:42 +0000"
    },
    "done": true
  },
  "minecraft:recipes/combat/golden_leggings": {
    "criteria": {
      "has_gold_ingot": "2024-07-14 01:04:05 +0000"
    },
    "done": true
  },
  "minecraft:recipes/redstone/piston": {
    "criteria": {
      "has_redstone": "2024-07-14 01:04:06 +0000"
    },
    "done": true
  },
  "minecraft:recipes/food/cooked_beef_from_campfire_cooking": {
    "criteria": {
      "has_beef": "2024-07-14 00:15:39 +0000"
    },
    "done": true
  },
  "DataVersion": 3465
}